# Newtonian elliptical orbit
# eps = 0
# phi u u_prime x y
0 1 -0.5 1 0
0.03141592653589793 0.9842946204531495 -0.4997532799953992 1.015454661233015 0.03191194833886973
0.06283185307179587 0.9686047402163135 -0.4990133640834686 1.030375639298841 0.06482574049275321
0.09424777960769379 0.952945843305062 -0.4977809822476166 1.044720402106183 0.0987551537998449
0.1256637061435917 0.9373333831770088 -0.4960573505506722 1.058443792913673 0.1337125464789255
0.1570796326794897 0.921782767456097 -0.4938441700192976 1.071497944489594 0.1697086022468755
0.1884955592153876 0.9063093426775026 -0.4911436250924572 1.083832202178039 0.2067520500584772
0.2199114857512855 0.8909283792636069 -0.4879583807138253 1.095393058132672 0.2448493576743486
0.2513274122871835 0.875655056337563 -0.4842915804508232 1.1061241000306 0.2840043980388842
0.2827433388230814 0.8605044469155098 -0.4801468426375257 1.115965976839666 0.3242180874709907
0.3141592653589793 0.8454915027760067 -0.4755282578364425 1.124856386105058 0.3654879952789002
0.3455751918948773 0.830631039838412 -0.4704403841623644 1.132730085715628 0.4078079243356813
0.3769911184307752 0.8159377236138707 -0.4648882426322812 1.139518935060604 0.4511674629458447
0.4084070449666731 0.8014260546250818 -0.4588773125528419 1.145151970524991 0.4955515088919487
0.439822971502571 0.7871103541760716 -0.4524135258990976 1.149555519966665 0.5409397669666897
0.471238898038469 0.7730047500465556 -0.4455032618366171 1.152653362265504 0.5873062225195957
0.5026548245743669 0.7591231629045871 -0.4381533396811493 1.154366936573117 0.6346185937185875
0.5340707511102648 0.7454792920798136 -0.4303710131560596 1.154615609244569 0.6828377678073337
0.5654866776461628 0.7320866023641455 -0.4221639625593133 1.153317002080636 0.7319172257061362
0.5969026041820608 0.7189583110211669 -0.413540286792158 1.150387389082163 0.7818024623065832
0.6283185307179586 0.7061073738053781 -0.4045084968307114 1.145742169515898 0.8324304122824275
0.6597344572538566 0.6935464730806201 -0.3950775058835096 1.139296417824679 0.8837288883188223
0.6911503837897546 0.6812880050164533 -0.38525662109492 1.130965519871704 0.9356160464520373
0.7225663103256524 0.6693440672447587 -0.3750555344951896 1.120665897164316 0.9879998907674343
0.7539822368615503 0.6577264469957146 -0.3644843133260555 1.10831582149556 1.040777832570793
0.7853981633974483 0.6464466093669471 -0.3535533902045291 1.093836321423364 1.093836321423364
0.8168140899333461 0.6355156862549596 -0.3422735525665623 1.077152178512961 1.147050565686525
0.8482300164692441 0.6249444651427778 -0.3306559322671585 1.058193011074297 1.200284363601949
0.8796459430051421 0.6147433784595593 -0.318711994567015 1.036894437718002 1.253390064495794
0.91106186954104 0.604922493767367 -0.3064535264256809 1.013199310602393 1.30620868047859
0.9424777960769379 0.5954915026867742 -0.2938926257998553 0.9870590086348312 1.358570173923181
0.9738937226128359 0.5864597128456595 -0.2810416884975221 0.9584347663452476 1.410293931805385
1.005309649148734 0.5778360372446508 -0.2679133970495262 0.927299026786265 1.46118945700947
1.036725575684632 0.5696289864885198 -0.2545207074352876 0.8936367843363437 1.511057280125422
1.06814150222053 0.5618466598086826 -0.2408768366954466 0.8574468953250693 1.559690112498416
1.099557428756428 0.55449673786896 -0.2269952494367904 0.8187433193643692 1.60687423989667
1.130973355292326 0.5475864736649653 -0.2128896453753166 0.7775562619641715 1.652391167389624
1.162389281828223 0.5411226871929196 -0.1985739448433421 0.733933172706157 1.696019493185259
1.193805208364122 0.5351117570590725 -0.1840622758781657 0.6879395711801554 1.737537016563085
1.225221134900019 0.5295596155660142 -0.1693689596399774 0.6396596535844884 1.776723037969153
1.256637061435917 0.5244717418951151 -0.1545084967019388 0.5891966519651792 1.813360835912009
1.288052987971815 0.5198531570399602 -0.1394955525784547 0.5366729089956912 1.847240269049914
1.319468914507713 0.5157084194702983 -0.1243449430919328 0.4822296432939617 1.878160457654533
1.350884841043611 0.512041619060889 -0.1090716202044366 0.426026387848372 1.905932497691554
1.382300767579509 0.5088563747125495 -0.09369065678530929 0.368240084820742 1.930382126555019
1.413716694115407 0.506155829825965 -0.07821723200148409 0.3090638412561975 1.951352295862603
1.445132620651305 0.5039426494782725 -0.06266661625939299 0.2487053510832248 1.968705570646989
1.476548547187203 0.5022190178550103 -0.04705415613183051 0.1873850052920202 1.982326294323041
1.507964473723101 0.500986635888356 -0.03139525923815258 0.1253337215631961 1.992122457834744
1.539380400258999 0.5002467199861368 -0.01570537900580053 0.06279053479650776 1.998027214238268
1.570796326794897 0.5000000001682574 5.363490390040352e-10 1.224646798735241e-16 1.99999999932697
1.602212253330795 0.5002467199025971 0.01570538008164978 -0.06279053480699336 1.998027214571932
1.633628179866692 0.5009866359662835 0.03139526030806427 -0.1253337215437 1.992122457524873
1.66504410640259 0.5022190178313879 0.04705415721154314 -0.1873850053008343 1.982326294416282
1.696460032938488 0.5039426495211247 0.06266661733520383 -0.2487053510620762 1.968705570479582
1.727875959474386 0.5061558298854479 0.0782172330781319 -0.3090638412198763 1.951352295633282
1.759291886010284 0.5088563749012842 0.09369065784134681 -0.368240084684162 1.93038212583904
1.790707812546182 0.512041619323623 0.1090716212448724 -0.4260263876297731 1.9059324967136
1.82212373908208 0.5157084197394413 0.124344944130313 -0.4822296430422908 1.87816045667434
1.853539665617978 0.5198531575382734 0.1394955535507299 -0.5366729084812553 1.847240267279213
1.884955592153876 0.5244717421494223 0.154508497747211 -0.5891966516794879 1.813360835032743
1.916371518689774 0.5295596158461019 0.1693689606792331 -0.6396596532461678 1.776723037029432
1.947787445225672 0.5351117574568406 0.1840622768743886 -0.6879395706687851 1.737537015271511
1.97920337176157 0.5411226874872395 0.1985739458848035 -0.7339331723069661 1.696019492262784
2.010619298297468 0.5475864742498939 0.2128896462855955 -0.7775562611335907 1.652391165624549
2.042035224833366 0.5544967383982904 0.2269952503709939 -0.8187433185827852 1.606874238362725
2.073451151369263 0.5618466604834095 0.2408768375486223 -0.8574468942953528 1.55969011062537
2.104867077905161 0.5696289870092937 0.2545207083735432 -0.8936367835193509 1.511057278743963
2.136283004441059 0.5778360377377906 0.2679133980070383 -0.9272990259948845 1.461189455762454
2.167698930976957 0.5864597134234928 0.2810416894017818 -0.9584347654009107 1.410293930415835
2.199114857512855 0.5954915034178009 0.2938926265946464 -0.9870590074231149 1.358570172255398
2.230530784048753 0.6049224943138461 0.306453527359351 -1.013199309687081 1.306208679298578
2.261946710584651 0.614743379242659 0.3187119953113461 -1.036894436397139 1.253390062899145
2.293362637120549 0.6249444658606697 0.3306559330642826 -1.05819300985872 1.200284362223147
2.324778563656447 0.6355156869600949 0.3422735533758997 -1.077152177317808 1.147050564413818
2.356194490192345 0.6464466100965295 0.3535533909919424 -1.093836320188855 1.093836320188855
2.387610416728243 0.6577264477729318 0.3644843140653919 -1.108315820185894 1.040777831340935
2.419026343264141 0.669344068079147 0.3750555351708065 -1.12066589576732 0.9879998895358173
2.450442269800039 0.6812880058100652 0.3852566218184403 -1.130965518554276 0.9356160453621665
2.481858196335937 0.6935464739429876 0.395077506521894 -1.139296416408058 0.8837288872199787
2.513274122871834 0.7061073746748229 0.4045084974589603 -1.145742168105122 0.8324304112574388
2.544690049407732 0.7189583119077452 0.4135402873959799 -1.150387387663571 0.7818024613425095
2.57610597594363 0.7320866032552982 0.4221639631569712 -1.153317000676729 0.7319172248151896
2.607521902479528 0.7454792930001365 0.4303710137071065 -1.154615607819151 0.6828377669643444
2.638937829015426 0.7591231638441879 0.4381533401986019 -1.154366935144306 0.6346185929330915
2.670353755551324 0.7730047509675825 0.4455032623917369 -1.15265336089213 0.5873062218198266
2.701769682087222 0.787110355137319 0.4524135263756272 -1.149555518562786 0.5409397663060748
2.73318560862312 0.8014260555722853 0.4588773130648852 -1.145151969171538 0.4955515083062576
2.764601535159018 0.8159377246163642 0.4648882430141122 -1.139518933660546 0.4511674623915222
2.796017461694916 0.8306310408172854 0.4704403846100713 -1.13273008438074 0.4078079238550924
2.827433388230814 0.8454915037951279 0.4755282581711122 -1.124856384749202 0.3654879948383559
2.858849314766712 0.8605044479167558 0.4801468430359687 -1.115965975541175 0.3242180870937443
2.89026524130261 0.8756550573990307 0.4842915806298805 -1.106124098689758 0.2840043976946144
2.921681167838508 0.8909283802618669 0.487958381165038 -1.095393056905315 0.244849357400002
2.953097094374406 0.9063093437373632 0.4911436252609248 -1.083832200910579 0.2067520498166962
2.984513020910303 0.9217827684748615 0.4938441704439344 -1.071497943305363 0.1697086020593118
3.015928947446201 0.9373333842590486 0.4960573505437956 -1.058443791691825 0.1337125463245706
3.047344873982099 0.9529458443971963 0.4977809820920538 -1.044720400908869 0.0987551536866655
3.078760800517997 0.9686047412989127 0.4990133639590418 -1.030375638147201 0.06482574042029839
3.110176727053895 0.9842946215292998 0.4997532799008717 -1.015454660122796 0.03191194830397966
3.141592653589793 1.000000001072627 0.499999999724338 -0.9999999989273729 1.224646797833764e-16
3.173008580125691 1.015705380620998 0.499753280023746 -0.9840516545798323 -0.0309250690972254
3.204424506661589 1.031395260848664 0.4990133639208819 -0.9676471924129881 -0.06087920112959151
3.235840433197487 1.047054157742364 0.4977809819190364 -0.9508218435899148 -0.08987912671244142
3.267256359733385 1.062666617860564 0.4960573501904031 -0.9336086074783014 -0.11794219509467
3.298672286269283 1.078217233598536 0.4938441698020649 -0.9160383546261271 -0.1450862221132681
3.330088212805181 1.093690658370455 0.4911436248386232 -0.8981399294314614 -0.171329354558915
3.361504139341079 1.109071621782879 0.4879583804514119 -0.879940251622272 -0.1966899496047588
3.392920065876976 1.124344944662548 0.4842915800018988 -0.8614644159932024 -0.2211864680367238
3.424335992412875 1.139495554092451 0.4801468422273166 -0.842735789734403 -0.2448373800470254
3.455751918948772 1.154508498241821 0.475528257458964 -0.8237761070996875 -0.2676610824827564
3.487167845484671 1.169368961247457 0.4704403839689988 -0.8046055608920171 -0.289675826425163
3.518583772020568 1.184062277463414 0.464888242392453 -0.7852428910074623 -0.3108996542591506
3.549999698556466 1.198573946349561 0.4588773120532013 -0.7657054689693048 -0.3313503450032053
3.581415625092364 1.212889646898338 0.4524135256079439 -0.746009379154887 -0.3510453672796174
3.612831551628262 1.226995250945863 0.4455032613623469 -0.7261694969899115 -0.3700018393629278
3.64424747816416 1.240876838019163 0.438153339071424 -0.7061995624341979 -0.3882364948246986
3.675663404700058 1.254520708993012 0.4303710127952094 -0.6861122505461473 -0.4057656538479724
3.707079331235956 1.267913398483677 0.4221639618214281 -0.6659192390519444 -0.4226051997082788
3.738495257771854 1.281041689866057 0.4135402861130095 -0.6456312708769374 -0.4387705585997754
3.769911184307752 1.293892627073074 0.4045084961341975 -0.6252582149764867 -0.4542766841651359
3.80132711084365 1.306453527777409 0.3950775051544204 -0.6048091230002904 -0.4691380448072107
3.832743037379548 1.318711995897453 0.3852566204271968 -0.5842922830556448 -0.4833686140201438
3.864158963915445 1.330655933664841 0.3750555338106807 -0.563715270531679 -0.496981863299773
3.895574890451344 1.342273553878327 0.3644843125909799 -0.5430849958379576 -0.5099907570634749
3.926990816987241 1.353553391481312 0.3535533894322312 -0.5224077495847421 -0.5224077495847419
3.95840674352314 1.364484314681212 0.3422735518658287 -0.5016892452066194 -0.5342447835992328
3.989822670059037 1.37505553557999 0.3306559313611122 -0.4809346591552134 -0.5455132903516272
4.021238596594936 1.385256622093427 0.3187119935141298 -0.4601486681835181 -0.5562241901514065
4.052654523130833 1.395077506817317 0.3064535253984285 -0.4393354854177544 -0.5663878949480904
4.084070449666731 1.404508497791805 0.2938926246932864 -0.4184988935393416 -0.57601431080474
4.115486376202629 1.413540287701578 0.2810416874388545 -0.3976422764476566 -0.5851128414736575
4.146902302738527 1.422163963350195 0.267913396017617 -0.3767686488952713 -0.593692392200003
4.178318229274425 1.430371014078832 0.2545207063801871 -0.3558806846195755 -0.6017613741692515
4.209734155810323 1.438153340455575 0.2408768354666557 -0.3349807426995974 -0.609327708939764
4.241150082346221 1.445503262476212 0.226995248253111 -0.3140708924875347 -0.616398833069414
4.272566008882118 1.452413526657634 0.2128896441801423 -0.2931529373352074 -0.62298170311609
4.303981935418016 1.4588773131388 0.1985739436506763 -0.2722284369343645 -0.6290828004648422
4.335397861953915 1.464888243521865 0.1840622747809957 -0.2512987282904514 -0.6347081355864355
4.366813788489813 1.470440384975698 0.1693689585152218 -0.2303649462476439 -0.6398632535992106
4.39822971502571 1.475528258291084 0.1545084954484881 -0.2094280422205146 -0.6445532377649212
4.429645641561608 1.480146843069662 0.1394955513006782 -0.1884888025438291 -0.6487827138052055
4.461061568097506 1.484291580698148 0.124344941828428 -0.1675478662001722 -0.6525558547418632
4.492477494633405 1.487958380964773 0.109071618904889 -0.1466057412540673 -0.6558763836566288
4.523893421169302 1.491143625492352 0.0936906555192015 -0.1256628210604825 -0.6587475773196246
4.5553093477052 1.49384417046155 0.0782172307405767 -0.1047193998768277 -0.6611722695881815
4.586725274241099 1.496057350696033 0.06266661497239485 -0.08377568781436963 -0.6631528536341885
4.618141200776996 1.497780982391985 0.04705415484227275 -0.06283182549709107 -0.6646912841777094
4.649557127312893 1.499013364143873 0.03139525792207655 -0.04188789842122286 -0.6657890798713938
4.680973053848792 1.499753279855462 0.01570537767623117 -0.02094395091515019 -0.6664473242305954
4.71238898038469 1.49999999963851 -1.868723807800157e-09 -1.224646799442485e-16 -0.666666666827329
4.743804906920587 1.499753280054213 -0.01570538142178168 0.0209439509123744 -0.666447324142276
4.775220833456486 1.499013363826471 -0.03139526164696257 0.04188789843009198 -0.6657890800123684
4.806636759992383 1.497780981733663 -0.04705415853416237 0.0628318255247068 -0.6646912844698623
4.838052686528282 1.496057350011123 -0.06266661865303394 0.08377568785272328 -0.6631528539377863
4.869468613064179 1.493844169599803 -0.07821723438814022 0.1047193999372364 -0.6611722699695891
4.900884539600077 1.491143624743311 -0.09369065918117855 0.125662821123606 -0.658747577650531
4.932300466135976 1.487958380251534 -0.1090716225751489 0.1466057413243417 -0.6558763839710168
4.963716392671873 1.484291579927141 -0.1243449454891641 0.1675478662872038 -0.6525558550808299
4.99513231920777 1.480146842069992 -0.1394955549022519 0.1884888026711309 -0.6487827142433841
5.026548245743669 1.475528257385242 -0.1545084990839596 0.2094280423490844 -0.6445532381606193
5.057964172279567 1.470440383454331 -0.1693689619398037 0.2303649464859869 -0.6398632542612345
5.089380098815464 1.464888241843854 -0.1840622781363708 0.2512987285783108 -0.6347081363134859
5.120796025351363 1.458877311953875 -0.1985739472103108 0.272228437155473 -0.6290828009757941
5.152211951887261 1.452413525172935 -0.2128896476120833 0.2931529376348766 -0.6229817037529199
5.183627878423159 1.445503260916588 -0.2269952516530932 0.3140708928264008 -0.6163988337344767
5.215043804959056 1.438153338972549 -0.2408768389163765 0.3349807430450296 -0.6093277095681034
5.246459731494954 1.430371012076186 -0.2545207095379603 0.3558806851178397 -0.601761375011771
5.277875658030853 1.422163961274682 -0.2679133991270085 0.3767686494451289 -0.5936923930664407
5.309291584566751 1.413540285861325 -0.2810416907070923 0.397642276965337 -0.5851128422354015
5.340707511102648 1.404508495670717 -0.2938926277719843 0.4184988941713582 -0.5760143116746367
5.372123437638546 1.395077504646253 -0.306453528444417 0.4393354861014619 -0.5663878958295213
5.403539364174444 1.385256619816505 -0.3187119964811345 0.4601486689398561 -0.5562241910656623
5.434955290710342 1.375055533069691 -0.3306559341305439 0.480934660033207 -0.5455132913475155
5.46637121724624 1.364484311879901 -0.3422735543623004 0.5016892462365966 -0.5342447846960471
5.497787143782138 1.353553388740917 -0.3535533919774261 0.5224077506424052 -0.5224077506424054
5.529203070318037 1.342273551054337 -0.3644843150435155 0.5430849969805465 -0.5099907581364367
5.560618996853933 1.330655930675288 -0.375055536071303 0.5637152717981641 -0.4969818644163306
5.592034923389831 1.318711992833391 -0.3852566225867777 0.5842922844132633 -0.4833686151432642
5.62345084992573 1.306453524768444 -0.3950775073732244 0.6048091243932595 -0.4691380458877081
5.654866776461628 1.293892624085594 -0.4045084983808426 0.625258216420151 -0.4542766852140197
5.686282702997525 1.281041686834056 -0.4135402883008705 0.6456312724050332 -0.4387705596382691
5.717698629533424 1.267913395312986 -0.4221639638003598 0.6659192407172193 -0.4226052007650938
5.749114556069321 1.254520705607558 -0.4303710144129072 0.6861122523976918 -0.4057656549429735
5.78053048260522 1.240876834858165 -0.4381533410796669 0.706199564233164 -0.3882364958136889
5.811946409141117 1.226995247525742 -0.4455032628824979 0.7261694990140333 -0.3700018403942697
5.843362335677015 1.212889643400323 -0.4524135269522784 0.7460093813064036 -0.3510453682920446
5.874778262212914 1.198573942927948 -0.4588773135571529 0.7657054711551927 -0.3313503459491233
5.906194188748811 1.184062273912098 -0.4648882435756163 0.7852428933626134 -0.3108996551916208
5.937610115284708 1.169368957662782 -0.4704403850457202 0.8046055633585177 -0.2896758273131586
5.969026041820607 1.154508494701073 -0.4755282586564379 0.8237761096261164 -0.2676610833036432
6.000441968356505 1.139495550491718 -0.4801468432299764 0.8427357923973942 -0.2448373808206961
6.031857894892402 1.124344941093751 -0.4842915811310723 0.8614644187275865 -0.221186468738795
6.063273821428301 1.10907161818118 -0.4879583814715438 0.8799402544798686 -0.1966899502435073
6.094689747964199 1.093690654699035 -0.4911436255383522 0.8981399324464349 -0.1713293551340518
6.126105674500097 1.078217229937476 -0.4938441705788046 0.916038357736513 -0.1450862226059052
6.157521601035994 1.062666614171404 -0.4960573508081758 0.9336086107194235 -0.1179421955041197
6.188937527571892 1.047054154016237 -0.4977809822156413 0.9508218469735825 -0.08987912703229253
6.220353454107791 1.031395257132183 -0.4990133643723983 0.9676471958997627 -0.0608792013489607
6.251769380643688 1.015705376880436 -0.4997532799850239 0.9840516582038229 -0.03092506921111425
6.283185307179586 0.9999999973351257 -0.4999999996731609 1.000000002664874 -2.449293604821766e-16
6.314601233715484 0.9842946177936537 -0.4997532797830897 1.015454663976703 0.03191194842509317
6.346017160251382 0.9686047375671504 -0.4990133637503436 1.030375642116949 0.06482574067005292
6.37743308678728 0.9529458406717515 -0.4977809817882229 1.044720404993097 0.0987551540727388
6.408849013323178 0.9373333805414906 -0.4960573501507629 1.058443795889719 0.1337125468548875
6.440264939859076 0.9217827647949377 -0.4938441697862214 1.071497947582977 0.1697086027368189
6.471680866394975 0.9063093400682811 -0.4911436245489395 1.08383220529834 0.2067520506537071
6.503096792930871 0.8909283766167241 -0.4879583803392227 1.095393061387004 0.2448493584017774
6.534512719466769 0.8756550537753359 -0.4842915797144517 1.106124103267195 0.2840043988698998
6.565928646002668 0.8605044443287697 -0.4801468419893763 1.115965980194342 0.3242180884456143
6.597344572538566 0.8454915002380283 -0.4755282570239054 1.124856389481628 0.3654879963760141
6.628760499074463 0.8306310372882928 -0.4704403833785955 1.132730089193221 0.4078079255876913
6.660176425610362 0.8159377211359009 -0.4648882416519272 1.139518938521277 0.4511674643160224
6.691592352146259 0.8014260521076281 -0.4588773116603429 1.145151974122163 0.495551510448583
6.723008278682157 0.7871103517325461 -0.4524135248330827 1.149555523535374 0.5409397686459967
6.754424205218055 0.7730047475987432 -0.4455032607708649 1.15265336591552 0.5873062243793712
6.785840131753953 0.7591231605462706 -0.4381533384393526 1.154366940159311 0.6346185956901137
6.817256058289852 0.7454792897463005 -0.4303710118667816 1.154615612858767 0.6828377699447655
6.848671984825749 0.7320866001481637 -0.422163961077793 1.153317005571657 0.7319172279216053
6.880087911361646 0.7189583087477873 -0.4135402853963087 1.150387392719742 0.7818024647786779
6.911503837897545 0.7061073715890617 -0.4045084953474902 1.145742173112132 0.8324304148952441
6.942919764433443 0.6935464708747098 -0.3950775043794534 1.139296421448352 0.8837288911296309
6.974335690969341 0.6812880030259222 -0.3852566193203951 1.130965523176066 0.9356160491856435
7.005751617505239 0.6693440651420164 -0.3750555328506278 1.120665900684884 0.9879998938712331
7.037167544041137 0.6577264450003918 -0.3644843115579909 1.108315824857821 1.040777835728166
7.068583470577035 0.6464466074631303 -0.3535533883396847 1.093836324644765 1.093836324644764
7.099999397112932 0.6355156843987909 -0.3422735506539824 1.07715218165903 1.147050569036748
7.13141532364883 0.6249444632904008 -0.3306559303476428 1.058193014210852 1.200284367159671
7.162831250184729 0.6147433767988759 -0.3187119924823066 1.036894440519095 1.253390067881734
7.194247176720626 0.6049224921538191 -0.3064535243047163 1.013199313304963 1.306208683962722
7.225663103256524 0.5954915011202622 -0.2938926236440537 0.9870590112314088 1.358570177497063
7.257079029792422 0.5864597112664595 -0.2810416863487533 0.9584347689260909 1.410293935602978
7.28849495632832 0.5778360357719676 -0.2679133948279488 0.9272990291495967 1.461189460733483
7.319910882864218 0.5696289850370141 -0.2545207051977225 0.8936367866134729 1.511057283975838
7.351326809400116 0.5618466586619193 -0.2408768342848915 0.8574468970751709 1.559690115681839
7.382742735936014 0.5544967365174471 -0.2269952471345922 0.8187433213599488 1.606874243813214
7.414158662471912 0.547586472555846 -0.2128896429520842 0.7775562635390867 1.652391170736491
7.445574589007809 0.5411226860772571 -0.1985739424224797 0.7339331742193482 1.696019496682036
7.476990515543707 0.5351117559391364 -0.1840622734554704 0.6879395726199468 1.737537020199579
7.508406442079606 0.5295596145657837 -0.1693689571678014 0.6396596547926756 1.776723041325022
7.539822368615503 0.5244717410902031 -0.1545084941614961 0.5891966528694258 1.813360838694992
7.571238295151401 0.5198531564386746 -0.1394955499781173 0.5366729096164321 1.847240271186515
7.6026542216873 0.5157084186592259 -0.1243449405489036 0.4822296440523806 1.87816046060838
7.634070148223197 0.5120416183770685 -0.1090716176266871 0.4260263884173224 1.905932500236885
7.665486074759095 0.5088563742508574 -0.09369065416049056 0.3682400851548516 1.930382128306479
7.696902001294993 0.5061558293928813 -0.07821722937202351 0.3090638415206432 1.951352297532245
7.728317927830891 0.503942649134512 -0.06266661361680671 0.2487053512528781 1.968705571989925
7.75973385436679 0.5022190175740483 -0.04705415348167754 0.1873850053968507 1.982326295432036
7.791149780902687 0.5009866356164512 -0.03139525658516328 0.1253337216312192 1.992122458915945
7.822565707438584 0.5002467197884779 -0.01570537634587218 0.06279053482131955 1.998027215027733
7.853981633974483 0.50000000020574 3.201175907446675e-09 6.123233993217178e-16 1.99999999917704
7.885397560510381 0.5002467200251807 0.01570538274394206 -0.06279053479160583 1.998027214082323
7.916813487046279 0.5009866360007827 0.03139526297598937 -0.12533372153507 1.99212245738769
7.948229413582177 0.5022190181907055 0.04705415985428616 -0.1873850051667678 1.982326292998007
7.979645340118075 0.5039426499458415 0.06266661996755359 -0.2487053508524703 1.968705568820381
8.011061266653973 0.5061558304027849 0.07821723569424217 -0.3090638409039864 1.951352293638823
8.042477193189871 0.5088563754511958 0.09369066044933323 -0.3682400842862127 1.930382123752912
8.073893119725769 0.5120416197634008 0.1090716238771592 -0.4260263872638718 1.905932495076649
8.105309046261667 0.5157084202512328 0.1243449467501669 -0.4822296425637241 1.878160454810444
8.136724972797564 0.5198531582308987 0.1394955561245137 -0.5366729077662197 1.847240264818046
8.168140899333462 0.5244717430641278 0.1545085002519788 -0.5891966506518984 1.813360831870149
8.19955682586936 0.5295596167042564 0.169368963202557 -0.6396596522095945 1.776723034150242
8.230972752405258 0.5351117583020795 0.1840622794058354 -0.6879395695821449 1.737537012526975
8.262388678941155 0.5411226885772533 0.1985739483167478 -0.7339331708285616 1.696019488846397
8.293804605477053 0.5475864753335281 0.2128896487208026 -0.777556259594861 1.652391162354587
8.325220532012953 0.5544967395116014 0.2269952527945465 -0.8187433169389243 1.606874235136464
8.35663645854885 0.5618466617830435 0.2408768398751278 -0.8574468923119529 1.559690107017577
8.388052385084748 0.5696289882345147 0.2545207107449324 -0.8936367815972184 1.511057275493814
8.419468311620646 0.5778360391003947 0.2679134002984693 -0.9272990238082065 1.461189452316801
8.450884238156544 0.586459714798226 0.2810416916895005 -0.9584347631542223 1.410293927109934
8.482300164692441 0.5954915049787801 0.2938926287544461 -0.9870590048357082 1.358570168694138
8.513716091228339 0.6049224959965912 0.3064535294266409 -1.01319930686861 1.306208675665028
8.545132017764237 0.6147433809662627 0.318711997343978 -1.036894433489917 1.253390059384919
8.576547944300135 0.6249444675542165 0.330655935123803 -1.058193006991105 1.200284358970479
8.607963870836032 0.6355156886689646 0.3422735554267911 -1.077152174421399 1.147050561329457
8.63937979737193 0.6464466118645102 0.3535533929926188 -1.093836317197297 1.0938363171973
8.67079572390783 0.6577264496437527 0.3644843159660232 -1.108315817033428 1.040777828380572
8.702211650443727 0.669344070097574 0.3750555369109788 -1.120665892387919 0.987999886556474
8.733627576979625 0.6812880078722174 0.3852566235063893 -1.130965515131021 0.9356160425302026
8.765043503515523 0.6935464760823579 0.3950775081117333 -1.139296412893691 0.8837288844939566
8.796459430051421 0.7061073768098467 0.4045084990540931 -1.145742164640795 0.8324304087404581
8.82787535658732 0.7189583141098358 0.4135402888967497 -1.150387384140061 0.7818024589479324
8.859291283123216 0.7320866055974306 0.4221639644397235 -1.153316996986973 0.7319172224736
8.890707209659114 0.7454792952810788 0.4303710150852815 -1.154615604286374 0.682837764875067
8.922123136195012 0.7591231661585687 0.4381533415203268 -1.154366931624923 0.6346185909982959
8.953539062730909 0.773004753407519 0.445503263472968 -1.152653357253858 0.5873062199660363
8.984954989266809 0.7871103575525122 0.452413527501881 -1.149555515035455 0.5409397646462382
9.016370915802707 0.8014260580682925 0.4588773140069763 -1.145151965605012 0.4955515067628834
9.047786842338605 0.8159377270791478 0.4648882440329029 -1.139518930221082 0.4511674610297423
9.079202768874502 0.8306310433577626 0.4704403854206949 -1.132730080916296 0.4078079226078156
9.1106186954104 0.8454915063283046 0.4755282589984984 -1.12485638137902 0.3654879937433178
9.142034621946298 0.8605044505054361 0.4801468436775145 -1.115965972183983 0.3242180861183905
9.173450548482197 0.8756550599529338 0.4842915813987692 -1.106124095463678 0.2840043968662966
9.204866475018095 0.8909283829057251 0.487958381553305 -1.095393053654702 0.2448493566734026
9.236282401553991 0.9063093463535222 0.4911436257681878 -1.083832197781981 0.2067520492198855
9.267698328089889 0.9217827711403734 0.4938441706496473 -1.071497940206921 0.169708601568568
9.299114254625787 0.9373333868749109 0.4960573510994307 -1.058443788737974 0.1337125459514136
9.330530181161686 0.9529458470377487 0.4977809824749476 -1.044720398014016 0.09875515341302103
9.361946107697584 0.9686047439537538 0.49901336420217 -1.030375635323052 0.06482574024261779
9.393362034233482 0.9842946241920499 0.4997532800097262 -1.015454657375751 0.03191194821765053
9.424777960769379 1.000000003737483 0.499999999675689 -0.9999999962625172 3.67394038371077e-16
9.456193887305277 1.015705383279035 0.4997532797647283 -0.9840516520046316 -0.03092506901629622
9.487609813841175 1.031395263519969 0.4990133639395428 -0.9676471899067904 -0.06087920097191425
9.519025740377074 1.047054160390242 0.4977809816137575 -0.9508218411853967 -0.08987912648514816
9.550441666912972 1.062666620521898 0.4960573499948814 -0.9336086051401792 -0.1179421947992975
9.58185759344887 1.078217236256196 0.4938441695469381 -0.9160383523682166 -0.1450862217556509
9.613273519984766 1.093690660985077 0.4911436243234542 -0.8981399272843309 -0.1713293541493265
9.644689446520664 1.109071624436715 0.4879583801079006 -0.8799402495167116 -0.1966899491341089
9.676105373056563 1.124344947303387 0.4842915795716822 -0.861464413969812 -0.2211864675172056
9.707521299592461 1.139495556633973 0.4801468414235334 -0.8427357878547721 -0.2448373795009419
9.738937226128359 1.154508500773869 0.4755282566281584 -0.8237761052929958 -0.2676610818957265
9.770353152664256 1.169368963719119 0.4704403829672504 -0.8046055591913452 -0.2896758258128828
9.801769079200154 1.184062279903765 0.4648882413170418 -0.7852428893890779 -0.3108996536183862
9.833185005736052 1.198573948778615 0.4588773109564349 -0.7657054674175112 -0.3313503443316836
9.864600932271951 1.212889649215259 0.4524135242728822 -0.7460093777298232 -0.3510453666090339
9.896016858807849 1.226995253239049 0.4455032599931385 -0.7261694956327411 -0.3700018386714155
9.927432785343747 1.240876840383642 0.4381533378408278 -0.7061995610885408 -0.3882364940849179
9.958848711879643 1.254520711157398 0.4303710112199495 -0.6861122493624194 -0.4057656531479162
9.990264638415541 1.267913400846344 0.4221639605710416 -0.6659192378110517 -0.4226051989207824
10.02168056495144 1.281041692200465 0.413540284806951 -0.6456312697004206 -0.4387705578002157
10.05309649148734 1.293892629375325 0.4045084947692463 -0.6252582138639519 -0.4542766833568317
10.08451241802324 1.306453529978892 0.3950775036446574 -0.6048091219811369 -0.4691380440166735
10.11592834455913 1.31871199786184 0.3852566186210615 -0.584292282185269 -0.4833686133001056
10.14734427109503 1.330655935507924 0.3750555318715961 -0.5637152697508808 -0.496981862611406
10.17876019763093 1.342273555701069 0.3644843106391361 -0.5430849951004749 -0.5099907563709314
10.21017612416683 1.353553393242071 0.3535533874243189 -0.5224077489051721 -0.5224077489051724
10.24159205070273 1.364484316312849 0.3422735497424003 -0.5016892446067043 -0.5342447829603884
10.27300797723862 1.37505553755535 0.3306559295500157 -0.4809346584643183 -0.5455132895679609
10.30442390377452 1.385256623741562 0.3187119914190553 -0.4601486676360477 -0.5562241894896282
10.33583983031042 1.395077508583811 0.3064535233960908 -0.4393354848614542 -0.5663878942309102
10.36725575684632 1.404508499519102 0.2938926226543105 -0.4184988930246623 -0.5760143100963444
10.39867168338222 1.413540289195428 0.2810416852320889 -0.3976422760274225 -0.5851128408553015
10.43008760991811 1.422163965000469 0.2679133939087331 -0.3767686484580706 -0.5936923915110845
10.46150353645401 1.430371015618085 0.2545207041945041 -0.3558806842366053 -0.6017613735216829
10.49291946298991 1.438153341754863 0.2408768331399494 -0.3349807423969622 -0.6093277083892711
10.52433538952581 1.445503263816347 0.2269952459451063 -0.3140708921963572 -0.616398832497947
10.55575131606171 1.452413527699175 0.2128896417250982 -0.293152937124984 -0.6229817026693436
10.5871672425976 1.45887731422159 0.1985739412155705 -0.2722284367323142 -0.6290827999979325
10.6185831691335 1.46488824424357 0.1840622722005995 -0.2512987281666444 -0.6347081352737344
10.6499990956694 1.470440385634187 0.1693689559199729 -0.2303649461444826 -0.6398632533126684
10.6814150222053 1.475528259170706 0.1545084929322899 -0.2094280420956663 -0.6445532373806773
10.7128309487412 1.480146843676524 0.1394955487019287 -0.1884888024665475 -0.648782713539204
10.74424687527709 1.484291581264831 0.1243449392226225 -0.1675478661362048 -0.6525558544927259
10.77566280181299 1.487958381704156 0.1090716163395331 -0.146605741181218 -0.6558763833307163
10.80707872834889 1.491143625813148 0.09369065286747758 -0.125662821033449 -0.6587475771779057
10.83849465488479 1.493844170769702 0.0782172280912866 -0.1047193998552268 -0.6611722694517943
10.86991058142068 1.496057351057155 0.06266661233196201 -0.08377568779414779 -0.6631528534741149
10.90132650795658 1.497780982471425 0.04705415217302961 -0.06283182549375814 -0.6646912841424553
10.93274243449248 1.499013364114791 0.03139525525009988 -0.04188789842203507 -0.6657890798843105
10.96415836102838 1.499753279943464 0.01570537501280823 -0.02094395091392141 -0.6664473241914898
10.99557428756428 1.499999999871368 -4.533596667833409e-09 -2.857509198255536e-16 -0.6666666667238366
11.02699021410017 1.499753279779046 -0.01570538407932626 0.02094395091621693 -0.6664473242645523
11.05840614063607 1.499013363523938 -0.03139526429806178 0.04188789843854628 -0.6657890801467388
11.08982206717197 1.497780981494586 -0.04705416118830379 0.06283182553473592 -0.6646912845759609
11.12123799370787 1.496057349753863 -0.06266662130656922 0.08377568786712852 -0.6631528540518214
11.15265392024376 1.493844169216676 -0.0782172370255271 0.1047193999640932 -0.6611722701391607
11.18406984677966 1.491143624101801 -0.09369066177170247 0.1256628211776671 -0.6587475779339332
11.21548577331556 1.487958379937567 -0.1090716252355848 0.1466057413552762 -0.6558763841094103
11.24690169985146 1.48429157904909 -0.1243449480150082 0.1675478663863186 -0.6525558554668573
11.27831762638736 1.48014684115735 -0.1394955574121403 0.1884888027873515 -0.6487827146434163
11.30973355292326 1.475528256498273 -0.1545085015977646 0.2094280424749756 -0.6445532385480732
11.34114947945915 1.470440382502958 -0.1693689644295744 0.2303649466350325 -0.639863254675225
11.37256540599505 1.464888240836516 -0.1840622806036475 0.2512987287511174 -0.6347081367499463
11.40398133253095 1.458877310714551 -0.1985739495776736 0.2722284373867329 -0.6290828015102032
11.43539725906685 1.452413523861708 -0.2128896499402231 0.293152937899533 -0.6229817043153425
11.46681318560274 1.445503259838554 -0.2269952540946409 0.3140708930606293 -0.6163988341941778
11.49822911213864 1.438153337458507 -0.2408768411250364 0.334980743397686 -0.6093277102095846
11.52964503867454 1.430371010871211 -0.2545207119213482 0.3558806854176405 -0.6017613755187079
11.56106096521044 1.422163960013492 -0.2679134014828369 0.3767686497792512 -0.5936923935929335
11.59247689174634 1.413540284144628 -0.2810416927624401 0.3976422774482599 -0.5851128429460014
11.62389281828223 1.404508494295106 -0.2938926300665002 0.4184988945812465 -0.5760143122387997
11.65530874481813 1.395077503111508 -0.3064535306265261 0.4393354865847813 -0.5663878964526132
11.68672467135403 1.385256617976867 -0.3187119984177841 0.4601486695509392 -0.5562241918043352
11.71814059788993 1.375055531481414 -0.3306559362828829 0.4809346605887165 -0.5455132919776186
11.74955652442583 1.364484310078294 -0.3422735563261072 0.5016892468990061 -0.5342447854014409
11.78097245096173 1.353553386821007 -0.3535533938261727 0.5224077513834001 -0.5224077513833997
11.81238837749762 1.342273549083235 -0.3644843168373622 0.5430849977780559 -0.5099907588853481
11.84380430403352 1.330655928694579 -0.3750555378542707 0.5637152726372656 -0.4969818651560991
11.87522023056942 1.318711990861752 -0.3852566243841274 0.5842922852868525 -0.4833686158659612
11.90663615710532 1.306453522804454 -0.3950775091891456 0.6048091253024684 -0.4691380465929632
11.93805208364121 1.293892622040631 -0.4045085000999075 0.6252582174083551 -0.4542766859319922
11.96946801017711 1.281041684693366 -0.4135402898919724 0.645631273483918 -0.4387705603714787
12.00088393671301 1.267913393208318 -0.4221639654572887 0.6659192418226088 -0.4226052014665964
12.03229986324891 1.254520703366033 -0.4303710158577282 0.6861122536236086 -0.4057656556679787
12.0637157897848 1.240876832425571 -0.4381533421863574 0.7061995656175849 -0.3882364965747818
12.0951317163207 1.226995245173079 -0.4455032641349641 0.726169500406404 -0.3700018411037174
12.1265476428566 1.212889641032117 -0.4524135281783179 0.7460093827630107 -0.3510453689774714
12.1579635693925 1.198573940455307 -0.4588773145531479 0.765705472734832 -0.3313503466326946
12.1893794959284 1.184062271515222 -0.464888244760773 0.7852428949521667 -0.3108996558209697
12.22079542246429 1.169368955232365 -0.4704403861619695 0.8046055650308099 -0.289675827915222
12.25221134900019 1.154508492145305 -0.4755282594142051 0.8237761114497328 -0.2676610838961724
12.28362727553609 1.139495547931929 -0.4801468439708368 0.8427357942905351 -0.2448373813707047
12.31504320207199 1.124344938476266 -0.4842915816521918 0.8614644207330835 -0.2211864692537193
12.34645912860789 1.109071615545045 -0.4879583818942372 0.8799402565713852 -0.1966899507110177
12.37787505514378 1.093690652078592 -0.4911436260229994 0.8981399345983455 -0.1713293555445518
12.40929098167968 1.07821722727677 -0.4938441708147488 0.9160383599970119 -0.1450862229639325
12.44070690821558 1.062666611509106 -0.496057350996073 0.9336086130583927 -0.1179421957995997
12.47212283475148 1.047054151368754 -0.4977809825250292 0.9508218493777409 -0.0898791272595518
12.50353876128738 1.03139525445786 -0.4990133643056078 0.9676471984087927 -0.06087920150681572
12.53495468782327 1.015705374223288 -0.4997532802718964 0.9840516607781623 -0.03092506929201637
12.56637061435917 0.9999999946702754 -0.499999999761579 1.000000005329725 -4.898587222697534e-16
12.59778654089507 0.9842946151292813 -0.4997532797258977 1.015454666725422 0.0319119485114749
12.62920246743097 0.9686047349083297 -0.4990133635707039 1.030375644945331 0.06482574084799941
12.66061839396687 0.9529458380241048 -0.4977809814805241 1.044720407895729 0.09875515434711708
12.69203432050276 0.9373333779146841 -0.4960573496818604 1.058443798855929 0.1337125472296057
12.72345024703866 0.9217827621772474 -0.4938441692786147 1.07149795062583 0.1697086032187582
12.75486617357456 0.9063093374313014 -0.4911436241508433 1.083832208451837 0.2067520512552685
12.78628210011046 0.890928374055453 -0.4879583795815188 1.095393064536078 0.2448493591056793
12.81769802664636 0.8756550512257154 -0.4842915789289117 1.106124106487866 0.2840043996968282
12.84911395318225 0.8605044418204827 -0.480146841071125 1.115965983447275 0.3242180893906783
12.88052987971815 0.8454914976560806 -0.4755282563465632 1.124856392916696 0.3654879974921349
12.91194580625405 0.8306310347592254 -0.470440382536243 1.132730092642106 0.407807926829366
12.94336173278995 0.8159377186066662 -0.4648882408009821 1.139518942053545 0.451167465714547
12.97477765932585 0.8014260497069081 -0.4588773104980343 1.145151977552534 0.4955515119330371
13.00619358586174 0.7871103492336273 -0.452413523884711 1.149555527184985 0.5409397703633715
13.03760951239764 0.7730047453118789 -0.4455032593891626 1.15265336932554 0.5873062261168618
13.06902543893354 0.7591231581237265 -0.4381533373142859 1.154366943843173 0.6346185977153325
13.10044136546944 0.7454792873586137 -0.4303710106689904 1.154615616556873 0.6828377721318183
13.13185729200534 0.7320865979599122 -0.4221639595524784 1.153317009018992 0.7319172301093505
13.16327321854123 0.7189583065239218 -0.4135402839274978 1.150387396278094 0.7818024671969324
13.19468914507713 0.7061073693778376 -0.4045084938571669 1.145742176700103 0.8324304175020574
13.22610507161303 0.6935464688819478 -0.3950775026005214 1.139296424721884 0.8837288936688424
13.25752099814893 0.681288000956041 -0.3852566176417163 1.130965526612153 0.9356160520282197
13.28893692468483 0.669344063261478 -0.3750555309539388 1.120665903833421 0.9879998966470437
13.32035285122072 0.6577264429516581 -0.3644843098467049 1.108315828310082 1.040777838970057
13.35176877775662 0.6464466054742759 -0.3535533865597625 1.093836328010058 1.093836328010055
13.38318470429252 0.6355156824559673 -0.3422735488226673 1.077152184951974 1.147050572543374
13.41460063082842 0.624944461521618 -0.3306559283543263 1.058193017205861 1.20028437055684
13.44601655736431 0.6147433751812089 -0.3187119903619208 1.036894443247632 1.253390071179968
13.47743248390021 0.6049224904495143 -0.3064535222540442 1.013199316159545 1.306208687642826
13.50884841043611 0.5954914996496911 -0.2938926214184618 0.9870590136689595 1.358570180852063
13.54026433697201 0.5864597097196768 -0.2810416841778546 0.9584347714539549 1.410293939322617
13.57168026350791 0.5778360342054779 -0.2679133926658079 0.9272990316634664 1.461189464694707
13.6030961900438 0.5696289836682062 -0.2545207029111572 0.8936367887608671 1.511057287606879
13.6345121165797 0.561846657419828 -0.24087683192666 0.8574468989707535 1.559690119129893
13.6659280431156 0.5544967354534946 -0.2269952446858014 0.818743322930929 1.606874246896439
13.6973439696515 0.5475864715135125 -0.2128896404973466 0.7775562650191693 1.652391173881825
13.72875989618739 0.5411226848826636 -0.1985739400356877 0.7339331758395961 1.696019500426202
13.76017582272329 0.5351117550727565 -0.1840622709322995 0.6879395737337665 1.73753702301276
13.79159174925919 0.5295596136487384 -0.1693689546655707 0.6396596559003829 1.776723044401796
13.82300767579509 0.5244717401873286 -0.1545084916527782 0.5891966538837242 1.81336084181668
13.85442360233099 0.5198531557515148 -0.1394955474026316 0.5366729103258252 1.84724027362826
13.88583952886689 0.5157084181470422 -0.1243449379290338 0.4822296445313164 1.878160462473704
13.91725545540278 0.5120416179316012 -0.1090716149955689 0.4260263887879585 1.905932501895014
13.94867138193868 0.5088563736905568 -0.09369065155438948 0.3682400855603187 1.930382130432019
13.98008730847458 0.5061558288611101 -0.07821722675810577 0.3090638418453467 1.95135229958235
14.01150323501048 0.5039426486920026 -0.06266661098660453 0.2487053514712638 1.968705573718636
14.04291916154638 0.5022190171942944 -0.04705415084077438 0.1873850055385427 1.982326296930977
14.07433508808227 0.500986635586003 -0.03139525391688092 0.125333721638837 1.99212245903702
14.10575101461817 0.500246719737287 -0.01570537368123132 0.06279053482774725 1.998027215232194
14.13716694115407 0.5000000001443833 5.866102617005355e-09 1.102182118914344e-15 1.999999999422467
14.16858286768997 0.5002467201993542 0.01570538540471464 -0.06279053476974324 1.998027213386659
14.19999879422586 0.5009866363141389 0.03139526562647561 -0.1253337214566743 1.992122456141662
14.23141472076176 0.5022190184512478 0.04705416250646244 -0.1873850050695534 1.982326291969612
14.26283064729766 0.5039426502718325 0.06266662261247359 -0.2487053506915852 1.968705567546863
14.29424657383356 0.506155830821463 0.07821723832606292 -0.3090638406483369 1.951352292024719
14.32566250036946 0.5088563759025334 0.09369066307619855 -0.3682400839595962 1.930382122040732
14.35707842690536 0.5120416204636232 0.1090716264513206 -0.4260263866812756 1.905932492470266
14.38849435344125 0.5157084210623347 0.1243449492932678 -0.4822296418052769 1.878160451856489
14.41991027997715 0.5198531588253958 0.1394955587268999 -0.5366729071524873 1.847240262705567
14.45132620651305 0.5244717438809287 0.1545085027886301 -0.589196649734296 1.81336082904606
14.48274213304895 0.5295596177232028 0.1693689656680743 -0.6396596509788001 1.77672303073158
14.51415805958484 0.5351117593879032 0.1840622818421146 -0.6879395681862097 1.737537009001246
14.54557398612074 0.5411226897264363 0.1985739507231942 -0.7339331692699064 1.696019485244559
14.57698991265664 0.5475864763207426 0.2128896512014724 -0.7775562581930457 1.652391159375579
14.60840583919254 0.554496740709537 0.2269952551750687 -0.8187433151701068 1.606874231664972
14.63982176572844 0.5618466629874261 0.2408768422540815 -0.8574468904739171 1.559690103674203
14.67123769226433 0.5696289896909995 0.2545207129796255 -0.8936367793122775 1.51105727163019
14.70265361880023 0.5778360406472353 0.2679134024730644 -0.9272990213258692 1.461189448405263
14.73406954533613 0.5864597163764141 0.2810416938390281 -0.9584347605750331 1.410293923314773
14.76548547187203 0.5954915064479703 0.2938926309810275 -0.9870590024004466 1.358570165342289
14.79690139840793 0.6049224977085169 0.3064535314713661 -1.013199304001265 1.306208671968469
14.82831732494382 0.6147433826004527 0.3187119994506694 -1.036894430733513 1.253390056052994
14.85973325147972 0.6249444692442166 0.3306559371865641 -1.058193004129496 1.200284355724622
14.89114917801562 0.6355156905696745 0.342273557297636 -1.077152171199836 1.147050557898841
14.92256510455152 0.6464466138337024 0.3535533947921782 -1.093836313865276 1.093836313865279
14.95398103108741 0.6577264515391351 0.3644843178405927 -1.108315813839572 1.040777825381345
14.98539695762331 0.6693440720347033 0.3750555387434453 -1.120665889144632 0.9879998836971325
15.01681288415921 0.6812880100054146 0.3852566251085239 -1.130965511589827 0.9356160396006733
15.04822881069511 0.6935464781446116 0.3950775098010569 -1.139296409506004 0.8837288818661976
15.07964473723101 0.7061073788700507 0.4045085007522564 -1.145742161297872 0.832430406311683
15.1110606637669 0.7189583162395552 0.413540290504064 -1.150387380732349 0.7818024566320566
15.1424765903028 0.7320866078697933 0.4221639658324916 -1.15331699340713 0.7319172202017633
15.1738925168387 0.745479297494994 0.4303710165768896 -1.154615600857412 0.6828377628471822
15.2053084433746 0.759123168408797 0.4381533429588328 -1.154366928203095 0.6346185891171283
15.2367243699105 0.773004755786294 0.4455032646742457 -1.152653353706786 0.5873062181587134
15.26814029644639 0.7871103599097122 0.4524135287513921 -1.149555511592821 0.5409397630262602
15.29955622298229 0.8014260605096091 0.4588773150754496 -1.145151962116631 0.495551505253329
15.33097214951819 0.8159377294906719 0.4648882451811104 -1.139518926853205 0.4511674596963061
15.36238807605409 0.8306310458505587 0.4704403863636767 -1.132730077516874 0.4078079213839487
15.39380400258999 0.8454915088175353 0.4755282599610899 -1.124856378067305 0.3654879926672767
15.42521992912588 0.8605044530967009 0.4801468443100793 -1.115965968823438 0.3242180851420624
15.45663585566178 0.8756550625805407 0.4842915818804954 -1.106124092144494 0.2840043960140775
15.48805178219768 0.8909283855257931 0.4879583820478782 -1.095393050433338 0.2448493559533428
15.51946770873358 0.9063093489419312 0.4911436264208774 -1.083832194686569 0.2067520486294024
15.55088363526948 0.9217827737859962 0.4938441709808354 -1.071497937131599 0.1697086010814831
15.58229956180537 0.9373333895441402 0.4960573512324878 -1.05844378572386 0.1337125455706409
15.61371548834127 0.9529458496830477 0.497780982807655 -1.044720395113958 0.09875515313888698
15.64513141487717 0.9686047465989275 0.4990133645987844 -1.030375632509188 0.06482574006558656
15.67654734141307 0.984294626849944 0.4997532802737015 -1.015454654633715 0.03191194813147883
15.70796326794897 1.00000000640236 0.4999999997836285 -0.99999999359764 6.123233956533618e-16
15.73937919448486 1.015705385942047 0.4997532796635989 -0.9840516494246099 -0.03092506893521553
15.77079512102076 1.031395266165367 0.4990133635461126 -0.9676471874248981 -0.06087920081576659
15.80221104755666 1.047054163053254 0.4977809814684418 -0.9508218387671363 -0.0898791262565533
15.83362697409256 1.062666623177312 0.4960573497522772 -0.9336086028072585 -0.1179421945045809
15.86504290062846 1.07821723889166 0.4938441691514182 -0.9160383501291627 -0.1450862214010193
15.89645882716435 1.093690663630583 0.4911436239699771 -0.8981399251118384 -0.1713293537349028
15.92787475370025 1.109071626990082 0.4879583793148476 -0.8799402474908636 -0.1966899486812796
15.95929068023615 1.124344949834368 0.4842915787136033 -0.861464412030594 -0.2211864670192988
15.99070660677205 1.139495559222479 0.4801468407814434 -0.8427357859403934 -0.2448373789447617
16.02212253330795 1.154508503358338 0.4755282559586437 -0.8237761034489002 -0.2676610812965449
16.05353845984384 1.169368966177624 0.4704403819289704 -0.8046055574997264 -0.2896758252038624
16.08495438637974 1.184062282327538 0.4648882401997924 -0.7852428877816868 -0.3108996529819765
16.11637031291564 1.198573951276412 0.4588773100185392 -0.7657054658218008 -0.3313503436411578
16.14778623945154 1.212889651606365 0.4524135230954683 -0.7460093762591312 -0.3510453659169785
16.17920216598743 1.226995255611842 0.4455032587801434 -0.7261694942284576 -0.3700018379558954
16.21061809252333 1.240876842833111 0.4381533367648163 -0.7061995596945159 -0.388236493318546
16.24203401905923 1.25452071341212 0.4303710097974326 -0.6861122481292855 -0.4057656524186425
16.27344994559513 1.267913402960105 0.4221639589284509 -0.6659192367008854 -0.4226051982162508
16.30486587213102 1.281041694327623 0.4135402831959512 -0.6456312686283571 -0.4387705570716401
16.33628179866692 1.293892631421725 0.4045084930521671 -0.6252582128750533 -0.4542766826383547
16.36769772520282 1.306453531937501 0.3950775018218263 -0.6048091210744184 -0.4691380433133519
16.39911365173872 1.318711999822657 0.3852566168106714 -0.5842922813164738 -0.4833686125813754
16.43052957827462 1.330655937472124 0.3750555300699615 -0.5637152689187722 -0.4969818618778052
16.46194550481052 1.342273557649771 0.3644843088214996 -0.5430849943120286 -0.5099907556305308
16.49336143134641 1.353553395133536 0.3535533855471716 -0.5224077481751558 -0.522407748175156
16.52477735788231 1.36448431807983 0.3422735477461044 -0.5016892439570273 -0.5342447822685504
16.55619328441821 1.375055539102725 0.3306559273616314 -0.4809346579231156 -0.5455132889540828
16.58760921095411 1.385256625533922 0.3187119894433303 -0.4601486670406704 -0.5562241887699383
16.61902513749001 1.395077510285183 0.3064535213432646 -0.4393354843256601 -0.5663878935401703
16.65044106402591 1.404508501081022 0.2938926204951854 -0.4184988925592587 -0.5760143094557731
16.6818569905618 1.413540290845791 0.2810416831317008 -0.3976422755631598 -0.5851128401721595
16.7132729170977 1.422163966189109 0.2679133915069062 -0.3767686481431675 -0.5936923910148788
16.7446888436336 1.430371016744408 0.2545207017646232 -0.3558806839563727 -0.6017613730478349
16.7761047701695 1.438153343221529 0.2408768309052599 -0.3349807420553393 -0.6093277077678636
16.80752069670539 1.445503265174684 0.2269952436463932 -0.3140708919012265 -0.6163988319187172
16.83893662324129 1.452413528914442 0.2128896393518349 -0.2931529368796965 -0.6229817021480807
16.87035254977719 1.458877315481001 0.1985739388569402 -0.2722284364973077 -0.6290827994548609
16.90176847631309 1.464888245144587 0.1840622696912738 -0.2512987280120769 -0.634708134883341
16.93318440284898 1.470440386474495 0.1693689533902673 -0.2303649460128378 -0.6398632529470069
16.96460032938488 1.475528260234453 0.1545084904759938 -0.2094280419446843 -0.644553236916002
16.99601625592078 1.480146844469604 0.1394955461573742 -0.1884888023655531 -0.6487827131915785
17.02743218245668 1.48429158201962 0.1243449366651966 -0.1675478660510038 -0.6525558541608893
17.05884810899258 1.487958382410232 0.109071613766785 -0.1466057411116486 -0.6558763830194855
17.09026403552847 1.491143626325194 0.09369065025227875 -0.1256628209902976 -0.6587475769516973
17.12167996206437 1.493844171020878 0.07821722543305276 -0.1047193998376182 -0.6611722693406242
17.15309588860027 1.496057351180417 0.06266660966153506 -0.08377568778724671 -0.6631528534194766
17.18451181513617 1.4977809825749 0.04705414950611986 -0.06283182548941753 -0.6646912840965347
17.21592774167206 1.499013364280567 0.03139525259046347 -0.04188789841740406 -0.665789079810681
17.24734366820796 1.499753280226667 0.01570537235558715 -0.02094395090996666 -0.6664473240656424
17.27875959474386 1.499999999782925 -7.198437802541542e-09 -1.633275052857225e-15 -0.6666666667631446
17.31017552127976 1.499753279553599 -0.01570538673838754 0.02094395091936511 -0.6664473243647344
17.34159144781566 1.49901336341627 -0.03139526696136994 0.04188789844155474 -0.6657890801945596
17.37300737435156 1.497780981449809 -0.04705416386075933 0.06283182553661414 -0.6646912845958323
17.40442330088745 1.496057349690114 -0.06266662398450595 0.08377568787069931 -0.6631528540800788
17.43583922742335 1.493844169026046 -0.07821723969335928 0.1047193999774563 -0.661172270223533
17.46725515395925 1.491143623651546 -0.09369066439869374 0.1256628212156125 -0.658747578132844
17.49867108049515 1.487958379071631 -0.1090716277726078 0.1466057414405939 -0.6558763844911061
17.53008700703105 1.48429157835918 -0.1243449505890954 0.1675478664641959 -0.6525558557701701
17.56150293356694 1.480146840430968 -0.1394955599760668 0.1884888028798511 -0.6487827149618069
17.59291886010284 1.475528255503197 -0.1545085040763502 0.2094280426162108 -0.6445532389827509
17.62433478663874 1.47044038173344 -0.1693689669847513 0.2303649467555869 -0.6398632550100818
17.65575071317464 1.46488824000852 -0.1840622831418789 0.2512987288931607 -0.6347081371087004
17.68716663971054 1.458877309530501 -0.1985739519688933 0.272228437607678 -0.6290828020207777
17.71858256624643 1.452413522724226 -0.2128896523500484 0.2931529381291194 -0.6229817048032416
17.74999849278233 1.445503258408037 -0.2269952563565115 0.3140708933714452 -0.6163988348041859
17.78141441931823 1.43815333607461 -0.240876843405157 0.334980743720029 -0.6093277107959247
17.81283034585413 1.430371009575977 -0.2545207142512705 0.3558806857398997 -0.6017613760636162
17.84424627239002 1.422163958588339 -0.2679134037345066 0.3767686501568107 -0.5936923941878745
17.87566219892592 1.413540282584474 -0.2810416949240847 0.397642277887146 -0.5851128435918029
17.90707812546182 1.40450849250782 -0.2938926320618198 0.4184988951137997 -0.5760143129717989
17.93849405199772 1.395077501291402 -0.3064535325871787 0.4393354871579658 -0.5663878971915584
17.96990997853362 1.385256616281491 -0.3187120004736972 0.460148670114103 -0.5562241924850816
18.00132590506952 1.375055529633344 -0.3306559382061279 0.480934661235093 -0.5455132927107853
18.03274183160541 1.364484308412055 -0.3422735584169813 0.5016892475116435 -0.5342447860538336
18.06415775814131 1.35355338503185 -0.3535533958055996 0.5224077520739291 -0.5224077520739308
18.09557368467721 1.342273547238149 -0.3644843187653304 0.5430849985245789 -0.5099907595863802
18.12698961121311 1.330655926835052 -0.3750555397745932 0.5637152734250302 -0.4969818658506074
18.158405537749 1.318711988931573 -0.3852566262315206 0.5842922861420731 -0.4833686165734597
18.1898214642849 1.306453520620363 -0.3950775107212379 0.6048091263135698 -0.4691380473772557
18.2212373908208 1.293892619738165 -0.4045085014644785 0.6252582185209939 -0.454276686740372
18.2526533173567 1.281041682363592 -0.4135402912047328 0.6456312746580982 -0.4387705611694527
18.2840692438926 1.267913390818272 -0.422163966664399 0.665919243077882 -0.4226052022632172
18.3154851704285 1.254520701202802 -0.4303710174348034 0.6861122548067057 -0.4057656563676591
18.34690109696439 1.240876830078013 -0.4381533434475843 0.7061995669536129 -0.3882364973092663
18.37831702350029 1.226995242900054 -0.4455032655436105 0.7261695017516427 -0.3700018417891511
18.40973295003619 1.212889638727682 -0.4524135295398024 0.7460093841803951 -0.3510453696444404
18.44114887657209 1.198573938051438 -0.458877315707979 0.7657054742705368 -0.3313503472972536
18.47256480310798 1.184062268992335 -0.4648882456275131 0.7852428966252866 -0.3108996564834065
18.50398072964388 1.169368952674471 -0.4704403869239734 0.8046055667908155 -0.2896758285488615
18.53539665617978 1.154508489641985 -0.4755282603332363 0.8237761132359255 -0.2676610844765434
18.56681258271568 1.139495545419152 -0.4801468448733625 0.8427357961489079 -0.2448373819106121
18.59822850925157 1.124344935863597 -0.484291582191808 0.8614644227348897 -0.2211864697676977
18.62964443578747 1.109071612918156 -0.4879583823579649 0.8799402586555655 -0.1966899511768874
18.66106036232337 1.093690649489039 -0.4911436266693191 0.8981399367248891 -0.1713293559502103
18.69247628885927 1.078217224641684 -0.493844171211977 0.9160383622357444 -0.1450862233185114
18.72389221539517 1.062666608867193 -0.4960573513446762 0.9336086153794517 -0.1179421960928178
18.75530814193107 1.047054148736465 -0.4977809829943604 0.9508218517681026 -0.08987912748550604
18.78672406846696 1.031395251792672 -0.4990133643827989 0.9676472009092513 -0.06087920166413148
18.81813999500286 1.015705371556122 -0.4997532802380537 0.9840516633622082 -0.03092506937322527
18.84955592153876 0.9999999920054963 -0.4999999999943329 1.000000007994504 -7.347880853626779e-16
18.88097184807465 0.9842946124601192 -0.4997532798238173 1.015454669479082 0.03191194859801011
18.91238777461055 0.9686047322399387 -0.4990133635445463 1.030375647783893 0.06482574102658636
18.94380370114645 0.9529458353621856 -0.4977809813245176 1.044720410814008 0.0987551546229735
18.97521962768235 0.9373333752690223 -0.4960573493627088 1.058443801843429 0.1337125476070146
19.00663555421825 0.9217827595649992 -0.4938441687370565 1.071497953662357 0.1697086036996986
19.03805148075415 0.906309334783715 -0.491143623808602 1.083832211618018 0.2067520518592515
19.06946740729004 0.8909283714754063 -0.4879583789080413 1.095393067708235 0.2448493598147403
19.10088333382594 0.8756550486400563 -0.484291578283942 1.10612410975406 0.2840044005354462
19.13229926036184 0.8605044392721707 -0.4801468402908278 1.115965986752115 0.3242180903508228
19.16371518689774 0.845491495126427 -0.475528255508476 1.12485639628219 0.3654879985856521
19.19513111343364 0.8306310323087067 -0.4704403814759396 1.132730095983874 0.4078079280324763
19.22654703996953 0.8159377161224739 -0.4648882398364064 1.139518945522909 0.4511674670881607
19.25796296650543 0.8014260473037478 -0.458877309341506 1.145151980986393 0.4955515134190002
19.28937889304133 0.7871103469113085 -0.4524135225612059 1.149555530576676 0.5409397719593774
19.32079481957723 0.7730047429639062 -0.4455032581275278 1.152653372826682 0.5873062279007821
19.35221074611313 0.7591231558507068 -0.4381533359173486 1.154366947299659 0.6346185996155537
19.38362667264903 0.7454792851652221 -0.4303710091427791 1.154615619954047 0.6828377741409042
19.41504259918492 0.7320865957019009 -0.4221639581371756 1.153317012576225 0.7319172323668388
19.44645852572082 0.7189583044017765 -0.4135402823090754 1.150387399673685 0.781802469504576
19.47787445225672 0.7061073673178669 -0.4045084921587078 1.145742180042648 0.8324304199305577
19.50929037879262 0.693546466812079 -0.3950775009210752 1.139296428122079 0.8837288963063067
19.54070630532851 0.6812879988068787 -0.385256616058925 1.130965530179849 0.9356160549796741
19.57212223186441 0.6693440612996442 -0.3750555291495358 1.120665907118074 0.9879998995428468
19.60353815840031 0.6577264411302108 -0.3644843078934645 1.108315831379353 1.040777841852289
19.6349540849362 0.6464466036380022 -0.3535533846273675 1.093836331117173 1.093836331117166
19.6663700114721 0.6355156807180818 -0.3422735467989654 1.077152187897561 1.147050575680106
19.697785938008 0.6249444598532592 -0.3306559262725161 1.058193020030823 1.200284373761134
19.7292018645439 0.6147433734741136 -0.3187119883155587 1.036894446127007 1.253390074660538
19.7606177910798 0.6049224887421605 -0.3064535202057681 1.013199319019233 1.306208691329514
19.7920337176157 0.5954914980873112 -0.2938926192596042 0.9870590162586854 1.35857018441652
19.82344964415159 0.5864597083344394 -0.2810416818971969 0.9584347737178103 1.410293942653778
19.85486557068749 0.5778360329024841 -0.2679133903364608 0.9272990337544812 1.461189467989624
19.88628149722339 0.5696289824142524 -0.254520700556669 0.8936367907280764 1.511057290933248
19.91769742375929 0.5618466560824633 -0.2408768296208082 0.8574469010117418 1.559690122842423
19.94911335029519 0.5544967342936423 -0.2269952422858765 0.8187433246435145 1.606874250257569
19.98052927683108 0.5475864703747479 -0.212889638088013 0.7775562666361868 1.652391177318146
20.01194520336698 0.5411226839694834 -0.1985739375271575 0.7339331770781571 1.696019503288347
20.04336112990288 0.5351117541561318 -0.1840622684290618 0.6879395749121765 1.737537025989092
20.07477705643878 0.5295596128525257 -0.1693689521199238 0.6396596568621323 1.776723047073167
20.10619298297468 0.524471739292405 -0.154508489141586 0.5891966548890905 1.813360844910878
20.13760890951058 0.5198531549662425 -0.1394955448557319 0.536672911136502 1.847240276418639
20.16902483604647 0.515708417536564 -0.1243449353344964 0.482229645102164 1.878160464697006
20.20044076258237 0.5120416173876893 -0.1090716123865463 0.4260263892404985 1.905932503919575
20.23185668911827 0.5088563730606925 -0.09369064896164035 0.3682400860161315 1.930382132821453
20.26327261565417 0.5061558284801004 -0.07821722412038078 0.3090638420779956 1.951352301051234
20.29468854219006 0.5039426483739569 -0.06266660834075774 0.2487053516282293 1.968705574961114
20.32610446872596 0.5022190170225137 -0.04705414818028603 0.187385005602644 1.982326297609017
20.35752039526186 0.5009866354567625 -0.03139525125491343 0.1253337216711736 1.992122459550931
20.38893632179776 0.5002467197461107 -0.01570537101480721 0.06279053482663666 1.998027215196952
20.42035224833366 0.5000000000143344 8.5309242164499e-09 -1.960672839852731e-15 1.999999999942662
20.45176817486955 0.5002467202747115 0.01570538806849832 -0.06279053476028396 1.998027213085676
20.48318410140545 0.5009866365286935 0.03139526828309704 -0.1253337214030014 1.992122455288507
20.51460002794135 0.5022190186130115 0.04705416516789557 -0.1873850050091966 1.982326291331108
20.54601595447725 0.5039426504990857 0.06266662526979087 -0.2487053505794344 1.968705566659073
20.57743188101314 0.5061558311414678 0.07821724097345971 -0.3090638404529348 1.951352290791024
20.60884780754904 0.508856376255278 0.09369066572180137 -0.3682400837043279 1.930382120702571
20.64026373408494 0.5120416211091449 0.1090716290376399 -0.426026386144188 1.905932490067492
20.67167966062084 0.5157084217795701 0.1243449518604081 -0.4822296411345959 1.878160449244389
20.70309558715674 0.5198531597118196 0.1394955612444416 -0.5366729062373797 1.84724025955576
20.73451151369263 0.5244717445998105 0.1545085053570873 -0.5891966489266967 1.813360826560527
20.76592744022853 0.5295596186445009 0.1693689681687169 -0.6396596498659589 1.776723027640536
20.79734336676443 0.5351117604364705 0.1840622842931346 -0.6879395668381715 1.737537005596491
20.82875929330033 0.5411226907787007 0.1985739531715632 -0.7339331678427063 1.696019481946487
20.86017521983623 0.5475864775991116 0.2128896535451438 -0.7775562563778 1.652391155517987
20.89159114637213 0.5544967420232487 0.2269952574966006 -0.8187433132303455 1.60687422785797
20.92300707290802 0.5618466642086358 0.2408768446237481 -0.8574468886101984 1.559690100284118
20.95442299944392 0.5696289911138025 0.2545207152342071 -0.8936367770801767 1.511057267855915
20.98583892597982 0.5778360421003125 0.2679134047071289 -0.9272990189939988 1.46118944473083
21.01725485251572 0.5864597179451386 0.2810416959949625 -0.95843475801131 1.41029391954237
21.04867077905162 0.5954915080178047 0.2938926331344703 -0.9870589997983643 1.358570161760826
21.08008670558751 0.6049224993297462 0.3064535335864291 -1.013199301285828 1.30620866846775
21.11150263212341 0.6147433842091585 0.318712001578407 -1.03689442802009 1.253390052773031
21.14291855865931 0.6249444711218124 0.3306559390838875 -1.058193000950239 1.200284352118464
21.17433448519521 0.6355156924594724 0.3422735591786782 -1.077152167996769 1.147050554487919
21.2057504117311 0.6464466157792292 0.3535533966153668 -1.093836310573298 1.093836310573302
21.237166338267 0.6577264535838471 0.3644843195561209 -1.108315810394089 1.040777822145818
21.2685822648029 0.6693440739618226 0.3750555405872756 -1.120665885918103 0.9879998808525684
21.2999981913388 0.6812880120592959 0.3852566268065079 -1.130965508180301 0.9356160367800687
21.33141411787469 0.6935464801350996 0.3950775115828537 -1.139296406236205 0.8837288793298858
21.36283004441059 0.7061073810798734 0.4045085022444447 -1.145742157712175 0.8324304037065218
21.39424597094649 0.7189583184393779 0.4135402920081696 -1.150387377212468 0.7818024542399457
21.42566189748239 0.7320866100723328 0.4221639673352141 -1.153316989937288 0.7319172179997296
21.45707782401829 0.7454792998187802 0.4303710178826485 -1.154615597258278 0.6828377607186606
21.48849375055418 0.759123170799301 0.4381533441420822 -1.154366924567954 0.6346185871186956
21.51990967709008 0.7730047581038823 0.4455032659955315 -1.152653350250954 0.5873062163978764
21.55132560362598 0.7871103623005056 0.4524135299294718 -1.149555508101126 0.5409397613831933
21.58274153016188 0.801426062896224 0.4588773162702798 -1.145151958706415 0.4955515037775947
21.61415745669778 0.8159377320073464 0.4648882460637677 -1.139518923338477 0.4511674583047295
21.64557338323367 0.8306310482957378 0.4704403874390243 -1.132730074182387 0.40780792018346
21.67698930976957 0.8454915113496643 0.4755282607917359 -1.124856374698516 0.3654879915726934
21.70840523630547 0.8605044556479273 0.4801468450805847 -1.115965965514819 0.3242180841808198
21.73982116284137 0.8756550651721074 0.4842915825027813 -1.106124088870838 0.2840043951735435
21.77123708937727 0.8909283881139398 0.4879583826855076 -1.095393047251222 0.2448493552420538
21.80265301591317 0.9063093515603866 0.4911436269163856 -1.083832191555225 0.2067520480320669
21.83406894244906 0.9217827764082813 0.4938441714596759 -1.071497934083404 0.1697086005986987
21.86548486898496 0.9373333921995813 0.4960573514753229 -1.058443782725317 0.133712545191837
21.89690079552086 0.9529458523535961 0.4977809828736853 -1.044720392186219 0.09875515286213447
21.92831672205676 0.9686047492719623 0.4990133645536727 -1.030375629665686 0.06482573988668697
21.95973264859265 0.9842946295153012 0.4997532803016614 -1.01545465188398 0.03191194804506699
21.99114857512855 1.000000009067283 0.4999999999560656 -0.9999999909327172 8.572527516301941e-16
22.02256450166445 1.015705388610053 0.4997532797203399 -0.9840516468397503 -0.03092506885398105
22.05398042820035 1.031395268820791 0.4990133633116778 -0.9676471849336 -0.06087920065902716
22.08539635473625 1.047054165724393 0.4977809814085997 -0.9508218363414954 -0.08987912602726419
22.11681228127215 1.062666625796292 0.4960573492210126 -0.9336086005063465 -0.1179421942139095
22.14822820780804 1.078217241496002 0.4938441685593383 -0.9160383479165506 -0.1450862210505757
22.17964413434394 1.093690666261971 0.491143623542349 -0.8981399229509401 -0.1713293533226875
22.21106006087984 1.109071629568368 0.4879583786331585 -0.8799402454452445 -0.1966899482240293
22.24247598741573 1.124344952388416 0.4842915779452087 -0.8614644100737019 -0.2211864665168525
22.27389191395163 1.139495561842326 0.4801468402470941 -0.8427357840028349 -0.2448373783818503
22.30530784048753 1.154508505907545 0.4755282551805149 -0.8237761016299664 -0.2676610807055341
22.33672376702343 1.169368968694001 0.4704403810513524 -0.8046055557682874 -0.2896758245805058
22.36813969355932 1.184062284814662 0.4648882392423846 -0.7852428861322844 -0.3108996523289285
22.39955562009522 1.198573953783199 0.4588773091012796 -0.7657054642203474 -0.3313503429481469
22.43097154663112 1.21288965407167 0.4524135220756673 -0.7460093747428014 -0.3510453652034476
22.46238747316702 1.226995258064249 0.4455032577233358 -0.7261694927770549 -0.3700018372163719
22.49380339970292 1.240876845089997 0.4381533353383993 -0.7061995584100919 -0.3882364926124277
22.52521932623882 1.254520715757208 0.4303710085276092 -0.6861122468467277 -0.4057656516601431
22.55663525277471 1.267913405169528 0.4221639574365055 -0.6659192355404771 -0.4226051974798331
22.58805117931061 1.281041696451346 0.4135402815798012 -0.6456312675580235 -0.4387705563442418
22.61946710584651 1.293892633502461 0.4045084913822528 -0.6252582118695624 -0.4542766819078225
22.65088303238241 1.306453534007338 0.3950775001422474 -0.6048091201162109 -0.4691380425700865
22.68229895891831 1.318712001899742 0.3852566151406654 -0.5842922803961632 -0.483368611820028
22.7137148854542 1.330655939557549 0.3750555284056419 -0.5637152680353106 -0.4969818610989251
22.7451308119901 1.34227355972456 0.3644843071379132 -0.5430849934725677 -0.5099907548422242
22.776546738526 1.353553397155803 0.3535533838006533 -0.5224077473946561 -0.5224077473946562
22.8079626650619 1.364484319982242 0.3422735458768111 -0.5016892432575529 -0.5342447815236895
22.8393785915978 1.37505554079002 0.3306559252964612 -0.4809346573329715 -0.5455132882846994
22.8707945181337 1.385256627408926 0.3187119875357817 -0.4601486664178377 -0.5562241880170667
22.90221044466959 1.395077511741592 0.3064535191002784 -0.4393354838670102 -0.5663878929488823
22.93362637120549 1.404508502489674 0.29389261822459 -0.4184988921395275 -0.5760143088780582
22.96504229774139 1.413540292378124 0.2810416809509578 -0.3976422751321003 -0.5851128395378743
22.99645822427728 1.422163967538087 0.2679133892067054 -0.3767686477857898 -0.5936923904517368
23.02787415081318 1.430371018034665 0.2545206994316143 -0.3558806836353531 -0.60176137250502
23.05929007734908 1.438153344481044 0.240876828556606 -0.3349807417619701 -0.6093277072342214
23.09070600388498 1.445503266158389 0.2269952411567263 -0.3140708916874929 -0.616398831499241
23.12212193042088 1.452413530303454 0.2128896370602324 -0.2931529365993404 -0.6229817015522934
23.15353785695678 1.458877316488692 0.1985739363892457 -0.2722284363092692 -0.6290827990203353
23.18495378349267 1.464888246224972 0.1840622672528269 -0.2512987278267391 -0.6347081344152307
23.21636971002857 1.470440387496677 0.169368950925911 -0.2303649458526967 -0.6398632525022045
23.24778563656447 1.475528260910469 0.1545084878935603 -0.2094280418487346 -0.6445532366206985
23.27920156310037 1.480146845448973 0.1394955436667758 -0.188488802240836 -0.6487827127622987
23.31061748963626 1.48429158296258 0.1243449341559386 -0.167547865944562 -0.6525558537463252
23.34203341617216 1.487958382753106 0.1090716111127479 -0.1466057410778684 -0.6558763828683496
23.37344934270806 1.49114362702852 0.09369064767348913 -0.1256628209310265 -0.6587475766409864
23.40486526924396 1.493844171464574 0.07821722280520069 -0.1047193998065173 -0.6611722691442451
23.43628119577986 1.496057351497208 0.06266660701546869 -0.08377568776950732 -0.6631528532790535
23.46769712231576 1.497780982872695 0.04705414685748235 -0.06283182547692522 -0.664691283964378
23.49911304885165 1.499013364641227 0.03139524994297681 -0.04188789840732367 -0.6657890796504931
23.53052897538755 1.499753280324594 0.01570536969244434 -0.02094395090859928 -0.6664473240221261
23.56194490192345 1.499999999607721 -9.863309907708772e-09 5.719144935093906e-16 -0.6666666668410131
23.59336082845935 1.49975327952337 -0.01570538940361837 0.0209439509197871 -0.6664473243781674
23.62477675499525 1.499013363503481 -0.0313952696370141 0.0418878984391176 -0.6657890801558248
23.65619268153114 1.497780981190223 -0.04705416651300858 0.06283182554750361 -0.6646912847110326
23.68760860806704 1.496057349146322 -0.06266662660189953 0.08377568790114784 -0.663152854321124
23.71902453460294 1.493844168532023 -0.07821724231324191 0.1047194000120874 -0.6611722704421865
23.75044046113883 1.491143623392554 -0.0936906670622191 0.1256628212374359 -0.65874757824726
23.78185638767473 1.487958378395492 -0.1090716303521194 0.1466057415072123 -0.6558763847891407
23.81327231421063 1.484291577857379 -0.1243449532115889 0.1675478665208394 -0.6525558559907828
23.84468824074653 1.480146839890795 -0.1394955625942275 0.1884888029486413 -0.6487827151985767
23.87610416728243 1.475528254692228 -0.1545085066148899 0.209428042731315 -0.6445532393370056
23.90752009381833 1.470440381006759 -0.169368969555464 0.2303649468694338 -0.639863255326297
23.93893602035422 1.464888239134149 -0.1840622856618444 0.2512987290431548 -0.6347081374875495
23.97035194689012 1.458877308523048 -0.1985739544366049 0.2722284377956699 -0.6290828024552018
24.00176787342602 1.452413521760439 -0.2128896548416911 0.2931529383236485 -0.6229817052166374
24.03318379996192 1.445503257148116 -0.22699525870541 0.3140708936451936 -0.6163988353414479
24.06459972649781 1.438153334858033 -0.2408768457773866 0.3349807440033992 -0.6093277113113735
24.09601565303371 1.430371008028551 -0.2545207164321805 0.3558806861249017 -0.6017613767146244
24.12743157956961 1.422163956992268 -0.2679134058778417 0.3767686505796518 -0.5936923948541658
24.15884750610551 1.413540281180774 -0.2810416971921849 0.3976422782820201 -0.5851128441728428
24.19026343264141 1.404508490873031 -0.2938926341680816 0.4184988956009168 -0.576014313642254
24.2216793591773 1.39507749961968 -0.3064535346631135 0.4393354876844217 -0.5663878978702617
24.2530952857132 1.385256614730267 -0.3187120026490341 0.4601486706293818 -0.5562241931079469
24.2845112122491 1.375055527752845 -0.3306559401009186 0.4809346618928078 -0.5455132934568202
24.315927138785 1.364484306537068 -0.3422735603119781 0.5016892482010326 -0.5342447867879586
24.3473430653209 1.353553383275818 -0.3535533978183411 0.5224077527516745 -0.5224077527516764
24.3787589918568 1.342273545401351 -0.3644843207023203 0.5430849992677486 -0.5099907602842633
24.41017491839269 1.330655924796863 -0.3750555414924622 0.5637152742884828 -0.4969818666118435
24.44159084492859 1.318711986717126 -0.3852566277354505 0.5842922871232442 -0.4833686173851588
24.47300677146449 1.306453518424061 -0.3950775122377777 0.6048091273303267 -0.46913804816593
24.50442269800039 1.29389261754169 -0.4045085029750752 0.6252582195824146 -0.4542766875115394
24.53583862453629 1.281041680134594 -0.4135402926659926 0.6456312757814907 -0.4387705619329062
24.56725455107218 1.267913388513751 -0.4221639680065546 0.6659192442882366 -0.4226052030313319
24.59867047760808 1.254520698772488 -0.4303710185605731 0.686112256135873 -0.4057656571537268
24.63008640414398 1.240876827815306 -0.4381533448634554 0.7061995682413484 -0.3882364980172084
24.66150233067988 1.226995240469674 -0.4455032666437558 0.7261695031900078 -0.3700018425220349
24.69291825721577 1.212889636204421 -0.4524135304365313 0.7460093857323706 -0.3510453703747481
24.72433418375167 1.198573935698733 -0.458877316981366 0.7657054757735551 -0.3313503479476679
24.75575011028757 1.184062266463137 -0.4648882464786835 0.7852428983025925 -0.3108996571474992
24.78716603682347 1.169368950123116 -0.4704403877045447 0.8046055685463216 -0.2896758291808828
24.81858196335937 1.154508487180862 -0.4755282613825415 0.8237761149920109 -0.2676610850471272
24.84999788989526 1.139495542869028 -0.4801468456477623 0.8427357980349004 -0.2448373824585439
24.88141381643116 1.124344933292359 -0.4842915828933432 0.8614644247049532 -0.221186470273521
24.91282974296706 1.109071610327322 -0.4879583829836063 0.8799402607111396 -0.1966899516363629
24.94424566950296 1.093690646884335 -0.4911436272369449 0.8981399388638754 -0.171329356358244
24.97566159603885 1.078217222032001 -0.4938441717705263 0.9160383644528948 -0.1450862236696771
25.00707752257475 1.062666606245398 -0.4960573518540212 0.9336086176828369 -0.1179421963838033
25.03849344911065 1.047054146068346 -0.4977809830867534 0.9508218541910006 -0.08987912771454097
25.06990937564655 1.031395249137292 -0.4990133646190066 0.967647203400509 -0.06087920182086837
25.10132530218245 1.015705368888474 -0.4997532801950686 0.9840516659467212 -0.03092506945444711
25.13274122871834 0.9999999893404965 -0.4999999997556028 1.000000010659504 -9.797174497611843e-16
25.16415715525424 0.9842946097982962 -0.499753279680175 1.015454672225171 0.03191194868431279
25.19557308179014 0.9686047295764125 -0.4990133634369933 1.030375650617281 0.06482574120484774
25.22698900832604 0.9529458326903421 -0.4977809812710438 1.044720413743166 0.09875515489986396
25.25840493486194 0.9373333726042318 -0.4960573491932712 1.058443804852531 0.1337125479871522
25.28982086139784 0.9217827569291651 -0.493844168343115 1.071497956726302 0.1697086041849794
25.32123678793373 0.9063093322045696 -0.4911436231066431 1.083832214702353 0.2067520524476156
25.35265271446963 0.8909283688632295 -0.4879583783775768 1.095393070919897 0.2448493605326314
25.38406864100553 0.8756550460181706 -0.4842915777794884 1.106124113066018 0.2840044013858077
25.41548456754143 0.8605044366836296 -0.4801468396484176 1.115965990109127 0.3242180913261246
25.44690049407732 0.8454914926361909 -0.4755282545486134 1.124856399595244 0.3654879996621239
25.47831642061322 0.8306310298103758 -0.4704403805479354 1.132730099390844 0.4078079292590605
25.50973234714912 0.8159377137002233 -0.4648882387150283 1.139518948905765 0.4511674684275323
25.54114827368502 0.8014260448457792 -0.4588773083112958 1.145151984498566 0.4955515149388573
25.57256420022092 0.7871103445308748 -0.4524135213608854 1.14955553405324 0.5409397735953289
25.60398012675681 0.7730047405546853 -0.4455032569858761 1.152653376419152 0.5873062297312368
25.63539605329271 0.7591231535622556 -0.4381533345483276 1.154366950779611 0.6346186015286733
25.66681197982861 0.745479282904734 -0.4303710077299391 1.154615623455146 0.6828377762114425
25.69822790636451 0.732086593374082 -0.4221639568318425 1.153317016243433 0.7319172346941191
25.7296438329004 0.7189583022072691 -0.4135402807971815 1.150387403185065 0.781802471890901
25.7610597594363 0.7061073651830853 -0.4045084905632643 1.145742183506583 0.8324304224472528
25.7924756859722 0.6935464646650789 -0.3950774993410777 1.139296431648984 0.883728899042047
25.8238916125081 0.6812879967933299 -0.3852566143121964 1.130965533522422 0.9356160577448901
25.855307539044 0.6693440592564793 -0.3750555274373756 1.12066591053889 0.9879999025587086
25.8867234655799 0.6577264392255237 -0.3644843060288162 1.108315834588883 1.040777844866245
25.91813939211579 0.6464466018267285 -0.3535533826699095 1.093836334181981 1.093836334181981
25.94955531865169 0.6355156789562376 -0.3422735447977721 1.077152190883758 1.147050578860082
25.98097124518759 0.6249444580968376 -0.3306559242683798 1.058193023004901 1.200284377134562
26.01238717172349 0.6147433716775929 -0.3187119863432172 1.036894449157223 1.25339007832343
26.04380309825939 0.6049224872274298 -0.3064535180081552 1.013199321556293 1.30620869460027
26.07521902479528 0.5954914964331399 -0.2938926171674991 0.987059019000568 1.358570188190386
26.10663495133118 0.5864597068564037 -0.2810416796796957 0.9584347761333232 1.410293946208097
26.13805087786708 0.5778360315319669 -0.2679133880500852 0.9272990359538635 1.461189471455284
26.16946680440298 0.5696289810657934 -0.2545206982581968 0.8936367928435461 1.511057294510311
26.20088273093888 0.5618466546560177 -0.2408768273640288 0.8574469031886677 1.559690126802249
26.23229865747478 0.5544967330379234 -0.2269952399348785 0.8187433264976438 1.606874253896516
26.26371458401067 0.5475864691395611 -0.2128896357241026 0.7775562683901094 1.652391181045436
26.29513051054657 0.5411226829593976 -0.1985739350605703 0.7339331784481467 1.696019506454221
26.32654643708247 0.5351117531422036 -0.1840622659643484 0.6879395762156828 1.737537029281372
26.35796236361836 0.5295596119586674 -0.169368949609403 0.6396596579418384 1.776723050072144
26.38937829015426 0.5244717385941655 -0.1545084865664205 0.5891966556734999 1.813360847325041
26.42079421669016 0.5198531540828238 -0.1394955423373133 0.5366729120485105 1.847240279557766
26.45221014322606 0.5157084168277494 -0.1243449327651335 0.4822296457649644 1.878160467278441
26.48362606976195 0.5120416167452992 -0.1090716097994563 0.426026389774984 1.905932506310691
26.51504199629785 0.5088563727064098 -0.09369064631628198 0.3682400862725129 1.930382134165449
26.54645792283375 0.5061558281545203 -0.07821722147384091 0.3090638422767986 1.951352302306423
26.57787384936965 0.5039426481377687 -0.0626666056845213 0.2487053517447863 1.96870557588381
26.60928977590555 0.5022190168491701 -0.04705414551988057 0.1873850056673144 1.982326298293229
26.64070570244145 0.500986635228724 -0.03139524859907857 0.1253337217282163 1.992122460457703
26.67212162897734 0.5002467196561218 -0.01570536835142565 0.06279053483793247 1.998027215556375
26.70353755551324 0.500000000159497 1.119582711718044e-08 5.634613235553594e-15 1.999999999362012
26.73495348204914 0.5002467202512618 0.01570539073543769 -0.06279053476322687 1.998027213179336
26.76636940858504 0.5009866366444613 0.03139527094596044 -0.1253337213740318 1.992122454828168
26.79778533512093 0.5022190188194124 0.04705416782514905 -0.1873850049321851 1.982326290516416
26.82920126165683 0.5039426508435891 0.06266662791233379 -0.2487053504094079 1.968705565313235
26.86061718819273 0.5061558315385672 0.07821724360863741 -0.3090638402104613 1.95135228926011
26.89203311472863 0.5088563768887605 0.09369066831389596 -0.3682400832459001 1.930382118299411
26.92344904126453 0.5120416216562191 0.109071631645978 -0.4260263856890202 1.905932488031159
26.95486496780043 0.5157084223985 0.1243449544527863 -0.4822296405558519 1.878160446990304
26.98628089433632 0.5198531605113785 0.1394955637871724 -0.5366729054119573 1.847240256714615
27.01769682087222 0.5244717454298836 0.1545085078893553 -0.5891966479941839 1.813360823690549
27.04911274740812 0.5295596194681741 0.1693689707044831 -0.6396596488710363 1.776723024877034
27.08052867394402 0.5351117613877343 0.1840622867826159 -0.6879395656152265 1.737537002507686
27.11194460047991 0.5411226917340553 0.1985739556618018 -0.7339331665469375 1.69601947895216
27.14336052701581 0.5475864787878275 0.2128896559309067 -0.777556254689859 1.65239115193093
27.17477645355171 0.5544967432410457 0.2269952598669064 -0.8187433114321988 1.606874224328924
27.20619238008761 0.561846665612096 0.2408768468932241 -0.8574468864683458 1.559690096388104
27.23760830662351 0.5696289924420643 0.2545207175446886 -0.8936367749963926 1.511057264332429
27.26902423315941 0.5778360434596528 0.2679134070006586 -0.9272990168125631 1.461189441293427
27.3004401596953 0.5864597194210376 0.2810416982139611 -0.9584347555992894 1.41029391599319
27.3318560862312 0.5954915096788383 0.2938926352216089 -0.9870589970451118 1.358570157971299
27.3632720127671 0.6049225008602865 0.3064535357717966 -1.013199298722289 1.306208665162855
27.394687939303 0.6147433860302334 0.318712003530446 -1.036894424948463 1.253390049060072
27.42610386583889 0.6249444729113353 0.3306559410588215 -1.058192997920113 1.20028434868146
27.45751979237479 0.6355156942626886 0.3422735611409934 -1.077152164940447 1.147050551233274
27.48893571891069 0.6464466176397717 0.3535533985234657 -1.09383630742512 1.093836307425124
27.52035164544658 0.657726455545331 0.3644843213602124 -1.108315807088845 1.040777819041995
27.55176757198249 0.669344076068873 0.3750555422269666 -1.120665882390325 0.9879998777424071
27.58318349851838 0.6812880140338949 0.3852566286003327 -1.130965504902387 0.9356160340683428
27.61459942505428 0.6935464823585237 0.3950775130643658 -1.139296402583765 0.8837288764967567
27.64601535159018 0.7061073832964219 0.4045085037273662 -1.145742154115564 0.8324304010934318
27.67743127812608 0.7189583207203465 0.4135402933929178 -1.150387373562747 0.7818024517595978
27.70884720466197 0.7320866122434689 0.4221639688874306 -1.153316986516914 0.7319172158291003
27.74026313119787 0.7454793021727845 0.4303710191373024 -1.154615593612342 0.6828377585624603
27.77167905773377 0.7591231731836122 0.438153345336638 -1.154366920942231 0.6346185851254381
27.80309498426967 0.7730047604561571 0.4455032672488869 -1.152653346743397 0.5873062146106877
27.83451091080557 0.7871103647788821 0.4524135309214805 -1.149555504481517 0.5409397596799351
27.86592683734146 0.8014260653476746 0.4588773173153343 -1.145151955203552 0.495551502261776
27.89734276387737 0.8159377345259244 0.4648882469415807 -1.139518919821094 0.4511674569120944
27.92875869041326 0.8306310508410994 0.4704403882360418 -1.132730070711282 0.4078079189337857
27.96017461694916 0.8454915139306883 0.4755282614718471 -1.124856371264679 0.3654879904569679
27.99159054348506 0.8605044581590598 0.4801468459889797 -1.115965962258196 0.3242180832346837
28.02300647002096 0.8756550677275277 0.4842915832655663 -1.10612408564284 0.2840043943447351
28.05442239655685 0.8909283906700486 0.4879583834661351 -1.095393044108495 0.2448493545395755
28.08583832309275 0.9063093542067263 0.4911436272652461 -1.083832188390535 0.2067520474283702
28.11725424962865 0.921782779007134 0.4938441720861198 -1.071497931062448 0.1697086001202265
28.14867017616455 0.9373333948359869 0.4960573518678447 -1.058443779748268 0.1337125448157486
28.18008610270044 0.9529458550097141 0.497780983091351 -1.044720389274301 0.09875515258687739
28.21150202923634 0.9686047519372496 0.4990133646296239 -1.030375626830424 0.06482573970831139
28.24291795577224 0.9842946321833163 0.4997532802415657 -1.015454649131503 0.03191194795856356
28.27433388230814 1.000000011732074 0.4999999997368694 -0.9999999882679257 1.102182106301735e-15
28.30574980884404 1.015705391275947 0.4997532797128243 -0.984051644256937 -0.03092506877281613
28.33716573537993 1.031395271486116 0.4990133632362156 -0.9676471824330122 -0.06087920050170327
28.36858166191583 1.047054168355751 0.4977809809291076 -0.9508218339519801 -0.08987912580138825
28.39999758845173 1.06266662843545 0.4960573488504457 -0.9336085981877073 -0.1179421939209937
28.43141351498763 1.078217244125787 0.4938441681285336 -0.9160383456823217 -0.1450862206967084
28.46282944152352 1.09369066884297 0.4911436228510782 -0.8981399208314214 -0.1713293529183675
28.49424536805942 1.109071632182745 0.4879583781133352 -0.8799402433709913 -0.1966899477603786
28.52566129459532 1.124344954983949 0.484291577338678 -0.8614644080850248 -0.2211864660062468
28.55707722113122 1.139495564332676 0.4801468392672107 -0.8427357821610495 -0.2448373778467587
28.58849314766712 1.154508508382518 0.4755282541740423 -0.8237760998639986 -0.2676610801317393
28.61990907420302 1.169368971268164 0.4704403803343981 -0.804605553997088 -0.2896758239428345
28.65132500073891 1.18406228736499 0.4648882384448444 -0.7852428844409651 -0.3108996516592907
28.68274092727481 1.198573956137387 0.4588773078314891 -0.7657054627163816 -0.3313503422973225
28.71415685381071 1.212889656555562 0.4524135210954248 -0.7460093732150397 -0.3510453644845374
28.74557278034661 1.226995260454893 0.4455032565453658 -0.7261694913622072 -0.3700018364954675
28.77698870688251 1.240876847361934 0.4381533339394436 -0.7061995571171023 -0.3882364919016004
28.8084046334184 1.254520718184306 0.4303710073965072 -0.6861122455193204 -0.405765650875113
28.8398205599543 1.267913407474546 0.4221639560952228 -0.6659192343298616 -0.4226051967115529
28.8712364864902 1.28104169867592 0.4135402801120563 -0.6456312664368622 -0.4387705555823013
28.9026524130261 1.293892635689228 0.404508489858292 -0.6252582108128335 -0.4542766811400639
28.934068339562 1.306453536188309 0.3950774986059701 -0.6048091191065516 -0.4691380417869175
28.96548426609789 1.318712004092984 0.3852566136111137 -0.5842922794243862 -0.483368611016104
28.99690019263379 1.330655941680817 0.3750555267842894 -0.5637152671358139 -0.4969818603059154
29.02831611916969 1.342273561665985 0.364484305312346 -0.5430849926870657 -0.5099907541045885
29.05973204570559 1.353553399036513 0.3535533819125793 -0.5224077466687911 -0.5224077466687909
29.09114797224148 1.364484322002314 0.3422735441180706 -0.5016892425148214 -0.5342447807327566
29.12256389877738 1.375055542617125 0.3306559233545845 -0.4809346566939296 -0.5455132875598483
29.15397982531328 1.38525662890001 0.3187119853107096 -0.4601486659225378 -0.5562241874183478
29.18539575184918 1.395077513346404 0.3064535169724785 -0.4393354833616255 -0.5663878922973441
29.21681167838507 1.404508504050834 0.2938926160648524 -0.4184988916743516 -0.5760143082377982
29.24822760492097 1.413540293701541 0.2810416786283125 -0.3976422747598108 -0.5851128389900667
29.27964353145687 1.422163969047301 0.2679133870082627 -0.3767686473859575 -0.5936923898217064
29.31105945799277 1.430371019488804 0.2545206971955353 -0.3558806832735569 -0.6017613718932608
29.34247538452867 1.43815334559809 0.2408768261296299 -0.334980741501781 -0.6093277067609441
29.37389131106456 1.445503267312704 0.2269952387539868 -0.3140708914366898 -0.6163988310070119
29.40530723760046 1.452413531213487 0.2128896345432547 -0.293152936415661 -0.6229817011619543
29.43672316413636 1.458877317379125 0.1985739338708731 -0.2722284361431156 -0.6290827986363705
29.46813909067226 1.464888247478251 0.1840622648828545 -0.2512987276117417 -0.6347081338722088
29.49955501720816 1.470440388617618 0.169368948497123 -0.2303649456770882 -0.6398632520144255
29.53097094374406 1.475528261589546 0.1545084853121477 -0.2094280417523504 -0.6445532363240578
29.56238687027995 1.480146846065353 0.13949554107074 -0.1884888021623457 -0.6487827124921243
29.59380279681585 1.484291583367321 0.1243449315084924 -0.1675478658988747 -0.6525558535683842
29.62521872335175 1.487958383285767 0.1090716085011347 -0.1466057410253841 -0.6558763826335587
29.65663464988765 1.49114362751552 0.09369064505341272 -0.1256628208899835 -0.6587475764258433
29.68805057642355 1.49384417210075 0.07821722020781573 -0.1047193997619189 -0.6611722688626754
29.71946650295944 1.496057352007495 0.06266660439384507 -0.08377568774093264 -0.6631528530528602
29.75088242949534 1.497780983364777 0.04705414422722332 -0.06283182545628259 -0.6646912837460003
29.78229835603124 1.499013364840745 0.03139524728536204 -0.04188789840175095 -0.6657890795618768
29.81371428256714 1.499753280199964 0.01570536702232538 -0.02094395091033989 -0.6664473240775081
29.84513020910303 1.499999999627823 -1.252820409305813e-08 -1.959847532879765e-15 -0.6666666668320789
29.87654613563893 1.499753279688332 -0.01570539207502255 0.02094395091748325 -0.666447324304863
29.90796206217483 1.499013363179254 -0.0313952722867965 0.04188789844817515 -0.6657890802998307
29.93937798871073 1.497780980739492 -0.04705416914719081 0.06283182556641158 -0.6646912849110598
29.97079391524663 1.496057348678272 -0.06266662922887063 0.08377568792735977 -0.6631528545285953
30.00220984178253 1.493844167939204 -0.07821724491749835 0.1047194000536466 -0.6611722707045667
30.03362576831842 1.491143622768453 -0.09369066965616223 0.1256628212900328 -0.6587475785229707
30.06504169485432 1.487958377909125 -0.1090716329741076 0.1466057415551354 -0.6558763850035259
30.09645762139022 1.484291577305125 -0.1243449558211919 0.167547866583178 -0.6525558562335761
30.12787354792611 1.480146839120775 -0.13949556514566 0.1884888030466967 -0.6487827155360947
30.15928947446201 1.475528254065362 -0.154508509213325 0.2094280428202886 -0.644553239610839
30.19070540099791 1.470440379857268 -0.1693689719740745 0.2303649470495151 -0.6398632558264997
30.22212132753381 1.464888237931422 -0.1840622880519327 0.2512987292494802 -0.6347081380086684
30.25353725406971 1.458877307692151 -0.1985739569808741 0.272228437950714 -0.6290828028134942
30.2849531806056 1.452413520659034 -0.2128896572687393 0.2931529385459543 -0.6229817056890617
30.3163691071415 1.445503256058755 -0.2269952611413657 0.3140708938818836 -0.6163988358059785
30.3477850336774 1.438153333808756 -0.2408768482417005 0.3349807442478032 -0.6093277117559378
30.3792009602133 1.430371006644996 -0.2545207187100689 0.3558806864691365 -0.601761377296689
30.4106168867492 1.422163955556436 -0.2679134081229528 0.3767686509600434 -0.5936923954535627
30.4420328132851 1.413540279897375 -0.2810416995421239 0.3976422786430522 -0.5851128447040856
30.47344873982099 1.404508489390767 -0.2938926363852204 0.4184988960425821 -0.5760143142501587
30.50486466635689 1.395077498096388 -0.3064535368542423 0.4393354881641341 -0.5663878984887033
30.53628059289279 1.385256613041889 -0.3187120047110073 0.460148671190218 -0.5562241937858856
30.56769651942869 1.375055526012126 -0.3306559421190735 0.4809346625016355 -0.5455132941474
30.59911244596458 1.364484304587914 -0.342273562137463 0.5016892489176892 -0.5342447875511245
30.63052837250049 1.353553381213411 -0.353553399524802 0.5224077535476683 -0.5224077535476668
30.66194429903638 1.342273543292933 -0.3644843223501161 0.5430850001208164 -0.5099907610853475
30.69336022557228 1.330655922684095 -0.3750555431258521 0.5637152751835313 -0.4969818674009315
30.72477615210818 1.318711984618824 -0.3852566293798824 0.5842922880529571 -0.4833686181542809
30.75619207864408 1.306453516338903 -0.3950775138976518 0.6048091282956285 -0.4691380489146951
30.78760800517997 1.293892615451213 -0.4045085046316885 0.6252582205926123 -0.4542766882454913
30.81902393171587 1.281041678006416 -0.4135402942757192 0.645631276854068 -0.4387705626618326
30.85043985825177 1.267913386304834 -0.4221639694994101 0.6659192454483794 -0.4226052037675812
30.88185578478766 1.25452069643247 -0.4303710198390969 0.686112257415655 -0.4057656579105911
30.91327171132356 1.240876825530226 -0.4381533462387581 0.7061995695418173 -0.3882364987321474
30.94468763785946 1.226995238030202 -0.4455032677261359 0.7261695046337533 -0.3700018432576634
30.97610356439536 1.212889633755296 -0.4524135314909223 0.7460093872387497 -0.3510453710835932
31.00751949093126 1.198573933151083 -0.4588773178043814 0.7657054774011141 -0.3313503486519758
31.03893541746716 1.184062263997199 -0.4648882474897463 0.7852428999379473 -0.3108996577949789
31.07035134400305 1.169368947629571 -0.4704403886458153 0.804605570262051 -0.2896758297985836
31.10176727053895 1.154508484567877 -0.4755282619646723 0.8237761168564525 -0.2676610856529212
31.13318319707485 1.139495540257939 -0.4801468462125438 0.8427357999659818 -0.2448373830195751
31.16459912361075 1.124344930762634 -0.4842915837567819 0.8614644266432091 -0.2211864707711807
31.19601505014665 1.109071607772615 -0.4879583837711525 0.8799402627380507 -0.1966899520894314
31.22743097668254 1.093690644230161 -0.4911436275454956 0.8981399410434852 -0.1713293567740303
31.25884690321844 1.078217219413066 -0.4938441722708863 0.9160383666779053 -0.1450862240220843
31.29026282975434 1.062666603598625 -0.4960573521655998 0.9336086200081665 -0.1179421966775643
31.32167875629024 1.047054143404296 -0.4977809832219178 0.9508218566102042 -0.08987912794321987
31.35309468282614 1.03139524649195 -0.4990133650142262 0.9676472058823483 -0.0608792019770127
31.38451060936204 1.015705366225858 -0.4997532803099689 0.9840516685263586 -0.03092506953551222
31.41592653589793 0.9999999866756025 -0.4999999996734618 1.000000013324398 -1.224646815465034e-15
31.44734246243383 0.9842946071392057 -0.4997532794540221 1.015454674968441 0.03191194877052328
31.47875838896973 0.968604726928083 -0.4990133630901686 1.030375653434503 0.06482574138209206
31.51017431550563 0.9529458300582917 -0.4977809807981094 1.044720416628699 0.0987551551726269
31.54159024204152 0.9373333699634847 -0.4960573488346728 1.058443807834482 0.13371254836386
31.57300616857742 0.921782754270098 -0.4938441680968588 1.071497959817253 0.1697086046745338
31.60442209511332 0.9063093295978248 -0.4911436225501441 1.083832217819692 0.2067520530422796
31.63583802164921 0.8909283662191945 -0.4879583779902021 1.095393074170729 0.2448493612592741
31.66725394818512 0.8756550434459592 -0.4842915770818985 1.106124116315224 0.2840044022200661
31.69866987472101 0.8605044340858345 -0.4801468390383388 1.11596599347814 0.3242180923049132
31.73008580125691 0.845491490102128 -0.4755282537239994 1.124856402966603 0.3654880007575492
31.76150172779281 0.8306310272644971 -0.4704403797523398 1.132730102862654 0.4078079305089888
31.79291765432871 0.8159377112267994 -0.4648882377231034 1.139518952360089 0.4511674697951957
31.8243335808646 0.8014260423331998 -0.4588773074075045 1.145151988088774 0.4955515164924743
31.8557495074005 0.787110342092508 -0.4524135202838511 1.149555537614416 0.5409397752710906
31.8871654339364 0.7730047380899729 -0.445503255953262 1.152653380094368 0.5873062316038524
31.9185813604723 0.7591231512096512 -0.4381533332960889 1.154366954357119 0.6346186034954245
31.94999728700819 0.7454792805771771 -0.4303710064305101 1.15461562706012 0.6828377783434181
31.98141321354409 0.7320865911387791 -0.4221639553806755 1.153317019764895 0.7319172369289005
32.01282914007999 0.7189582999403186 -0.4135402793917908 1.150387406812354 0.7818024743560096
32.04424506661589 0.7061073629734109 -0.4045084890708094 1.145742187092036 0.8324304250522432
32.07566099315179 0.693546462440858 -0.3950774978604974 1.139296435302736 0.8837289018761874
32.10707691968769 0.6812879948098488 -0.3852566125290794 1.13096553681508 0.935616060468814
32.13849284622358 0.6693440571319824 -0.375055525817497 1.120665914095882 0.9879999056946183
32.16990877275948 0.6577264372376479 -0.3644843042528461 1.108315837938595 1.040777848011834
32.20132469929538 0.6464465999305105 -0.3535533807974816 1.093836337390529 1.093836337390521
32.23274062583128 0.6355156771078089 -0.342273542877931 1.077152194016708 1.147050582196334
32.26415655236718 0.6249444562523357 -0.3306559223419306 1.058193026128121 1.200284380677159
32.29557247890308 0.6147433699921456 -0.3187119842789359 1.036894452000081 1.253390081759864
32.32698840543897 0.6049224856219686 -0.3064535158808794 1.013199324245324 1.306208698066938
32.35840433197487 0.5954914948411824 -0.2938926150300817 0.9870590216393234 1.358570191822321
32.38982025851077 0.5864597052854218 -0.2810416775251657 0.9584347787007355 1.410293949985928
32.42123618504667 0.5778360300675711 -0.2679133858230423 0.9272990383038903 1.461189475158344
32.45265211158257 0.569628979622645 -0.2545206960154758 0.8936367951075597 1.51105729833856
32.48406803811846 0.5618466535176646 -0.2408768249486024 0.8574469049259402 1.559690129962322
32.51548396465436 0.5544967316861914 -0.2269952376325709 0.8187433284935526 1.606874257813692
32.54689989119026 0.5475864680036562 -0.212889633313234 0.7775562700030606 1.65239118447313
32.57831581772616 0.5411226818523243 -0.198573932635786 0.733933179949688 1.696019509924078
32.60973174426205 0.5351117520309105 -0.1840622635380661 0.6879395776443674 1.737537032889798
32.64114767079795 0.5295596109671196 -0.1693689471339531 0.639659659139538 1.776723053398881
32.67256359733385 0.5244717377979549 -0.1545084840229607 0.5891966565679712 1.813360850077939
32.70397952386975 0.5198531534543215 -0.1394955397447161 0.5366729126973419 1.847240281791082
32.73539545040565 0.5157084160205805 -0.1243449302209725 0.4822296465197271 1.878160470218074
32.76681137694154 0.5120416160341871 -0.1090716072276621 0.4260263903666405 1.905932508957609
32.79822730347744 0.508856372253505 -0.09369064368962005 0.3682400866002635 1.930382135883575
32.82964323001334 0.5061558277302366 -0.07821721884281302 0.3090638425358709 1.951352303942139
32.86105915654924 0.5039426478028207 -0.06266660304065992 0.2487053519100899 1.96870557719232
32.89247508308513 0.5022190165770338 -0.04705414286877106 0.1873850057688599 1.982326299367386
32.92389100962103 0.5009866349294515 -0.03139524594769479 0.125333721803094 1.99212246164773
32.95530693615693 0.5002467194672988 -0.0157053656910885 0.06279053486163386 1.99802721631055
32.98672286269283 0.5000000002058196 1.386078102191181e-08 -9.809554001872595e-16 1.999999999176722
33.01813878922872 0.500246720346484 0.01570539339868341 -0.06279053475126707 1.998027212799011
33.04955471576462 0.5009866366614107 0.03139527361505184 -0.125333721369791 1.992122454760771
33.08097064230052 0.5022190191875732 0.04705417046714287 -0.1873850047948186 1.982326289063236
33.11238656883641 0.5039426512771495 0.06266663054365859 -0.2487053501954301 1.968705563619486
33.14380249537231 0.5061558320647447 0.07821724622343057 -0.3090638398891647 1.951352287231571
33.17521842190821 0.508856377447506 0.09369067092027664 -0.3682400828415499 1.930382116179772
33.20663434844412 0.5120416221048193 0.1090716342763629 -0.4260263853157845 1.905932486361368
33.23805027498001 0.5157084229190952 0.1243449570704213 -0.4822296400690522 1.878160445094346
33.26946620151591 0.519853161212782 0.139495566358413 -0.5366729046878597 1.847240254222256
33.30088212805181 0.5244717463533306 0.1545085103912387 -0.5891966469567806 1.81336082049773
33.33229805458771 0.5295596202992806 0.1693689732374798 -0.6396596478671416 1.77672302208859
33.3637139811236 0.5351117622416522 0.1840622893105661 -0.6879395645174293 1.737536999734968
33.3951299076595 0.5411226927972211 0.1985739581052833 -0.7339331651049547 1.696019475619918
33.4265458341954 0.5475864798800468 0.2128896583619747 -0.7775562531389459 1.652391148635058
33.45796176073129 0.5544967443628945 0.2269952622860209 -0.8187433097757303 1.606874221077922
33.48937768726719 0.5618466669202001 0.2408768492149657 -0.8574468844720179 1.559690092756798
33.52079361380309 0.5696289936757217 0.2545207199110525 -0.8936367730610244 1.511057261059902
33.55220954033899 0.5778360447963226 0.2679134093085415 -0.9272990146675034 1.461189437913355
33.58362546687489 0.5864597208040564 0.2810417004960206 -0.9584347533390547 1.410293912667367
33.61504139341078 0.5954915112480136 0.2938926373754335 -0.9870589944441148 1.358570154391345
33.64645731994668 0.6049225025179383 0.3064535378585256 -1.013199295945848 1.30620866158349
33.67787324648258 0.6147433877618416 0.3187120055564812 -1.03689442202774 1.253390045529525
33.70928917301848 0.6249444746127484 0.3306559431114035 -1.058192995039175 1.200284345413687
33.74070509955438 0.6355156959792863 0.3422735631846163 -1.07715216203094 1.147050548134965
33.77212102609028 0.6464466194153566 0.353553400516568 -1.093836304420696 1.093836304420701
33.80353695262617 0.6577264574236094 0.3644843232529552 -1.108315803923816 1.040777816069828
33.83495287916207 0.6693440780945386 0.3750555439588819 -1.120665878998797 0.9879998747523877
33.86636880569797 0.6812880160741053 0.3852566303147565 -1.130965501515553 0.9356160312665167
33.89778473223387 0.693546484504781 0.395077514645326 -1.139296399058088 0.8837288737619549
33.92920065876977 0.7061073854381221 0.404508505313301 -1.145742150640404 0.8324303985685803
33.96061658530567 0.7189583229288791 0.4135402948841683 -1.150387370028928 0.7818024493580178
33.99203251184156 0.7320866145918288 0.4221639701603681 -1.15331698281735 0.7319172134812798
34.02344843837746 0.7454793044597112 0.4303710205053604 -1.154615590070299 0.6828377564676968
34.05486436491336 0.7591231755037253 0.4381533466479501 -1.154366917414132 0.6346185831858494
34.08628029144926 0.7730047629015393 0.4455032683194053 -1.152653343097006 0.5873062127527586
34.11769621798516 0.7871103671992563 0.4524135320367431 -1.149555500946621 0.5409397580165348
34.14911214452106 0.8014260678485594 0.4588773182461532 -1.145151951630059 0.4955515007153781
34.18052807105695 0.8159377369932546 0.4648882479488198 -1.139518916375278 0.4511674555478047
34.21194399759285 0.830631053385793 0.4704403890348498 -1.132730067241088 0.4078079176844392
34.24335992412875 0.8454915164677547 0.475528262287166 -1.124856367889322 0.3654879893602484
34.27477585066464 0.8605044607366571 0.4801468466686003 -1.115965958915375 0.3242180822635092
34.30619177720054 0.87565507027144 0.4842915840732471 -1.106124082429379 0.2840043935196629
34.33760770373644 0.8909283933050169 0.487958383893874 -1.095393040868812 0.2448493538154207
34.36902363027234 0.9063093568252999 0.4911436277595316 -1.08383218525905 0.2067520468310077
34.40043955680823 0.9217827816661249 0.4938441723325724 -1.071497927971585 0.1697085996306862
34.43185548334413 0.9373333974535051 0.4960573524101271 -1.058443776792547 0.1337125444423582
34.46327140988003 0.9529458576515347 0.4977809834607216 -1.044720386378057 0.09875515231310197
34.49468733641593 0.9686047545929577 0.4990133648590711 -1.030375624005354 0.0648257395305696
34.52610326295182 0.9842946348465196 0.4997532803365943 -1.01545464638399 0.03191194787222694
34.55751918948772 1.000000014396937 0.4999999996742638 -0.9999999856030632 4.899825087320116e-15
34.58893511602363 1.015705393933531 0.4997532794397363 -0.9840516416821746 -0.03092506869190422
34.62035104255952 1.031395274160173 0.4990133632987398 -0.9676471799242321 -0.06087920034386397
34.65176696909542 1.047054171002253 0.4977809806095762 -0.9508218315487111 -0.08987912557421222
34.68318289563132 1.062666631094939 0.496057348640607 -0.9336085958512063 -0.1179421936258281
34.71459882216722 1.07821724678111 0.4938441678590434 -0.9160383434263957 -0.1450862203394079
34.74601474870311 1.093690671454754 0.4911436223215196 -0.8981399186866211 -0.1713293525092247
34.77743067523901 1.109071634833277 0.4879583777554173 -0.8799402412680525 -0.1966899472903158
34.80884660177491 1.124344957620977 0.4842915768940658 -0.8614644060645542 -0.2211864654874811
34.84026252831081 1.139495566869893 0.480146838449058 -0.8427357802846002 -0.244837377301606
34.8716784548467 1.154508510909793 0.4755282533289032 -0.8237760980607138 -0.2676610795458131
34.9030943813826 1.169368973755675 0.4704403793769876 -0.8046055522855111 -0.2896758233266287
34.9345103079185 1.184062289822721 0.464888237413538 -0.7852428828110544 -0.3108996510139632
34.96592623445439 1.198573958560246 0.4588773067206041 -0.7657054611685464 -0.331350341627511
34.99734216099029 1.21288965886583 0.4524135197463453 -0.7460093717940692 -0.351045363815876
35.02875808752619 1.226995262740935 0.4455032551622735 -0.7261694900092651 -0.3700018358061089
35.06017401406209 1.240876849718755 0.4381533326951327 -0.7061995557758038 -0.3882364911642152
35.09158994059798 1.254520720340542 0.4303710058077105 -0.6861122443400511 -0.4057656501776917
35.12300586713388 1.267913409863486 0.422163954886427 -0.665919233075171 -0.4226051959152986
35.15442179366978 1.281041701001235 0.4135402787928538 -0.6456312652649283 -0.4387705547858556
35.18583772020568 1.293892637981943 0.4045084884804069 -0.6252582097049065 -0.4542766803351075
35.21725364674158 1.306453538420369 0.3950774971357589 -0.6048091180732457 -0.4691380409853962
35.24866957327747 1.318712006089338 0.3852566118437409 -0.5842922785398477 -0.4833686102843463
35.28008549981338 1.330655943513067 0.3750555248330118 -0.5637152663596028 -0.4969818596215967
35.31150142634928 1.34227356347746 0.364484303348604 -0.5430849919541378 -0.5099907534163305
35.34291735288517 1.353553400785578 0.3535533798930791 -0.5224077459937347 -0.5224077459937342
35.37433327942107 1.364484323621883 0.342273541983341 -0.5016892419193416 -0.5342447800986386
35.40574920595697 1.375055544584056 0.330655921536071 -0.4809346560059811 -0.5455132867795275
35.43716513249286 1.38525663053529 0.318711983205028 -0.4601486653793375 -0.5562241867617308
35.46858105902876 1.395077515099674 0.3064535149598944 -0.4393354828094889 -0.5663878915855334
35.49999698556466 1.404508505764568 0.2938926140159777 -0.4184988911637114 -0.5760143075349663
35.53141291210056 1.413540295181448 0.2810416764120908 -0.3976422743434971 -0.5851128383774837
35.56282883863646 1.4221639707168 0.267913384911584 -0.3767686469436656 -0.5936923891247606
35.59424476517236 1.430371021073218 0.2545206950365491 -0.355880682879352 -0.6017613712266915
35.62566069170826 1.438153346882475 0.2408768237947212 -0.3349807412026169 -0.6093277062167661
35.65707661824415 1.44550326863766 0.2269952364382042 -0.3140708911488086 -0.6163988304420183
35.68849254478005 1.452413532239565 0.2128896320809062 -0.2931529362085614 -0.622981700721839
35.71990847131595 1.458877318446192 0.1985739314289277 -0.2722284359439995 -0.62908279817624
35.75132439785185 1.464888248183982 0.1840622622961273 -0.2512987274906751 -0.6347081335664291
35.78274032438774 1.470440389259904 0.1693689458960456 -0.2303649455764676 -0.6398632517349333
35.81415625092364 1.47552826245275 0.1545084827906404 -0.2094280416298346 -0.6445532359469848
35.84557217745954 1.48014684665561 0.1394955384671904 -0.1884888020871797 -0.6487827122334007
35.87698810399544 1.484291583917233 0.1243449288983945 -0.1675478658368004 -0.6525558533266201
35.90840403053133 1.487958384008229 0.1090716059320165 -0.1466057409542061 -0.655876382315104
35.93981995706724 1.491143627819265 0.09369064239847809 -0.1256628208643862 -0.6587475762916566
35.97123588360314 1.493844172461906 0.07821721756696584 -0.1047193997365994 -0.6611722687028287
36.00265181013904 1.496057352421901 0.06266660176017896 -0.08377568771772231 -0.6631528528691681
36.03406773667493 1.497780983497717 0.04705414156304441 -0.06283182545070592 -0.6646912836870035
36.06548366321083 1.499013364794286 0.03139524461229299 -0.04188789840304696 -0.6657890795825117
36.09689958974673 1.499753280270564 0.01570536435834455 -0.02094395090935177 -0.6664473240461358
36.12831551628262 1.499999999843268 -1.51930540893915e-08 -2.123133772501646e-15 -0.6666666667363252
36.15973144281852 1.499753279466923 -0.01570539473422389 0.02094395092057506 -0.6664473244032509
36.19114736935442 1.49901336285935 -0.03139527493676618 0.04188789845711662 -0.6657890804419163
36.22256329589032 1.497780980483097 -0.04705417179962423 0.06283182557716954 -0.6646912850248435
36.25397922242621 1.496057348403762 -0.06266663188020634 0.08377568794272912 -0.6631528546502765
36.28539514896211 1.493844167538924 -0.0782172475521396 0.104719400081704 -0.6611722708817303
36.31681107549801 1.49114362210989 -0.09369067224346474 0.1256628213455315 -0.6587475788139063
36.34822700203391 1.487958377612591 -0.1090716356384958 0.1466057415843522 -0.655876385134235
36.3796429285698 1.4842915764103 -0.1243449583427484 0.167547866684184 -0.6525558566269789
36.4110588551057 1.480146838191521 -0.1394955676507618 0.1884888031650321 -0.6487827159434084
36.4424747816416 1.475528253229097 -0.1545085117436314 0.2094280429389831 -0.6445532399761432
36.47389070817749 1.470440378889679 -0.1693689744580379 0.230364947201099 -0.6398632562475477
36.50530663471339 1.464888236908086 -0.1840622905129158 0.251298729425029 -0.6347081384520611
36.53672256124929 1.458877306501443 -0.1985739593693416 0.2722284381729014 -0.6290828033269394
36.56813848778519 1.452413519332288 -0.2128896595896619 0.2931529388137425 -0.6229817062581411
36.59955441432108 1.445503255027672 -0.2269952636069451 0.314070894105907 -0.6163988362456604
36.63097034085699 1.438153332340755 -0.2408768504757929 0.334980744589736 -0.6093277123779119
36.66238626739289 1.430371005425363 -0.2545207210848899 0.3558806867725868 -0.601761377809791
36.69380219392879 1.422163954280937 -0.267913410469745 0.3767686512979584 -0.5936923959860274
36.72521812046468 1.41354027816671 -0.2810417015880105 0.3976422791299044 -0.5851128454204674
36.75663404700058 1.404508488057145 -0.2938926387103138 0.4184988964399612 -0.5760143147971002
36.78804997353648 1.395077496602507 -0.3064535390681146 0.4393354886345863 -0.5663878990952029
36.81946590007238 1.385256611189362 -0.3187120066370529 0.4601486718055864 -0.5562241945297307
36.85088182660827 1.375055524411359 -0.3306559442604323 0.4809346630615141 -0.5455132947824578
36.88229775314417 1.364484302774226 -0.3422735640899451 0.5016892495845421 -0.5342447882612473
36.91371367968007 1.353553379281831 -0.3535534013618979 0.5224077542931668 -0.5224077542931655
36.94512960621596 1.342273541310559 -0.3644843241320322 0.5430850009228846 -0.5099907618385434
36.97654553275186 1.330655920692546 -0.3750555448965926 0.5637152760272234 -0.49698186814475
37.00796145928776 1.318711982636782 -0.3852566311647321 0.5842922889311564 -0.4833686188807907
37.03937738582366 1.306453514364931 -0.3950775157008392 0.6048091292094587 -0.4691380496235346
37.07079331235956 1.293892613435413 -0.4045085063910072 0.6252582215667218 -0.4542766889532269
37.10220923889545 1.281041675893472 -0.4135402959077462 0.6456312779189689 -0.4387705633855387
37.13362516543135 1.2679133841916 -0.4221639711429208 0.6659192465582678 -0.4226052044719379
37.16504109196725 1.254520694182861 -0.4303710212703126 0.6861122586459943 -0.4057656586382087
37.19645701850315 1.240876823090051 -0.4381533473316643 0.7061995709305522 -0.3882364994956145
37.22787294503905 1.226995235670424 -0.445503268964677 0.7261695060303347 -0.3700018439692573
37.25928887157495 1.212889631380472 -0.4524135327029001 0.7460093886994267 -0.3510453717709391
37.29070479811084 1.198573930672302 -0.458877318786206 0.7657054789846739 -0.33135034933725
37.32212072464674 1.184062261594635 -0.4648882486606543 0.7852429015312724 -0.3108996584258212
37.35353665118264 1.169368945193984 -0.4704403897477289 0.8046055719379014 -0.2896758304019239
37.38495257771854 1.15450848200745 -0.4755282627080418 0.8237761186833943 -0.2676610862465275
37.41636850425444 1.139495537693958 -0.4801468469389752 0.8427358018622232 -0.2448373835704843
37.44778443079034 1.124344928156585 -0.4842915843225271 0.8614644286399439 -0.2211864712838553
37.47920035732623 1.109071605146436 -0.4879583842384718 0.8799402648216681 -0.196689952555172
37.51061628386213 1.093690641606987 -0.4911436280157047 0.8981399431976393 -0.1713293571849508
37.54203221039803 1.078217216750094 -0.4938441724924302 0.9160383689403293 -0.1450862243804174
37.57344813693393 1.062666600934532 -0.4960573523391476 0.9336086223487129 -0.117942196973241
37.60486406346983 1.047054140755486 -0.497780983517024 0.9508218590155688 -0.089879128170594
37.63627999000572 1.031395243820419 -0.4990133649912769 0.9676472083887587 -0.06087920213470639
37.66769591654162 1.015705363568271 -0.4997532805827457 0.9840516711011233 -0.0309250696164312
37.69911184307752 0.9999999840107363 -0.4999999997479005 1.000000015989264 -1.469576182474265e-15
37.73052776961342 0.9842946044752392 -0.4997532793829799 1.015454677716741 0.03191194885689184
37.76194369614931 0.9686047242700635 -0.4990133628968212 1.030375656262033 0.06482574155998122
37.79335962268521 0.9529458274118955 -0.4977809804768624 1.04472041952996 0.0987551554468728
37.82477554922111 0.9373333673383724 -0.4960573483523987 1.058443810798778 0.1337125487383374
37.85619147575701 0.9217827516459463 -0.4938441676299834 1.071497962867617 0.1697086051576676
37.8876074022929 0.9063093269633254 -0.4911436221390613 1.083832220970224 0.2067520536432714
37.9190233288288 0.8909283636490877 -0.4879583772719646 1.095393077330665 0.2448493619656033
37.9504392553647 0.8756550408995382 -0.4842915762837989 1.106124119531855 0.284004403045952
37.98185518190059 0.8605044315810949 -0.4801468381077582 1.115965996726475 0.3242180932486328
38.0132711084365 0.8454914875240629 -0.4755282530345668 1.124856406396506 0.3654880018719917
38.0446870349724 0.8306310247222184 -0.4704403789464976 1.132730106329554 0.4078079317571539
38.0761029615083 0.8159377087020436 -0.464888236860556 1.139518955886101 0.4511674711912469
38.10751888804419 0.8014260399173143 -0.4588773062800489 1.145151991540816 0.4955515179863058
38.13893481458009 0.7871103395961049 -0.4524135193300415 1.149555541260352 0.5409397769867377
38.17035074111599 0.7730047358085418 -0.4455032545608162 1.152653383496285 0.5873062333372204
38.20176666765189 0.7591231487928121 -0.4381533321605707 1.154366958032304 0.6346186055158792
38.23318259418778 0.7454792781825486 -0.4303710052444699 1.154615630768977 0.6828377805368293
38.26459852072368 0.7320865889567567 -0.4221639538455184 1.153317023202414 0.7319172391104219
38.29601444725958 0.7189582976964566 -0.4135402779523922 1.150387410402702 0.7818024767960075
38.32743037379548 0.706107360741544 -0.4045084876089526 1.145742190713503 0.8324304276833923
38.35884630033137 0.6935464604519437 -0.3950774960766356 1.139296438569948 0.8837289044104963
38.39026222686727 0.6812879927470696 -0.3852566108418275 1.130965540239377 0.9356160633016382
38.42167815340317 0.6693440552579505 -0.3750555239133257 1.120665917233527 0.9879999084608239
38.45309407993906 0.6577264351664542 -0.3644843025653919 1.108315841428711 1.040777851289256
38.48451000647496 0.6464465979491977 -0.3535533790098921 1.09383634074306 1.093836340743051
38.51592593301086 0.6355156751726765 -0.3422735410392728 1.077152197296615 1.14705058568908
38.54734185954676 0.6249444544591469 -0.3306559203699971 1.058193029164455 1.200284384121204
38.57875778608265 0.6147433683824438 -0.3187119821518724 1.036894454715193 1.253390085041851
38.61017371261855 0.6049224839257388 -0.3064535138238488 1.013199327086381 1.306208701729606
38.64158963915445 0.595491493378787 -0.2938926127984538 0.9870590240633221 1.358570195158668
38.67300556569036 0.5864597037129644 -0.2810416753716988 0.9584347812705493 1.410293953767315
38.70442149222625 0.577836028509455 -0.267913383655538 0.9272990408043222 1.461189479098393
38.73583741876215 0.5696289782276779 -0.2545206937443443 0.8936367972959913 1.511057302038995
38.76725334529805 0.561846652284087 -0.2408768225856388 0.8574469068085202 1.559690133386747
38.79866927183394 0.5544967306043911 -0.2269952351928039 0.8187433300908877 1.606874260948638
38.83008519836984 0.5475864669699408 -0.2128896308543814 0.7775562714709056 1.652391187592459
38.86150112490574 0.5411226806483604 -0.1985739302529829 0.7339331815826434 1.696019513697614
38.89291705144164 0.535111751137571 -0.1840622610254405 0.6879395787928327 1.737537035790525
38.92433297797754 0.5295596100230202 -0.1693689446413259 0.6396596602799243 1.776723056566425
38.95574890451343 0.5244717369038083 -0.1545084815112537 0.5891966575724646 1.81336085316945
38.98716483104933 0.5198531527759298 -0.1394955371665752 0.5366729133976834 1.847240284201671
39.01858075758523 0.5157084154860261 -0.1243449276067334 0.4822296470195799 1.87816047216487
39.04999668412113 0.5120416155975211 -0.1090716045944666 0.4260263907299537 1.905932510582976
39.08141261065703 0.5088563717020188 -0.09369064108171388 0.3682400869993536 1.930382137975676
39.11282853719293 0.5061558272072908 -0.07821721622737683 0.3090638428551874 1.951352305958221
39.14424446372882 0.5039426473691416 -0.06266660040916935 0.2487053521241334 1.968705578886531
39.17566039026472 0.5022190162061183 -0.04705414022685227 0.1873850059072541 1.98232630083144
39.20707631680062 0.5009866349078523 -0.03139524327864884 0.125333721808498 1.992122461733616
39.23849224333652 0.5002467193887583 -0.01570536302708796 0.06279053487149269 1.998027216624247
39.26990816987241 0.500000000153328 1.652590525311634e-08 1.371975803006264e-14 1.999999999386688
39.30132409640831 0.5002467205295283 0.01570539605938067 -0.06279053472829101 1.998027212067917
39.33274002294421 0.5009866369738392 0.03139527626586864 -0.1253337212916291 1.992122453518431
39.36415594948011 0.5022190194570003 0.04705417311876964 -0.1873850046943052 1.98232628799977
39.39557187601601 0.5039426516120327 0.06266663318778129 -0.2487053500301724 1.968705562311228
39.42698780255191 0.5061558324923208 0.07821724885419581 -0.3090638396280959 1.951352285583161
39.45840372908781 0.5088563779077432 0.09369067354580286 -0.3682400825085069 1.930382114433828
39.4898196556237 0.5120416227778865 0.1090716368570114 -0.4260263847557684 1.905932483856066
39.5212355821596 0.5157084237031125 0.1243449596209664 -0.4822296393359313 1.878160442239031
39.5526515086955 0.519853161816221 0.1394955689587562 -0.536672904064896 1.847240252078003
39.5840674352314 0.5244717471790805 0.1545085129255804 -0.5891966460291248 1.8133608176427
39.61548336176729 0.5295596213271533 0.1693689757003462 -0.6396596466255522 1.776723018639984
39.64689928830319 0.5351117633007656 0.1840622917580269 -0.6879395631558329 1.73753699629597
39.67831521483909 0.541122693955306 0.1985739605084963 -0.7339331635342256 1.696019471990179
39.70973114137499 0.5475864808761401 0.2128896608391026 -0.7775562517245231 1.652391145629258
39.74114706791088 0.5544967455345532 0.2269952646805444 -0.8187433080457148 1.606874217682576
39.77256299444678 0.5618466681333744 0.2408768515897057 -0.857446882620565 1.559690089389018
39.80397892098268 0.5696289951063039 0.2545207221616217 -0.8936367708167196 1.51105725726499
39.83539484751857 0.5778360463518273 0.2679134114782422 -0.9272990121712519 1.461189433979915
39.86681077405447 0.586459722356892 0.2810417026634531 -0.9584347508012984 1.410293908933173
39.89822670059037 0.5954915127257299 0.2938926395964655 -0.9870589919947209 1.358570151020044
39.92964262712627 0.604922504238312 0.3064535398973806 -1.013199293064352 1.306208657868688
39.96105855366216 0.6147433894043524 0.318712007656929 -1.03689441925729 1.253390042180645
39.99247448019806 0.6249444762787454 0.3306559451960036 -1.05819299221821 1.200284342213931
40.02389040673396 0.6355156978564117 0.3422735650782904 -1.077152158849351 1.147050544746917
40.05530633326987 0.6464466213613916 0.353553402339921 -1.093836301127866 1.093836301127856
40.08672225980576 0.6577264592963112 0.3644843251522945 -1.10831580076818 1.04077781310649
40.11813818634166 0.6693440800392917 0.375055545783401 -1.120665875742753 0.9879998718817847
40.14955411287756 0.6812880182147476 0.3852566319086044 -1.130965497962007 0.9356160283267547
40.18097003941346 0.6935464865742547 0.3950775163260015 -1.139296395658541 0.8837288711249961
40.21238596594935 0.7061073875053722 0.4045085070025061 -1.145742147286048 0.8324303961314984
40.24380189248525 0.7189583250654298 0.4135402964821963 -1.150387366610286 0.7818024470347116
40.27521781902115 0.7320866168707918 0.4221639715435247 -1.15331697922711 0.7319172112028445
40.30663374555704 0.7454793066800324 0.4303710219870647 -1.154615586631409 0.6828377544339546
40.33804967209294 0.7591231777601118 0.4381533480762423 -1.154366913982939 0.6346185812995355
40.36946559862884 0.7730047652861847 0.4455032695101522 -1.152653339541181 0.5873062109409757
40.40088152516474 0.7871103695620508 0.4524135332754261 -1.149555497495817 0.5409397563927102
40.43229745170063 0.8014260702951809 0.4588773193035082 -1.145151948134096 0.4955514992025497
40.46371337823653 0.8159377394098348 0.4648882490856472 -1.139518913000341 0.4511674542115726
40.49512930477243 0.8306310558833766 0.4704403899661918 -1.132730063835138 0.4078079164582219
40.52654523130833 0.8454915189614104 0.4755282632378368 -1.12485636457172 0.3654879882822944
40.55796115784423 0.8605044633319545 0.4801468472889701 -1.115965955549602 0.3242180812856618
40.58937708438012 0.8756550729027309 0.4842915845425332 -1.106124079105543 0.2840043926662471
40.62079301091602 0.8909283959284195 0.487958384375774 -1.095393037643348 0.2448493530944444
40.65220893745192 0.9063093594166456 0.491143628399318 -1.083832182160124 0.2067520462398643
40.68362486398782 0.9217827843143158 0.4938441726506465 -1.071497924893277 0.1697085991431304
40.71504079052372 0.9373334001180035 0.4960573525845431 -1.058443773783776 0.1337125440622623
40.74645671705962 0.9529458602933567 0.4977809838353052 -1.044720383481812 0.09875515203931898
40.77787264359552 0.9686047572394555 0.4990133652420063 -1.030375621190081 0.06482573935344789
40.80928857013141 0.9842946375052918 0.4997532805867304 -1.015454643641049 0.03191194778601957
40.84070449666731 1.000000017062263 0.4999999997682192 -0.9999999829377372 -1.960672806455426e-15
40.87212042320321 1.015705396596551 0.499753279324492 -0.9840516391021458 -0.03092506861082331
40.90353634973911 1.03139527680514 0.4990133628910798 -0.9676471774427439 -0.06087920018774172
40.93495227627501 1.047054173664412 0.4977809804499277 -0.9508218291312254 -0.0898791253456923
40.96636820281091 1.062666633756462 0.4960573484422369 -0.9336085935129178 -0.1179421933304333
40.9977841293468 1.078217249424128 0.4938441675078996 -0.9160383411809252 -0.1450862199837535
41.0292000558827 1.09369067409805 0.4911436219535002 -0.8981399165159442 -0.1713293520951457
41.0606159824186 1.109071637397157 0.4879583770068582 -0.8799402392338641 -0.1966899468356206
41.0920319089545 1.124344960163971 0.484291576080456 -0.8614644041161313 -0.2211864649872109
41.12344783549039 1.139495569454752 0.4801468377923735 -0.84273577837292 -0.2448373767462048
41.15486376202629 1.154508513490115 0.4755282526448159 -0.8237760962195776 -0.2676610789475914
41.18627968856219 1.169368976209532 0.470440378324179 -0.8046055505970902 -0.2896758227187595
41.21769561509809 1.184062292241348 0.4648882362818189 -0.7852428812070767 -0.3108996503789033
41.24911154163398 1.198573961052395 0.4588773057683165 -0.7657054595764444 -0.3313503409385467
41.28052746816988 1.212889661250775 0.4524135185546422 -0.7460093703271666 -0.3510453631256038
41.31194339470578 1.226995265107075 0.445503253935105 -0.7261694886089186 -0.3700018350925964
41.34335932124167 1.240876852161129 0.4381533316050531 -0.7061995543858194 -0.388236490400058
41.37477524777757 1.254520722587709 0.4303710043712593 -0.686112243111049 -0.4057656494508616
41.40619117431347 1.267913411969191 0.4221639532300826 -0.6659192319692363 -0.4226051952134509
41.43760710084938 1.281041703156651 0.4135402772224184 -0.6456312641786186 -0.4387705540476068
41.46902302738527 1.293892640057986 0.4045084868032233 -0.6252582087016835 -0.4542766796062231
41.50043895392117 1.306453540369436 0.3950774952998423 -0.6048091171709419 -0.4691380402855044
41.53185488045707 1.318712008040191 0.3852566100204787 -0.5842922776754644 -0.4833686095692731
41.56327080699297 1.33065594546687 0.3750555230187492 -0.5637152655318995 -0.4969818588918779
41.59468673352886 1.34227356541533 0.3644843015186076 -0.5430849911700776 -0.5099907526800413
41.62610266006476 1.35355340266576 0.3535533780038796 -0.522407745268073 -0.5224077452680723
41.65751858660066 1.364484325377148 0.3422735399753143 -0.5016892412739713 -0.5342447794113887
41.68893451313656 1.375055546166258 0.3306559193776958 -0.4809346554525956 -0.5455132861518346
41.72035043967245 1.385256632315118 0.318711981218248 -0.4601486647881219 -0.5562241860470738
41.75176636620835 1.395077516842231 0.3064535129383909 -0.439335482260726 -0.5663878908780721
41.78318229274425 1.404508507368751 0.2938926118870296 -0.418498890685716 -0.5760143068770616
41.81459821928014 1.413540296818109 0.2810416743018326 -0.397642273883093 -0.5851128377000105
41.84601414581604 1.422163971916321 0.2679133825161233 -0.3767686466258811 -0.5936923886240122
41.87743007235194 1.430371022185125 0.2545206925976725 -0.3558806826027064 -0.601761370758909
41.90884599888784 1.438153348334404 0.2408768215514744 -0.3349807408644276 -0.6093277056016017
41.94026192542373 1.445503270043154 0.2269952341630934 -0.3140708908434352 -0.616398829842678
41.97167785195963 1.452413533439494 0.2128896297000216 -0.2931529359663697 -0.6229817002071552
42.00309377849553 1.458877319689997 0.1985739290631492 -0.2722284357119041 -0.6290827976398986
42.03450970503143 1.464888249069147 0.1840622597801259 -0.2512987273388269 -0.6347081331829038
42.06592563156732 1.470440390084145 0.1693689433601089 -0.2303649454473389 -0.639863251376264
42.09734155810323 1.475528263500226 0.1545084803285851 -0.2094280414811575 -0.6445532354894187
42.12875748463913 1.480146847432226 0.1394955359173715 -0.1884888019882774 -0.6487827118929932
42.16017341117502 1.484291584655379 0.1243449263362227 -0.167547865753478 -0.6525558530021005
42.19158933771092 1.487958384766689 0.1090716033704856 -0.146605740879472 -0.6558763819807839
42.22300526424682 1.491143628314371 0.09369063977952072 -0.1256628208226624 -0.6587475760729321
42.25442119078272 1.493844172696019 0.07821721490548325 -0.1047193997201881 -0.6611722685992109
42.28583711731861 1.496057352527988 0.06266659908709492 -0.08377568771178658 -0.6631528528221426
42.31725304385451 1.497780983583932 0.04705413889403842 -0.06283182544708937 -0.6646912836487426
42.34866897039041 1.499013364942741 0.03139524195105868 -0.04188789839889875 -0.6657890795165751
42.38008489692631 1.4997532805364 0.01570536170007809 -0.02094395090563955 -0.6664473239280059
42.41150082346221 1.499999999808627 -1.78583940725754e-08 -2.286420012457825e-15 -0.6666666667517214
42.4429167499981 1.499753279224074 -0.01570539739324098 0.02094395092396625 -0.6664473245111656
42.474332676534 1.499013362734297 -0.03139527759949481 0.04188789846061091 -0.665789080497459
42.5057486030699 1.497780980420961 -0.0470541744710207 0.06283182557977127 -0.6646912850524191
42.5371645296058 1.496057348322713 -0.06266663455648615 0.08377568794726754 -0.6631528546862032
42.5685804561417 1.493844167331066 -0.07821725021778844 0.1047194000962748 -0.6611722709737277
42.5999963826776 1.491143621642502 -0.0936906748677148 0.1256628213849195 -0.6587475790203862
42.63141230921349 1.487958376764464 -0.1090716381799984 0.1466057416679117 -0.6558763855080815
42.66282823574939 1.484291575703491 -0.1243449609130775 0.167547866763969 -0.6525558569377213
42.69424416228529 1.480146837448389 -0.1394955702104066 0.1884888032596659 -0.6487827162691404
42.72566008882119 1.475528252217433 -0.1545085142174386 0.2094280430825727 -0.6445532404180675
42.75707601535708 1.470440378103787 -0.1693689770078566 0.2303649473242197 -0.6398632565895293
42.78849194189299 1.464888236063941 -0.1840622930452579 0.2512987295698449 -0.6347081388178116
42.81990786842888 1.45887730530147 -0.1985739617541834 0.2722284383968224 -0.6290828038443784
42.85132379496478 1.452413518179124 -0.2128896619926396 0.2931529390464998 -0.6229817067527644
42.88273972150068 1.445503253581736 -0.2269952658614988 0.3140708944200762 -0.6163988368622417
42.91415564803658 1.438153330941711 -0.2408768527481583 0.3349807449156072 -0.6093277129706697
42.94557157457248 1.430371004175043 -0.2545207234419301 0.3558806870836702 -0.6017613783358045
42.97698750110837 1.422163952899663 -0.2679134127498816 0.3767686516638901 -0.593692396562653
43.00840342764427 1.413540276592324 -0.2810417037406062 0.3976422795727939 -0.5851128460721597
43.03981935418017 1.404508486255978 -0.2938926406961535 0.4184988969766513 -0.576014315535791
43.07123528071607 1.395077494768858 -0.3064535410189142 0.4393354892120361 -0.5663878998396469
43.10265120725196 1.385256609480817 -0.3187120086827269 0.4601486723731196 -0.5562241952157688
43.13406713378786 1.375055522601481 -0.3306559462180472 0.4809346636945305 -0.5455132955004744
43.16548306032376 1.364484301095598 -0.3422735661698524 0.5016892502017344 -0.5342447889184907
43.19689898685966 1.353553377480688 -0.3535534033300228 0.5224077549883228 -0.5224077549883217
43.22831491339555 1.342273539453897 -0.3644843260483814 0.5430850016740915 -0.5099907625439739
43.25973083993145 1.330655918821851 -0.3750555468050072 0.5637152768197191 -0.4969818688434292
43.29114676646735 1.318711980738255 -0.3852566330511427 0.5842922897723518 -0.4833686195766883
43.32256269300324 1.306453512211104 -0.3950775172727172 0.6048091302065468 -0.4691380503969626
43.35397861953914 1.293892611123125 -0.4045085077428431 0.6252582226841077 -0.4542766897650555
43.38539454607504 1.281041673554315 -0.4135402972075486 0.6456312790978788 -0.4387705641867252
43.41681047261094 1.267913381827535 -0.4221639723918018 0.6659192477998959 -0.4226052052598993
43.44822639914683 1.254520692023301 -0.430371022854432 0.6861122598270802 -0.4057656593367078
43.47964232568274 1.240876820734509 -0.4381533485793438 0.7061995722711255 -0.3882365002325945
43.51105825221864 1.226995233389917 -0.4455032703596016 0.7261695073800043 -0.3700018446569421
43.54247417875454 1.212889629079425 -0.4524135340727107 0.7460093901147287 -0.3510453724369235
43.57389010529043 1.198573928261865 -0.4588773199270715 0.7657054805245764 -0.3313503500036191
43.60530603182633 1.184062259088753 -0.4648882495716474 0.7852429031931157 -0.3108996590837917
43.63672195836223 1.169368942651583 -0.4704403905541981 0.8046055736872466 -0.2896758310317272
43.66813788489812 1.154508479498961 -0.4755282636128587 0.8237761204732738 -0.2676610868281013
43.69955381143402 1.139495535176558 -0.4801468478272158 0.8427358037240141 -0.2448373841113848
43.73096973796992 1.124344925539758 -0.4842915848478293 0.8614644306449366 -0.2211864717986502
43.76238566450582 1.109071602515862 -0.4879583846878714 0.8799402669087721 -0.1966899530216953
43.79380159104171 1.093690639014185 -0.4911436286477053 0.8981399453268506 -0.1713293575911264
43.82521751757761 1.078217214112264 -0.4938441728753509 0.9160383711813929 -0.1450862247353672
43.85663344411351 1.062666598290324 -0.4960573526734823 0.933608624671789 -0.1179421972667139
43.88804937064941 1.047054138121338 -0.497780983972141 0.950821861407618 -0.08987912839670946
43.9194652971853 1.031395241153807 -0.499013365054323 0.9676472108905537 -0.06087920229210622
43.9508812237212 1.015705360901977 -0.4997532805924725 0.9840516736843242 -0.0309250696976118
43.9822971502571 0.9999999813454988 -0.4999999999789325 1.000000018654501 -1.71450555078954e-15
44.013713076793 0.9842946018060855 -0.4997532794670537 1.015454680470393 0.03191194894342137
44.0451290033289 0.9686047216021735 -0.4990133628569535 1.030375659100062 0.06482574173853466
44.0765449298648 0.9529458247508896 -0.497780980307292 1.044720422447237 0.09875515572263641
44.10796085640069 0.9373333646940302 -0.4960573480198438 1.058443813784789 0.1337125491155581
44.13937678293659 0.9217827490354379 -0.4938441670751981 1.071497965902123 0.1697086056382781
44.17079270947249 0.9063093243077122 -0.4911436218368814 1.083832224146003 0.2067520542490913
44.20220863600839 0.890928361071505 -0.487958376585636 1.095393080499792 0.2448493626739949
44.23362456254429 0.8756550383167412 -0.4842915756261954 1.106124122794432 0.2840044038836476
44.26504048908019 0.8605044290359968 -0.4801468373150461 1.115966000027145 0.3242180942075743
44.29645641561608 0.8454914849819416 -0.4755282522336935 1.124856409778588 0.3654880029708964
44.32787234215198 0.8306310222756556 -0.4704403778742745 1.132730109665928 0.4078079329583219
44.35928826868788 0.8159377062034403 -0.4648882359316094 1.139518959375593 0.451167472572825
44.39070419522378 0.8014260375187258 -0.4588773051121082 1.145151994968142 0.4955515194694419
44.42212012175968 0.7871103372600737 -0.4524135180348248 1.149555544672069 0.5409397785921694
44.45353604829558 0.773004733465692 -0.4455032532882925 1.152653386989787 0.5873062351172484
44.48495197483147 0.7591231465017504 -0.4381533307957072 1.15436696151623 0.6346186074311732
44.51636790136737 0.7454792759832176 -0.4303710037274888 1.154615634175352 0.6828377825513535
44.54778382790327 0.7320865867046659 -0.4221639524201995 1.15331702675032 0.7319172413619917
44.57919975443917 0.7189582955804905 -0.4135402763242666 1.150387413788407 0.7818024790969299
44.61061568097506 0.7061073586880032 -0.4045084859011123 1.14574219404562 0.8324304301043045
44.64203160751096 0.6935464583887403 -0.3950774943881346 1.139296441959195 0.8837289070394656
44.67344753404686 0.681287990604769 -0.3852566092502941 1.130965543795683 0.9356160662436697
44.70486346058276 0.6693440533031825 -0.3750555221005114 1.120665920506346 0.9879999113462017
44.73627938711865 0.6577264333516669 -0.3644843006046621 1.108315844486757 1.040777854160952
44.76769531365455 0.6464465960892226 -0.3535533771007812 1.093836343890278 1.093836343890269
44.79911124019045 0.6355156734106788 -0.3422735390378785 1.077152200283072 1.147050588869333
44.83052716672634 0.624944452798502 -0.3306559182810769 1.058193031976367 1.200284387310673
44.86194309326225 0.6147433666832234 -0.3187119800987598 1.036894457581278 1.25339008850637
44.89335901979815 0.604922482193177 -0.3064535117948738 1.013199329988281 1.306208705470732
44.92477494633405 0.5954914918245241 -0.2938926106335177 0.9870590266395868 1.358570198704612
44.95619087286994 0.5864597023359325 -0.2810416730852749 0.9584347835210045 1.410293957078737
44.98760679940584 0.5778360271804467 -0.2679133813425362 0.9272990429370871 1.461189482459092
45.01902272594174 0.569628976982132 -0.2545206913847916 0.8936367992500103 1.51105730534306
45.05043865247764 0.5618466509552239 -0.2408768202750843 0.8574469088365286 1.55969013707568
45.08185457901353 0.5544967294531027 -0.2269952327884992 0.8187433317908253 1.606874264284953
45.11327050554943 0.5475864658397885 -0.2128896284409767 0.7775562730756882 1.652391191002794
45.14468643208533 0.5411226797263702 -0.1985739277482263 0.7339331828331538 1.696019516587371
45.17610235862122 0.535111750229651 -0.1840622585187767 0.6879395799600674 1.737537038738586
45.20751828515712 0.5295596092355297 -0.1693689420925192 0.6396596612311414 1.776723059208531
45.23893421169302 0.5244717359817765 -0.1545084790088685 0.5891966586082845 1.813360856357374
45.27035013822892 0.5198531519994215 -0.1394955346170891 0.5366729141993157 1.847240286960907
45.30176606476481 0.5157084148843364 -0.1243449250099215 0.4822296475822228 1.878160474356162
45.33318199130071 0.5120416150624097 -0.1090716019834463 0.4260263911751749 1.905932512574779
45.36459791783661 0.5088563710519755 -0.09369063849281055 0.3682400874697658 1.930382140441661
45.39601384437251 0.5061558267989563 -0.07821721359394671 0.309063843104521 1.951352307532448
45.4274297709084 0.5039426470237585 -0.06266659776679202 0.2487053522945871 1.968705580235807
45.4588456974443 0.5022190160069802 -0.0470541375688911 0.1873850059815559 1.982326301617465
45.4902616239802 0.5009866347874461 -0.03139524061607734 0.125333721838621 1.9921224622124
45.5216775505161 0.5002467194064202 -0.01570536036034603 0.06279053486927627 1.998027216553704
45.553093477052 0.5000000000019917 1.919080717514982e-08 -1.237961273171784e-18 1.999999999992033
45.5845094035879 0.5002467206137271 0.01570539872295928 -0.06279053471773616 1.998027211731619
45.6159253301238 0.5009866371972338 0.03139527892195509 -0.1253337212357553 1.992122452630124
45.64734125665969 0.5022190196276024 0.04705417577936567 -0.1873850046306365 1.982326287326382
45.67875718319559 0.5039426518481203 0.06266663584397694 -0.2487053499136581 1.968705561388926
45.71017310973149 0.5061558328211553 0.07821725150020412 -0.3090638394273057 1.951352284315425
45.74158903626739 0.5088563782693158 0.09369067618976869 -0.36824008224685 1.930382113062177
45.77300496280328 0.5120416234322258 0.1090716394413977 -0.4260263842113476 1.90593248142047
45.80442088933918 0.5157084244291475 0.1243449621858534 -0.4822296386570287 1.878160439594881
45.83583681587508 0.5198531626754673 0.1394955714841375 -0.5366729031778484 1.847240249024767
45.86725274241098 0.5244717479067055 0.1545085154911269 -0.5891966452116906 1.813360815126942
45.89866866894688 0.5295596222571756 0.1693689781978033 -0.6396596455021698 1.776723015519671
45.93008459548278 0.5351117643580189 0.1840622942055332 -0.6879395617966281 1.737536992863011
45.96150052201867 0.5411226950162294 0.1985739629530719 -0.7339331620952781 1.696019468664969
45.99291644855457 0.5475864821278144 0.2128896631952935 -0.7775562499471714 1.652391141852225
46.02433237509047 0.5544967468568598 0.2269952669977295 -0.81874330609326 1.606874213850669
46.05574830162637 0.5618466693282664 0.2408768539739221 -0.8574468807970129 1.55969008607199
46.08716422816227 0.5696289965375918 0.254520724411242 -0.8936367685713078 1.511057253468207
46.11858015469816 0.5778360478133034 0.2679134137070024 -0.9272990098259055 1.461189430284242
46.14999608123406 0.5864597239338866 0.2810417048136925 -0.9584347482240601 1.410293905140882
46.18141200776996 0.595491514270141 0.2938926417683035 -0.9870589894347767 1.358570147496584
46.21282793430586 0.6049225058676241 0.3064535420061137 -1.013199290335387 1.306208654350509
46.24424386084176 0.6147433909883366 0.3187120098051298 -1.036894416585575 1.253390038951079
46.27565978737766 0.6249444781642258 0.3306559470863927 -1.058192989025611 1.200284338592621
46.30707571391356 0.6355156997539866 0.3422735669521004 -1.07715215563311 1.147050541321952
46.33849164044945 0.6464466233145758 0.3535534041555765 -1.093836297822923 1.093836297822929
46.36990756698535 0.6577264613485223 0.36448432685996 -1.108315797310058 1.040777809859098
46.40132349352125 0.6693440819440061 0.3750555476527827 -1.120665872553737 0.9879998690702902
46.43273942005715 0.6812880202758163 0.3852566335981055 -1.13096549454055 0.9356160254962799
46.46415534659304 0.6935464885663454 0.3950775181059492 -1.139296392386105 0.8837288685866483
46.49557127312894 0.7061073896945973 0.4045085085232031 -1.145742143733773 0.8324303935506201
46.52698719966484 0.7189583272453313 0.4135402980157748 -1.15038736312228 0.7818024446642653
46.55840312620074 0.7320866190796462 0.4221639730364753 -1.153316975747317 0.7319172089945016
46.58981905273663 0.7454793089853397 0.4303710233241681 -1.154615583060896 0.6828377523223592
46.62123497927253 0.7591231801329705 0.4381533492917766 -1.154366910374632 0.6346185793158522
46.65265090580843 0.773004767609326 0.4455032708207657 -1.152653336077067 0.5873062091759218
46.68406683234432 0.7871103719369267 0.4524135344875794 -1.149555494027365 0.5409397547605908
46.71548275888022 0.801426072686789 0.4588773204871016 -1.145151944716744 0.4955514977237298
46.74689868541612 0.8159377419124436 0.4648882500040596 -1.139518909505258 0.4511674528277717
46.77831461195202 0.8306310583328663 0.4704403910297406 -1.132730060494773 0.4078079152556169
46.80973053848791 0.8454915214814844 0.4755282641058197 -1.124856361218968 0.3654879871929283
46.84114646502381 0.860504465886851 0.4801468480471862 -1.115965952236222 0.3242180803230364
46.87256239155971 0.8756550754975818 0.484291585152285 -1.106124075827737 0.2840043918246499
46.90397831809562 0.8909283985194786 0.4879583850006436 -1.095393034457653 0.2448493523823493
46.93539424463151 0.9063093620275228 0.4911436289349597 -1.083832179037844 0.2067520456442499
46.96681017116741 0.9217827869387654 0.4938441731163175 -1.071497921842568 0.169708598659938
46.99822609770331 0.9373334027751269 0.4960573528140103 -1.058443770783333 0.1337125436832108
47.0296420242392 0.9529458629651966 0.4977809838877966 -1.044720380552656 0.09875515176244004
47.0610579507751 0.9686047599098815 0.4990133652392292 -1.030375618349354 0.06482573917472473
47.092473877311 0.9842946401693408 0.4997532806574697 -1.015454640892664 0.03191194769964834
47.1238898038469 1.000000019727252 0.4999999999838377 -0.9999999802727486 -1.715743446232568e-15
47.15530573038279 1.015705399264218 0.4997532793671407 -0.984051636517615 -0.03092506852959391
47.18672165691869 1.031395279459761 0.4990133626424507 -0.967647174952199 -0.06087920003104969
47.21813758345459 1.047054176339796 0.4977809804341837 -0.9508218267017295 -0.08987912511603709
47.24955350999049 1.062666636373716 0.4960573478966243 -0.9336085912135225 -0.1179421930399519
47.28096943652638 1.078217252026315 0.4938441669014114 -0.916038338970144 -0.1450862196335999
47.31238536306228 1.093690676738008 0.4911436215704368 -0.8981399143480076 -0.1713293516815894
47.34380128959818 1.109071639972282 0.4879583763107145 -0.8799402371907538 -0.1966899463789311
47.37521721613408 1.124344962714404 0.4842915752975986 -0.8614644021620114 -0.2211864644854714
47.40663314266997 1.139495572086166 0.4801468372975016 -0.8427357764268075 -0.2448373761808067
47.43804906920587 1.154508516053876 0.4755282519111103 -0.8237760943902579 -0.2676610783532092
47.46946499574177 1.169368978720861 0.4704403774321921 -0.8046055488691248 -0.2896758220966535
47.50088092227767 1.184062294722884 0.4648882353101329 -0.7852428795613814 -0.3108996497273198
47.53229684881357 1.198573963578203 0.4588773048948083 -0.7657054579628393 -0.3313503402402772
47.56371277534947 1.212889663709548 0.4524135175207507 -0.7460093688148549 -0.3510453624139637
47.59512870188537 1.226995267552487 0.4455032528643192 -0.726169487161654 -0.3700018343551846
47.62654462842126 1.240876854441507 0.4381533302211931 -0.7061995530880233 -0.3882364896865948
47.65796055495716 1.254520724924808 0.430371003087783 -0.6861122418328587 -0.4057656486949482
47.68937648149306 1.267913414170147 0.4221639517246693 -0.6659192308132722 -0.4226051944798601
47.72079240802896 1.281041705271428 0.4135402755930067 -0.645631263112794 -0.4387705533232728
47.75220833456486 1.293892642129353 0.4045084851202355 -0.6252582077007202 -0.4542766788789804
47.78362426110075 1.306453542429446 0.3950774936074249 -0.604809116217282 -0.4691380395457697
47.81504018763665 1.318712010106967 0.3852566083379146 -0.5842922767597215 -0.4833686088117044
47.84645611417255 1.330655947541495 0.375055521342185 -0.5637152646530152 -0.4969818581170297
47.87787204070845 1.342273567478852 0.3644842998231004 -0.5430849903351753 -0.5099907518960156
47.90928796724435 1.353553404676386 0.3535533762457058 -0.5224077444920666 -0.5224077444920655
47.94070389378025 1.36448432726746 0.3422735380947319 -0.5016892405789476 -0.5342447786712635
47.97211982031614 1.375055547841057 0.3306559173015721 -0.4809346548668277 -0.5455132854874033
48.00353574685204 1.385256634229821 0.3187119793436131 -0.4601486641521043 -0.5562241852782603
48.03495167338794 1.395077518285397 0.3064535106851605 -0.4393354818062467 -0.5663878902921607
48.06636759992384 1.404508508763807 0.2938926096065539 -0.4184988902700338 -0.5760143063049238
48.09778352645973 1.413540298393561 0.281041672150375 -0.3976422734399036 -0.5851128370478768
48.12919945299563 1.422163973251014 0.2679133802068684 -0.376768646272286 -0.5936923880668351
48.16061537953153 1.430371023460815 0.2545206902559672 -0.3558806822853109 -0.6017613702222222
48.19203130606742 1.43815334964005 0.2408768192281149 -0.3349807405603156 -0.6093277050484134
48.22344723260332 1.4455032710117 0.2269952316655966 -0.3140708906329952 -0.616398829429666
48.25486315913922 1.452413534813067 0.2128896274010528 -0.2931529356891299 -0.6229816996179901
48.28627908567513 1.458877320746375 0.1985739266164096 -0.2722284355147782 -0.6290827971843795
48.31769501221102 1.464888250133579 0.1840622573352804 -0.2512987271562259 -0.6347081327217057
48.34911093874692 1.470440391090143 0.1693689408898462 -0.2303649452897309 -0.6398632509385049
48.38052686528282 1.475528264226962 0.1545084777625863 -0.209428041378009 -0.6445532351719596
48.41194279181872 1.480146848394999 0.1394955334219036 -0.1884888018656735 -0.6487827114709873
48.44335871835461 1.484291585581561 0.1243449238226464 -0.1675478656489301 -0.6525558525949127
48.47477464489051 1.487958385092634 0.1090716007126795 -0.1466057408473575 -0.6558763818371111
48.50619057142641 1.491143629000631 0.09369063719751543 -0.1256628207648294 -0.6587475757697603
48.5376064979623 1.493844173122538 0.078217212274968 -0.1047193996902937 -0.6611722684104337
48.5690224244982 1.496057352827521 0.06266659643885868 -0.0837756876950136 -0.6631528526893697
48.6004383510341 1.497780983864401 0.04705413624373975 -0.06283182543532385 -0.6646912835242748
48.63185427757 1.499013365286023 0.03139523930250626 -0.04188789838930639 -0.665789079364106
48.66327020410589 1.499753280688074 0.01570535903863307 -0.02094395090352632 -0.6664473238606059
48.69468613064179 1.499999999616006 -2.052330991129036e-08 -2.449706252679547e-15 -0.6666666668373307
48.72610205717769 1.499753279176437 -0.01570540005797764 0.02094395092463133 -0.6664473245323342
48.75751798371359 1.499013362804131 -0.03139528027405678 0.04188789845865933 -0.6657890804664421
48.78893391024948 1.497780980214877 -0.04705417712829744 0.06283182558841631 -0.6646912851438759
48.82034983678538 1.496057347832207 -0.0626666371805783 0.08377568797473456 -0.6631528549036282
48.85176576332128 1.493844166890055 -0.07821725284598503 0.1047194001271898 -0.6611722711689183
48.88318168985717 1.49114362136648 -0.09369067752785001 0.1256628214081758 -0.6587475791423264
48.91459761639307 1.487958376071429 -0.1090716407556061 0.146605741736195 -0.6558763858135642
48.94601354292898 1.484291575184955 -0.1243449635311104 0.1675478668225062 -0.6525558571656903
48.97742946946488 1.480146836891646 -0.1394955728236228 0.1884888033305686 -0.6487827165131728
49.00884539600077 1.475528251390093 -0.1545085167505012 0.2094280432000005 -0.6445532407794734
49.04026132253667 1.470440377427222 -0.169368979596482 0.2303649474302174 -0.6398632568839353
49.07167724907257 1.464888235238988 -0.1840622955846894 0.2512987297113638 -0.6347081391752479
49.10309317560847 1.458877304278326 -0.1985739642149619 0.2722284385877424 -0.6290828042855687
49.13450910214436 1.452413517199929 -0.2128896644768289 0.2931529392441344 -0.6229817071727711
49.16592502868026 1.445503252306687 -0.2269952682024815 0.3140708946971116 -0.6163988374059547
49.19734095521616 1.438153329710302 -0.2408768551120213 0.334980745202432 -0.6093277134924026
49.22875688175206 1.430371002613082 -0.2545207256140701 0.3558806874722907 -0.6017613789929263
49.26017280828795 1.422163951289388 -0.2679134148840132 0.3767686520904942 -0.5936923972348739
49.29158873482385 1.413540275174767 -0.2810417059990855 0.3976422799715659 -0.5851128466589353
49.32300466135975 1.404508484607704 -0.2938926427923833 0.4184988974677845 -0.576014316211778
49.35442058789565 1.395077493084034 -0.306453543084417 0.4393354897426138 -0.5663879005236722
49.38583651443155 1.385256607916876 -0.3187120108472592 0.4601486728926226 -0.5562241958437403
49.41725244096745 1.375055520708652 -0.3306559481016871 0.4809346643565596 -0.5455132962513992
49.44866836750334 1.364484299258038 -0.3422735680997097 0.5016892508773624 -0.5342447896379616
49.48008429403924 1.353553375760814 -0.3535534053786333 0.5224077556521094 -0.5224077556521161
49.51150022057514 1.342273537651995 -0.3644843280221553 0.5430850024031425 -0.5099907632285987
49.54291614711104 1.330655916817229 -0.3750555485605624 0.5637152776689515 -0.4969818695921285
49.57433207364694 1.318711978513629 -0.3852566345423988 0.5842922907580347 -0.4833686203921165
49.60574800018283 1.306453510005119 -0.3950775187763038 0.6048091312277849 -0.4691380511891164
49.63716392671873 1.293892608917403 -0.4045085092402738 0.6252582237499996 -0.4542766905394648
49.66857985325463 1.281041671316553 -0.4135402986554196 0.6456312802256901 -0.4387705649531786
49.69999577979053 1.267913379514727 -0.4221639737203719 0.6659192490146025 -0.4226052060307758
49.73141170632643 1.254520689606011 -0.4303710240017281 0.6861122611491275 -0.4057656601185581
49.76282763286233 1.240876818464477 -0.4381533499812937 0.706199573563031 -0.3882365009428259
49.79424355939823 1.226995230981746 -0.4455032715026627 0.7261695088052256 -0.3700018453831289
49.82565948593412 1.21288962656645 -0.4524135349905897 0.7460093916603759 -0.3510453731642566
49.85707541247002 1.198573925920769 -0.4588773212265297 0.765705482020179 -0.3313503506508243
49.88849133900592 1.184062256554223 -0.4648882504084398 0.7852429048739576 -0.3108996597492843
49.91990726554182 1.16936894009538 -0.4704403913203317 0.8046055754460886 -0.2896758316649494
49.95132319207771 1.154508477043571 -0.4755282646787291 0.8237761222252677 -0.2676610873973589
49.98273911861361 1.139495532639641 -0.4801468486461199 0.8427358056002404 -0.2448373846564792
50.01415504514951 1.124344922965073 -0.484291585534865 0.8614644326176398 -0.2211864723051545
50.0455709716854 1.109071599922107 -0.4879583852990115 0.8799402689666633 -0.1966899534816952
50.0769868982213 1.093690636418337 -0.4911436292598519 0.898139947458563 -0.1713293579977725
50.1084028247572 1.078217211500642 -0.493844173419465 0.9160383734001905 -0.1450862250867904
50.1398187512931 1.062666595667103 -0.4960573531684481 0.9336086269764264 -0.1179421975578576
50.17123467782899 1.047054135457793 -0.4977809841086146 0.9508218638263624 -0.08987912862535517
50.20265060436489 1.031395238497947 -0.4990133652763253 0.9676472133822616 -0.06087920244887142
50.23406653090079 1.015705358234321 -0.4997532805353922 0.9840516762688457 -0.0309250697788339
50.26548245743669 0.9999999786809081 -0.4999999997711559 1.000000021319092 -1.959434920409139e-15
50.29689838397258 0.9842945991433478 -0.4997532793662167 1.015454683217426 0.03191194902975011
50.32831431050849 0.968604718936397 -0.4990133627917708 1.030375661935843 0.06482574191695398
50.35973023704439 0.9529458220760796 -0.4977809802894551 1.044720425379648 0.09875515599983804
50.39114616358028 0.9373333620313377 -0.4960573478371004 1.058443816791522 0.1337125494953964
50.42256209011618 0.9217827464020965 -0.4938441666681495 1.071497968963169 0.1697086061231076
50.45397801665208 0.9063093217314435 -0.4911436211220279 1.083832227226897 0.206752054836803
50.48539394318798 0.8909283584626624 -0.4879583760425175 1.095393083707354 0.2448493633909698
50.51680986972387 0.8756550356985574 -0.4842915751093247 1.106124126101714 0.2840044047328046
50.54822579625977 0.8605044264515471 -0.4801468366604795 1.115966003378851 0.3242180951813348
50.57964172279567 0.8454914824961165 -0.4755282512619284 1.124856413085772 0.3654880040454654
50.61105764933157 0.8306310197820566 -0.4704403769346329 1.132730113066444 0.407807934182583
50.64247357586746 0.8159377037862275 -0.4648882347988677 1.139518962751414 0.4511674739094068
50.67388950240336 0.8014260350661513 -0.4588773040708424 1.145151998472609 0.4955515209859597
50.70530542893926 0.7871103348853385 -0.4524135168237512 1.149555548140312 0.5409397802242004
50.73672135547515 0.7730047310624054 -0.4455032521361705 1.152653390573413 0.5873062369431863
50.76813728201105 0.7591231442194686 -0.4381533294165088 1.154366964986802 0.6346186093391354
50.79955320854695 0.7454792737291784 -0.4303710023048014 1.154615637666461 0.6828377846159889
50.83096913508285 0.7320865843834991 -0.4221639511053189 1.153317030407048 0.731917243682621
50.86238506161875 0.7189582933927877 -0.4135402748030999 1.150387417288902 0.7818024814758515
50.89380098815464 0.7061073565602015 -0.4045084842966943 1.145742197498229 0.8324304326127708
50.92521691469054 0.6935464562488903 -0.3950774927994669 1.13929644547435 0.8837289097660991
50.95663284122644 0.6812879885695463 -0.3852566075302724 1.130965547174235 0.9356160690386504
50.98804876776234 0.6693440512675336 -0.375055520380343 1.120665923914589 0.9879999143509572
51.01946469429824 0.6577264314546846 -0.3644842987323622 1.108315847683301 1.04077785716272
51.05088062083414 0.6464465942858274 -0.3535533751360291 1.093836346941751 1.093836346941756
51.08229654737004 0.6355156716568225 -0.3422735370296948 1.077152203255721 1.147050592034898
51.11371247390593 0.624944451050205 -0.3306559162702958 1.058193034936678 1.200284390668505
51.14512840044183 0.614743364894908 -0.3187119781200671 1.03689446059765 1.253390092152537
51.17654432697773 0.6049224806867514 -0.3064535095912377 1.013199332511431 1.306208708723555
51.20796025351363 0.5954914901787369 -0.2938926085357 0.9870590293675771 1.358570202459348
51.23937618004953 0.5864597008663646 -0.2810416708623873 0.9584347859226788 1.410293960612693
51.27079210658543 0.577836025818471 -0.2679133790511004 0.9272990451227573 1.461189485903156
51.30220803312132 0.5696289756422509 -0.2545206890815372 0.8936368013520229 1.511057308897368
51.33362395965722 0.5618466495312547 -0.2408768180172046 0.8574469110096917 1.559690141028622
51.36503988619312 0.5544967282060566 -0.2269952304333253 0.8187433336321543 1.606874267898763
51.39645581272902 0.5475864646133276 -0.2128896260732283 0.7775562748172261 1.65239119470375
51.42787173926492 0.5411226787250504 -0.1985739252781236 0.7339331841912597 1.696019519725768
51.45928766580081 0.535111749224518 -0.1840622560508605 0.6879395812522666 1.737537042002308
51.49070359233671 0.5295596083504963 -0.1693689395791173 0.6396596623001813 1.776723062177902
51.52211951887261 0.5244717352923743 -0.15450847643111 0.5891966593827661 1.813360858740982
51.5535354454085 0.5198531511248584 -0.1394955320963963 0.5366729151021887 1.847240290068565
51.5849513719444 0.5157084141843783 -0.1243449224385542 0.4822296482367414 1.878160476905342
51.6163672984803 0.5120416144288829 -0.1090715993946461 0.4260263917022795 1.905932514932907
51.6477832250162 0.5088563706994443 -0.09369063584741132 0.3682400877248798 1.930382141779012
51.6791991515521 0.5061558264822548 -0.07821721094634679 0.3090638432979026 1.951352308753409
51.710615078088 0.5039426467964457 -0.06266659510978628 0.2487053524067568 1.96870558112383
51.7420310046239 0.5022190158425117 -0.04705413490805196 0.1873850060429078 1.982326302266646
51.7734469311598 0.5009866345682774 -0.03139523796012067 0.1253337218934376 1.992122463083903
51.80486285769569 0.5002467193252897 -0.01570535769711496 0.06279053487946018 1.998027216877746
51.83627878423159 0.5000000001499179 2.185525379541555e-08 4.886207582392586e-16 1.999999999400329
51.86769471076749 0.5002467205991085 0.01570540138919701 -0.06279053471957058 1.998027211790007
51.89911063730338 0.5009866373218188 0.03139528158387242 -0.1253337212045727 1.992122452134725
51.93052656383928 0.5022190198066162 0.04705417843878486 -0.1873850045638435 1.98232628661979
51.96194249037518 0.5039426521652308 0.06266663848951107 -0.2487053497571575 1.9687055601501
51.99335841691108 0.5061558331908624 0.07821725413922476 -0.3090638392015584 1.951352282890115
52.02477434344697 0.5088563788754104 0.09369067878655679 -0.3682400818082281 1.930382110762918
52.05619026998287 0.5120416239880017 0.1090716420472812 -0.4260263837489331 1.905932479351749
52.08760619651877 0.5157084250567511 0.1243449647754995 -0.4822296380701675 1.87816043730921
52.11902212305467 0.5198531634836738 0.139495574023867 -0.5366729023434923 1.847240246152895
52.15043804959056 0.5244717487095294 0.1545085180317544 -0.5891966443097899 1.813360812351178
52.18185397612646 0.5295596230894065 0.1693689807299401 -0.6396596444969104 1.776723012727457
52.21326990266236 0.5351117653177938 0.1840622966910914 -0.6879395605627412 1.73753698974657
52.24468582919825 0.5411226959800441 0.1985739654390934 -0.7339331607880288 1.696019465644128
52.27610175573415 0.5475864833249199 0.2128896655765102 -0.7775562482473174 1.652391138239852
52.30751768227005 0.5544967480829733 0.2269952693631705 -0.8187433042828391 1.606874210297519
52.33893360880595 0.56184667073994 0.2408768562381742 -0.8574468786426257 1.559690082153175
52.37034953534185 0.5696289978739875 0.2545207267161981 -0.8936367664747633 1.511057249923145
52.40176546187775 0.5778360491806925 0.2679134159947048 -0.9272990076315586 1.461189426826482
52.43318138841365 0.5864597254177567 0.2810417070265825 -0.9584347457990222 1.410293901572527
52.46459731494955 0.5954915159390679 0.29389264384906 -0.9870589866684506 1.358570143689043
52.49601324148544 0.6049225074059285 0.3064535441847653 -1.013199287758834 1.306208651028857
52.52742916802134 0.6147433928170288 0.3187120117501115 -1.0368944135011 1.253390035222589
52.55884509455724 0.6249444799612327 0.3306559490539626 -1.058192985982812 1.200284335141244
52.59026102109314 0.6355157015645323 0.3422735689067282 -1.077152152564368 1.147050538054075
52.62167694762903 0.6464466251823051 0.353553406055689 -1.093836294662585 1.093836294662591
52.65309287416493 0.6577264633170161 0.3644843286557456 -1.108315793993006 1.040777806744179
52.68450880070083 0.669344084057878 0.3750555492838506 -1.120665869014535 0.9879998659500637
52.71592472723673 0.6812880222569893 0.3852566353829543 -1.130965491251716 0.935616022775534
52.74734065377262 0.6935464907733715 0.3950775196076211 -1.139296388760599 0.8837288657744179
52.77875658030852 0.706107391917338 0.4045085099965772 -1.145742140127115 0.83243039093023
52.81017250684442 0.7189583295322739 0.4135402993906858 -1.150387359462999 0.7818024421774213
52.84158843338032 0.7320866212310094 0.4221639746187671 -1.15331697235809 0.7319172068436446
52.87300435991622 0.74547931134486 0.4303710245684254 -1.154615579406416 0.6828377501611064
52.90442028645212 0.7591231825225262 0.4381533504756499 -1.154366906740934 0.6346185773182104
52.93583621298801 0.7730047699442063 0.4455032721070192 -1.152653332595448 0.5873062074019489
52.96725213952391 0.7871103744199609 0.4524135354683484 -1.149555490400954 0.5409397530541316
52.99866806605981 0.8014260751225876 0.458877321566817 -1.145151941236249 0.4955514962175854
53.03008399259571 0.8159377444349839 0.4648882508700893 -1.139518905982339 0.4511674514329498
53.06149991913161 0.8306310608644513 0.4704403918630815 -1.132730057042455 0.4078079140127064
53.09291584566751 0.8454915240658035 0.4755282647736702 -1.124856357780748 0.3654879860757745
53.1243317722034 0.8605044684009057 0.4801468489430895 -1.115965948975812 0.3242180793757914
53.1557476987393 0.8756550780556127 0.4842915859023787 -1.106124072596445 0.2840043909949869
53.1871636252752 0.8909284010778112 0.4879583857683736 -1.095393031312191 0.2448493516792637
53.2185795518111 0.9063093646757061 0.4911436292707322 -1.08383217587095 0.2067520450401327
53.249995478347 0.9217827895390338 0.4938441737294886 -1.071497918819966 0.1697085981812052
53.2814114048829 0.9373334054125948 0.4960573531931013 -1.058443767805085 0.1337125433069709
53.31282733141879 0.9529458656219904 0.4977809840918815 -1.044720377639997 0.09875515148711295
53.34424325795469 0.9686047625754344 0.4990133653014601 -1.03037561551381 0.06482573899632772
53.37565918449059 0.9842946428371834 0.4997532805835262 -1.015454638140365 0.03191194761315409
53.40707511102648 1.000000022391406 0.4999999997506824 -0.9999999776085947 5.634613111184093e-15
53.43849103756238 1.015705401930849 0.4997532794031968 -0.9840516339340886 -0.03092506844840309
53.46990696409828 1.031395282123565 0.4990133625528547 -0.9676471724530388 -0.06087919987381561
53.50132289063418 1.047054178969188 0.4977809799404921 -0.9508218243139991 -0.08987912489032987
53.53273881717007 1.062666639010464 0.4960573475118069 -0.9336085888970012 -0.1179421927473003
53.56415474370597 1.078217254653178 0.4938441664563332 -0.9160383367383975 -0.1450862192801257
53.59557067024187 1.093690679315636 0.4911436208648742 -0.8981399122312574 -0.1713293512777975
53.62698659677777 1.109071642582811 0.4879583757766032 -0.8799402351195531 -0.1966899459159627
53.65840252331366 1.124344965305565 0.4842915746768138 -0.8614644001766838 -0.2211864639757257
53.68981844984956 1.139495574573139 0.4801468363084704 -0.8427357745875194 -0.2448373756464439
53.72123437638546 1.154508518523482 0.4755282508904932 -0.8237760926281212 -0.2676610777806561
53.75265030292137 1.169368981289199 0.4704403767011603 -0.8046055471019314 -0.289675821460431
53.78406622945726 1.184062297266904 0.4648882344986117 -0.7852428778742434 -0.3108996490593408
53.81548215599316 1.198573965925603 0.4588773036111494 -0.7657054564632074 -0.3313503395913347
53.84689808252906 1.212889666213249 0.4524135165842612 -0.7460093672749065 -0.3510453616893252
53.87831400906495 1.22699526996438 0.4455032517297591 -0.7261694857342319 -0.37000183362787
53.90972993560085 1.240876856705186 0.4381533288088432 -0.7061995517997333 -0.3882364889783512
53.94114586213675 1.254520727351451 0.4303710019574691 -0.6861122405056994 -0.4057656479100682
53.97256178867265 1.267913416466012 0.4221639503703605 -0.6659192296074635 -0.4226051937146305
54.00397771520854 1.281041707486407 0.4135402741124464 -0.6456312619964717 -0.438770552564614
54.03539364174444 1.293892644306083 0.4045084835836916 -0.6252582066488414 -0.4542766781147454
54.06680956828034 1.306453544599943 0.3950774920588198 -0.6048091152124732 -0.4691380387663597
54.09822549481624 1.318712012289284 0.385256606796321 -0.5842922757927846 -0.4833686080117844
54.12964142135213 1.330655949697585 0.375055519759188 -0.5637152637396152 -0.4969818573117589
54.16105734788803 1.342273569454456 0.3644842980350069 -0.5430849895358442 -0.5099907511453935
54.19247327442393 1.353553406592601 0.3535533743941665 -0.522407743752498 -0.5224077437524968
54.22388920095982 1.364484329292665 0.3422735363417053 -0.5016892398343306 -0.5342447778783189
54.25530512749572 1.375055549655239 0.3306559153492435 -0.480934654232306 -0.5455132847676794
54.28672105403162 1.385256635707635 0.3187119771084266 -0.4601486636612106 -0.5562241846848714
54.31813698056752 1.395077519876577 0.3064535085476326 -0.439335481305155 -0.5663878896461569
54.34955290710342 1.404508510310981 0.2938926074374941 -0.4184988898090293 -0.5760143056703967
54.38096883363932 1.413540299702678 0.281041669818794 -0.3976422730716367 -0.5851128365059882
54.41238476017521 1.422163974745613 0.2679133779998983 -0.3767686458763276 -0.5936923874429042
54.44380068671112 1.430371024900011 0.2545206880118405 -0.3558806819272305 -0.6017613696167508
54.47521661324701 1.438153350741853 0.2408768167935524 -0.3349807403036746 -0.6093277045815951
54.50663253978291 1.445503272150493 0.2269952292557489 -0.3140708903855604 -0.6163988289440583
54.53804846631881 1.452413535770675 0.2128896249071888 -0.2931529354958436 -0.622981699207247
54.56946439285471 1.458877321620815 0.1985739240918342 -0.2722284353516113 -0.6290827968073102
54.6008803193906 1.464888251377056 0.1840622549621118 -0.2512987269429099 -0.6347081321829308
54.6322962459265 1.470440392260947 0.1693689384797177 -0.2303649451063083 -0.6398632504290284
54.6637121724624 1.475528264889413 0.1545084751765267 -0.2094280412839846 -0.6445532348825816
54.6951280989983 1.480146849062477 0.1394955308414804 -0.1884888017806786 -0.6487827111784149
54.7265440255342 1.484291586037963 0.1243449211891482 -0.1675478655974114 -0.6525558523942596
54.7579599520701 1.487958385608253 0.1090715980979031 -0.1466057407965546 -0.6558763816098314
54.78937587860599 1.491143629540198 0.0936906345881108 -0.1256628207193589 -0.6587475755313943
54.82079180514189 1.493844173741476 0.07821720967547685 -0.1047193996469059 -0.6611722681364929
54.85220773167779 1.496057353320501 0.06266659381564038 -0.08377568766740807 -0.6631528524708481
54.88362365821369 1.497780984339121 0.04705413361243672 -0.06283182541540953 -0.6646912833136016
54.91503958474958 1.499013365539178 0.03139523664886669 -0.0418878983822372 -0.6657890792516666
54.94645551128548 1.499753280546041 0.01570535636854429 -0.02094395090550998 -0.6664473239237217
54.97787143782138 1.499999999618711 -2.318755699974305e-08 -2.612992492602949e-15 -0.6666666668361283
55.00928736435728 1.499753279324033 -0.01570540272816725 0.02094395092257 -0.6664473244667468
55.04070329089317 1.499013362533623 -0.03139528292658256 0.04188789846621341 -0.6657890805865888
55.07211921742907 1.497780979746909 -0.04705417976016796 0.06283182560804737 -0.6646912853515525
55.10353514396498 1.496057347347007 -0.06266663980470563 0.08377568800190915 -0.6631528551187007
55.13495107050088 1.493844166280198 -0.07821725544688142 0.1047194001699456 -0.6611722714388388
55.16636699703677 1.491143620795186 -0.09369068013122997 0.1256628214563249 -0.6587475793947081
55.19778292357267 1.4879583755683 -0.1090716433731974 0.1466057417857718 -0.6558763860353369
55.22919885010857 1.484291574684682 -0.1243449661534278 0.1675478668789771 -0.6525558573856307
55.26061477664446 1.480146836173108 -0.1394955753893627 0.1884888034220658 -0.6487827168281258
55.29203070318036 1.475528250747027 -0.1545085193429973 0.2094280432912734 -0.6445532410603831
55.32344662971626 1.470440376261743 -0.1693689820086934 0.2303649476128058 -0.6398632573910947
55.35486255625216 1.464888234020515 -0.1840622979678847 0.2512987299203903 -0.634708139703189
55.38627848278805 1.458877303431923 -0.1985739667518935 0.2722284387456775 -0.6290828046505481
55.41769440932395 1.45241351614661 -0.2128896669258974 0.2931529394567345 -0.6229817076245697
55.44911033585985 1.445503251202358 -0.2269952706302283 0.3140708949370539 -0.6163988378768684
55.48052626239575 1.438153328646357 -0.2408768575676951 0.3349807454502505 -0.6093277139431829
55.51194218893164 1.430371001215155 -0.254520727882922 0.3558806878200947 -0.6017613795810408
55.54335811546754 1.422163949839504 -0.2679134171196985 0.3767686524746063 -0.5936923978401379
55.57477404200344 1.413540273913795 -0.281041708363797 0.3976422803262892 -0.585112847180895
55.60618996853934 1.404508483112045 -0.2938926449993737 0.4184988979134432 -0.576014316825175
55.63760589507523 1.395077491547722 -0.3064535452650091 0.4393354902264265 -0.5663879011474001
55.66902182161113 1.385256606268441 -0.318712012941851 0.4601486734401927 -0.556224196505639
55.70043774814703 1.375055518955699 -0.3306559501085944 0.4809346649696664 -0.5455132969468327
55.73185367468292 1.364484297297045 -0.342273569913633 0.5016892515983705 -0.534244790405765
55.76326960121882 1.35355337368698 -0.3535534070732183 0.5224077564525114 -0.5224077564525182
55.79468552775473 1.342273535532527 -0.3644843296578231 0.5430850032606843 -0.5099907640338771
55.82610145429063 1.330655914693868 -0.3750555501815224 0.5637152785684892 -0.4969818703851709
55.85751738082652 1.318711976405198 -0.385256636174118 0.5842922916922336 -0.4833686211649533
55.88893330736242 1.306453507910275 -0.3950775204232262 0.6048091321975742 -0.4691380519413554
55.92034923389832 1.293892606817713 -0.404508510883698 0.6252582247646499 -0.4542766912766515
55.95176516043422 1.281041669179662 -0.4135403002517232 0.6456312813026598 -0.4387705656850867
55.98318108697011 1.267913377297526 -0.4221639751996378 0.6659192501790961 -0.4226052067697862
56.01459701350601 1.254520687258161 -0.4303710252665016 0.6861122624331947 -0.4057656608779535
56.04601294004191 1.240876816203071 -0.4381533513990551 0.7061995748500273 -0.3882365016503582
56.0774288665778 1.226995228535401 -0.4455032725709934 0.7261695102530374 -0.3700018461208326
56.1088447931137 1.212889624110934 -0.4524135360308155 0.7460093931706848 -0.3510453738749542
56.1402607196496 1.19857392337481 -0.4588773220528828 0.7657054836466572 -0.3313503513546646
56.1716766461855 1.184062254082832 -0.4648882514051651 0.7852429065129275 -0.3108996603981987
56.2030925727214 1.169368937596901 -0.4704403922471864 0.8046055771652102 -0.289675832283878
56.2345084992573 1.15450847443517 -0.4755282652741964 0.8237761240864393 -0.2676610880020904
56.26592442579319 1.139495530024601 -0.4801468491964067 0.8427358075342427 -0.244837385218359
56.29734035232909 1.124344920431912 -0.4842915863837899 0.8614644345585288 -0.2211864728034903
56.32875627886499 1.109071597364447 -0.4879583860720503 0.8799402709959167 -0.1966899539352873
56.36017220540089 1.09369063376169 -0.4911436295539207 0.8981399496402044 -0.1713293584139431
56.39158813193679 1.078217208888986 -0.4938441739642601 0.9160383756190172 -0.1450862254382183
56.42300405847268 1.062666593026121 -0.4960573535243165 0.9336086292966674 -0.1179421978509791
56.45441998500858 1.047054132792594 -0.4977809842294838 0.9508218662466098 -0.08987912885413615
56.48583591154448 1.031395235851877 -0.4990133656573431 0.9676472158647842 -0.06087920260505185
56.51725183808038 1.015705355571422 -0.4997532806361961 0.984051678848757 -0.03092506985990413
56.54866776461628 0.9999999760161897 -0.4999999996750385 1.000000023983811 -2.204364291334291e-15
56.58008369115218 0.9842945964848127 -0.4997532791262209 1.015454685960123 0.0319119491159498
56.61149961768808 0.9686047162890504 -0.4990133624312523 1.030375664752019 0.0648257420941325
56.64291554422397 0.9529458194448517 -0.4977809798092449 1.044720428264279 0.09875515627251573
56.67433147075987 0.937333359385486 -0.4960573475198254 1.058443819779237 0.1337125498728324
56.70574739729577 0.9217827437452215 -0.4938441664087261 1.071497972051571 0.1697086066122623
56.73716332383167 0.9063093191272773 -0.4911436205525622 1.083832230341153 0.2067520554308788
56.76857925036756 0.8909283558215219 -0.4879583756423752 1.095393086954628 0.2448493641168131
56.79999517690346 0.8756550331163921 -0.484291574450523 1.106124129363496 0.2840044055702873
56.83141110343936 0.8605044238426729 -0.4801468360884627 1.115966006762233 0.3242180961642977
56.86282702997526 0.8454914799659663 -0.4755282504252346 1.124856416451928 0.3654880051391954
56.89424295651115 0.8306310172404061 -0.4704403761272038 1.132730116532492 0.4078079354304274
56.92565888304705 0.8159377013173662 -0.4648882337953755 1.139518966199367 0.4511674752745475
56.95707480958295 0.801426032558392 -0.4588773031557313 1.145152002055928 0.4955515225366002
56.98849073611885 0.7871103324520694 -0.4524135157356646 1.149555551694043 0.5409397818964589
57.01990666265474 0.7730047285974624 -0.4455032511038261 1.152653394248973 0.5873062388159771
57.05132258919064 0.7591231418725061 -0.4381533281537842 1.15436696855573 0.6346186113011699
57.08273851572654 0.7454792714075631 -0.4303710009952048 1.154615641262233 0.6828377867425222
57.11415444226243 0.7320865821288597 -0.422163949684484 1.153317033958975 0.7319172459367304
57.14557036879833 0.7189582911322644 -0.4135402733881536 1.15038742090591 0.781802483933967
57.17698629533424 0.7061073543571671 -0.4045084827949886 1.145742201072905 0.8324304352099374
57.20840222187014 0.6935464540315768 -0.3950774913099953 1.13929644911675 0.8837289125914463
57.23981814840603 0.681287986593179 -0.3852566057385927 1.130965550455084 0.9356160717528048
57.27123407494193 0.6693440491502933 -0.3750555187521903 1.120665927459425 0.9879999174761638
57.30265000147783 0.6577264294742055 -0.3644842969484125 1.108315851020549 1.040777860296604
57.33406592801373 0.6464465923971889 -0.3535533732559677 1.09383635013747 1.093836350137475
57.36548185454962 0.6355156698161434 -0.3422735351025702 1.077152206375545 1.147050595357156
57.39689778108552 0.6249444492135914 -0.3306559143368971 1.058193038046542 1.200284394195952
57.42831370762142 0.6147433631847926 -0.318711976076302 1.03689446348212 1.253390095639263
57.45972963415732 0.6049224790894475 -0.3064535074577118 1.013199335186794 1.306208712172612
57.49114556069321 0.5954914885614683 -0.2938926064168221 0.9870590320482868 1.358570206149027
57.52256148722911 0.5864596993038164 -0.2810416687023838 0.9584347884763083 1.410293964370244
57.55397741376501 0.5778360243625931 -0.2679133768189191 0.9272990474591198 1.461189489584674
57.5853933403009 0.5696289742077055 -0.2545206868340266 0.8936368036025559 1.511057312702787
57.6168092668368 0.5618466483728533 -0.2408768156131434 0.8574469127775548 1.559690144244352
57.6482251933727 0.5544967268630555 -0.2269952281269132 0.8187433356151658 1.606874271790641
57.6796411199086 0.5475864634508805 -0.2128896236751868 0.7775562764678664 1.652391198211538
57.71105704644449 0.5411226776267681 -0.1985739228498318 0.7339331856808898 1.696019523168066
57.74247297298039 0.5351117481220338 -0.1840622536213491 0.6879395826696206 1.737537045582134
57.77388889951629 0.5295596073677702 -0.169368937100715 0.6396596634872254 1.776723065475042
57.80530482605219 0.5244717345050062 -0.1545084738850074 0.5891966602673036 1.813360861463307
57.83672075258809 0.519853150469258 -0.1394955295118634 0.5366729157790016 1.847240292398168
57.86813667912399 0.5157084133860665 -0.1243449198922921 0.4822296489832155 1.87816047981272
57.89955260565989 0.5120416136968635 -0.10907159682772 0.4260263923113176 1.905932517657648
57.93096853219578 0.5088563702554069 -0.09369063321920014 0.3682400880462134 1.930382143463499
57.96238445873168 0.506155826066839 -0.07821720831404191 0.3090638435515602 1.951352310354936
57.99380038526758 0.5039426464703585 -0.06266659246486797 0.2487053525676876 1.968705582397725
58.02521631180348 0.5022190155792328 -0.04705413225611357 0.1873850061411413 1.982326303305843
58.05663223833938 0.5009866342502735 -0.03139523530985875 0.1253337219730085 1.992122464348412
58.08804816487527 0.5002467191453235 -0.01570535503643888 0.06279053490204989 1.998027217596546
58.11946409141117 0.5000000002050998 2.452030263763422e-08 9.784794776433338e-16 1.999999999179601
58.15088001794707 0.5002467206669887 0.01570540405345904 -0.06279053471104981 1.998027211518888
58.18229594448297 0.5009866373476353 0.03139528425256431 -0.1253337211981136 1.992122452032069
58.21371187101887 0.5022190201836443 0.04705418108009739 -0.1873850044231685 1.982326285131609
58.24512779755477 0.5039426526076631 0.06266664111991208 -0.2487053495388082 1.968705558421691
58.27654372409066 0.5061558337259122 0.07821725675281137 -0.3090638388748372 1.951352280827372
58.30795965062656 0.5088563794430155 0.09369068139139321 -0.3682400813974733 1.930382108609668
58.33937557716246 0.5120416244454634 0.1090716446758665 -0.4260263833683177 1.905932477648975
58.37079150369836 0.5157084255862044 0.1243449673910605 -0.4822296375750847 1.878160435380992
58.40220743023425 0.5198531641939271 0.139495576592755 -0.5366729016102453 1.847240243629094
58.43362335677015 0.5244717496418132 0.15450852053099 -0.5891966432624528 1.813360809127808
58.46503928330605 0.5295596238935866 0.1693689832729019 -0.6396596435255338 1.776723010029356
58.49645520984195 0.5351117661805195 0.1840622992158251 -0.6879395594536207 1.737536986945253
58.52787113637785 0.541122697016474 0.1985739678943415 -0.7339331593823145 1.696019462395682
58.55928706291375 0.5475864844258798 0.2128896680037412 -0.777556246683999 1.652391134917602
58.59070298944965 0.5544967492135038 0.2269952717780984 -0.818743302613563 1.606874207021353
58.62211891598555 0.5618466720566812 0.2408768585554201 -0.857446876633128 1.559690078497887
58.65353484252144 0.5696289991161991 0.2545207290777035 -0.8936367645259753 1.511057246627925
58.68495076905734 0.5778360504915124 0.2679134183191492 -0.9272990055279825 1.461189423511777
58.71636669559324 0.5864597268091772 0.2810417093031251 -0.9584347435250622 1.410293898226497
58.74778262212913 0.5954915175165412 0.2938926459970215 -0.9870589840536944 1.358570140090161
58.77919854866503 0.6049225090385961 0.3064535462910462 -1.01319928502424 1.30620864750344
58.81061447520093 0.6147433945567136 0.3187120137696123 -1.036894410566754 1.253390031675575
58.84203040173683 0.6249444816706284 0.3306559510997075 -1.058192983088362 1.200284331858136
58.87344632827272 0.6355157032889575 0.3422735709431561 -1.077152149641587 1.147050534941646
58.90486225480862 0.6464466269655611 0.3535534080412558 -1.093836291645181 1.093836291645188
58.93627818134452 0.6577264652028247 0.3644843305406375 -1.108315790815285 1.0407778037601
58.96769410788042 0.6693440860909629 0.3750555510076375 -1.120665865610592 0.987999862949085
58.99911003441631 0.6812880242754564 0.3852566371239883 -1.130965487900979 0.9356160200035639
59.03052596095221 0.6935464929266517 0.3950775211797831 -1.139296385223382 0.8837288630306716
59.06194188748811 0.7061073940658581 0.4045085115733919 -1.145742136640889 0.8324303883973388
59.093357814024 0.7189583317474157 0.413540300872502 -1.1503873559186 0.7818024397686624
59.1247737405599 0.7320866235857323 0.4221639758819468 -1.153316968648499 0.7319172044894671
59.1561896670958 0.7454793136379066 0.430371025926416 -1.154615575854892 0.6828377480607414
59.1876055936317 0.7591231848484578 0.4381533517765662 -1.154366903203987 0.6346185753737577
59.2190215201676 0.7730047723950971 0.445503273166826 -1.152653328940843 0.5873062055398347
59.2504374467035 0.7871103768455838 0.452413536572624 -1.149555486858395 0.54093975138712
59.2818533732394 0.8014260776284803 0.4588773224863913 -1.1451519376556 0.4955514946680911
59.3132692997753 0.8159377469071168 0.4648882518658489 -1.139518902529821 0.4511674500659922
59.34468522631119 0.8306310634136486 0.4704403926501474 -1.132730053566119 0.4078079127611487
59.37610115284709 0.8454915266070142 0.4755282655769766 -1.124856354399878 0.3654879849772634
59.40751707938299 0.8605044709677032 0.4801468496608393 -1.115965945646999 0.324218078408682
59.43893300591888 0.8756550805897749 0.4842915867488884 -1.106124069395299 0.284004390173081
59.47034893245478 0.8909284037041834 0.4879583862356241 -1.095393028083076 0.2448493509574714
59.50176485899068 0.9063093672969827 0.4911436297520698 -1.083832172736232 0.2067520444421536
59.53318078552658 0.9217827921918059 0.4938441740167036 -1.071497915736334 0.169708597692806
59.56459671206247 0.9373334080320121 0.4960573537220345 -1.058443764847219 0.1337125429333134
59.59601263859837 0.9529458682652904 0.4977809844477219 -1.044720374742131 0.09875515121318421
59.62742856513427 0.9686047652321076 0.4990133655172054 -1.030375612687713 0.06482573881852502
59.65884449167017 0.984294645500979 0.4997532806647075 -1.015454635392241 0.03191194752679107
59.69026041820607 1.000000025056432 0.4999999996740943 -0.9999999749435682 5.879542449860113e-15
59.72167634474197 1.015705404588084 0.4997532791160077 -0.9840516313596641 -0.0309250683674983
59.75309227127786 1.031395284798172 0.4990133626222028 -0.9676471699437432 -0.06087919971594388
59.78450819781376 1.047054181614473 0.4977809796066663 -0.9508218219118375 -0.08987912466325169
59.81592412434966 1.062666641668272 0.4960573472876013 -0.9336085865619772 -0.1179421924523179
59.84734005088556 1.078217257306437 0.4938441661724068 -0.9160383344842254 -0.1450862189230997
59.87875597742146 1.093690681924914 0.4911436203208329 -0.8981399100885156 -0.1713293508690474
59.91017190395736 1.109071645230368 0.4879583754041764 -0.8799402330189746 -0.1966899454464276
59.94158783049325 1.124344967939184 0.4842915742176719 -0.8614643981588238 -0.2211864634576336
59.97300375702915 1.139495577106469 0.4801468354757955 -0.8427357727139453 -0.2448373751021266
60.00441968356505 1.154508521046391 0.4755282500308554 -0.8237760908279488 -0.2676610771957509
60.03583561010095 1.169368983792976 0.47044037578791 -0.8046055453791638 -0.2896758208401898
60.06725153663685 1.184062299742416 0.4648882335112232 -0.7852428762325411 -0.3108996484093446
60.09866746317275 1.198573968342675 0.4588773024859365 -0.7657054549190683 -0.3313503389231258
60.13008338970864 1.212889668517213 0.4524135152209658 -0.7460093658578123 -0.3510453610224911
60.16149931624454 1.226995272243653 0.4455032503325564 -0.7261694843852959 -0.3700018329405526
60.19291524278044 1.24087685905479 0.4381533275505371 -0.7061995504625427 -0.3882364882432242
60.22433116931634 1.254520729524661 0.4303710003965405 -0.6861122393171448 -0.4057656472071589
60.25574709585223 1.267913418858337 0.4221639491662073 -0.6659192283509971 -0.4226051929172457
60.28716302238813 1.281041709803072 0.413540272779766 -0.6456312608288974 -0.4387705517711312
60.31857894892403 1.293892646589613 0.4045084821925841 -0.6252582055453526 -0.4542766773130138
60.34999487545993 1.306453546862863 0.3950774906279018 -0.6048091141648778 -0.4691380379537614
60.38141080199582 1.318712014317903 0.3852566050674235 -0.5842922748939522 -0.4833686072681983
60.41282672853172 1.330655951519287 0.3750555177954261 -0.5637152629678748 -0.4969818566313781
60.44424265506762 1.342273571254953 0.3644842960590535 -0.5430849888073618 -0.5099907504613028
60.47565858160352 1.353553408330218 0.3535533723627949 -0.5224077430818601 -0.5224077430818586
60.50707450813941 1.364484330932016 0.3422735342252735 -0.5016892392315794 -0.5342447772364539
60.53849043467531 1.375055551609794 0.3306559135196153 -0.4809346535486878 -0.5455132839922664
60.56990636121121 1.385256637330148 0.3187119749919818 -0.4601486631222512 -0.5562241840333811
60.60132228774711 1.395077521616691 0.3064535065246588 -0.4393354807571616 -0.5663878889396877
60.63273821428301 1.404508512011172 0.2938926053786392 -0.4184988893024226 -0.5760143049731207
60.66415414081891 1.413540301168708 0.2810416675929576 -0.3976422726592244 -0.5851128358991505
60.69557006735481 1.422163976400889 0.2679133758940281 -0.3767686454377973 -0.5936923867518998
60.7269859938907 1.430371026503491 0.2545206858640005 -0.3558806815282842 -0.6017613689421591
60.7584019204266 1.438153352011385 0.2408768144503144 -0.3349807400079701 -0.6093277040437101
60.7898178469625 1.445503273460287 0.2269952269321099 -0.3140708901009758 -0.6163988283855292
60.8212337734984 1.452413536781323 0.2128896224374287 -0.2931529352918561 -0.622981698773751
60.85264970003429 1.458877322672185 0.1985739216429575 -0.2722284351554243 -0.6290827963539485
60.88406562657019 1.464888252125807 0.184062252392284 -0.2512987268144632 -0.634708131858511
60.91548155310609 1.470440392887064 0.1693689358726761 -0.2303649450082185 -0.6398632501565731
60.94689747964198 1.475528265736263 0.154508472649493 -0.2094280411637922 -0.6445532345126515
60.97831340617788 1.480146849636192 0.1394955282328871 -0.1884888017076191 -0.6487827109269421
61.00972933271378 1.484291586571155 0.1243449185745319 -0.1675478655372245 -0.6525558521598464
61.04114525924968 1.48795838631384 0.1090715955247848 -0.1466057407270346 -0.6558763812988159
61.07256118578557 1.491143629826932 0.0936906319297002 -0.1256628206951998 -0.6587475754047217
61.10397711232147 1.493844174155668 0.07821720704283812 -0.104719399617871 -0.6611722679531725
61.13539303885737 1.496057353788216 0.0626665911885274 -0.0837756876412173 -0.6631528522635255
61.16680896539327 1.497780984525579 0.04705413095318967 -0.0628318254075878 -0.6646912832308546
61.19822489192916 1.499013365475353 0.03139523397456095 -0.04188789838402086 -0.6657890792800144
61.22964081846506 1.499753280599235 0.01570535370389152 -0.02094395090476729 -0.6664473239000838
61.26105674500097 1.499999999816737 -2.585261058205465e-08 1.960672840148488e-15 -0.6666666667481169
61.29247267153686 1.499753279156365 -0.01570540538930745 0.02094395092491132 -0.666447324541254
61.32388859807276 1.499013362196323 -0.0313952855757405 0.04188789847564337 -0.665789080736401
61.35530452460866 1.497780979473153 -0.04705418241130484 0.06283182561953597 -0.6646912854730407
61.38672045114456 1.496057347055204 -0.06266664245414506 0.08377568801824925 -0.6631528552480472
61.41813637768045 1.493844165862699 -0.07821725807913635 0.1047194001992078 -0.661172271623624
61.44955230421635 1.491143620119506 -0.09369068271557789 0.1256628215132661 -0.6587475796932053
61.48096823075225 1.48795837525478 -0.1090716460340697 0.1466057418166622 -0.6558763861735333
61.51238415728815 1.484291573773018 -0.1243449686709278 0.1675478669818862 -0.6525558577864359
61.54380008382405 1.480146835227185 -0.1394955778898579 0.1884888035425239 -0.6487827172427461
61.57521601035995 1.475528249961384 -0.1545085218900391 0.209428043402783 -0.6445532414035751
61.60663193689584 1.470440375277841 -0.1693689844870795 0.2303649477669475 -0.6398632578192402
61.63804786343174 1.464888232981078 -0.1840623004228042 0.251298730098699 -0.6347081401535591
61.66946378996764 1.458877302289751 -0.1985739691616442 0.2722284389588081 -0.6290828051430642
61.70087971650354 1.452413514804282 -0.2128896692397253 0.2931529397276678 -0.6229817082003327
61.73229564303944 1.445503250218194 -0.2269952731198908 0.3140708951508874 -0.6163988382965406
61.76371156957533 1.438153327224405 -0.2408768598272021 0.3349807457814529 -0.6093277145456486
61.79512749611123 1.430370999980869 -0.2545207302491678 0.3558806881271885 -0.6017613801003087
61.82654342264713 1.422163948549652 -0.2679134194575136 0.3767686528163219 -0.593692398378596
61.85795934918303 1.413540272190013 -0.2810417104145065 0.3976422808112052 -0.5851128478944276
61.88937527571892 1.404508481768721 -0.293892647317509 0.4184988983137069 -0.5760143173760998
61.92079120225482 1.395077490094685 -0.3064535475106612 0.4393354906840143 -0.5663879017373191
61.95220712879073 1.38525660440299 -0.318712014857327 0.4601486740598542 -0.5562241972546734
61.98362305532662 1.375055517342369 -0.3306559522390588 0.4809346655339429 -0.5455132975868713
62.01503898186252 1.364484295471186 -0.3422735718548826 0.5016892522697001 -0.5342447911206512
62.04645490839842 1.353553371743628 -0.3535534088987707 0.5224077572025572 -0.5224077572025569
62.07787083493432 1.342273533538839 -0.3644843314278484 0.5430850040673322 -0.5099907647913701
62.10928676147021 1.330655912691432 -0.3750555519400832 0.5637152794167921 -0.4969818711330577
62.14070268800611 1.31871197441263 -0.3852566379465778 0.584292292575097 -0.4833686218953215
62.17211861454201 1.30645350592622 -0.3950775222137599 0.6048091331160719 -0.4691380526538154
62.20353454107791 1.293892604823694 -0.4045085126733755 0.6252582257282355 -0.4542766919767378
62.2349504676138 1.281041667094306 -0.4135403019247834 0.6456312823536537 -0.4387705663993484
62.2663663941497 1.267913375175525 -0.4221639768298583 0.6659192512935895 -0.4226052074770654
62.2977823206856 1.254520685000262 -0.4303710266842282 0.6861122636680662 -0.4057656616082547
62.3291982472215 1.240876813755041 -0.4381533524783203 0.7061995762432335 -0.3882365024162801
62.36061417375739 1.226995226168264 -0.4455032737957321 0.7261695116539743 -0.3700018468346457
62.39203010029329 1.212889621729193 -0.4524135372288686 0.746009394635617 -0.3510453745642992
62.42344602682919 1.198573920889654 -0.4588773230206392 0.7657054852342917 -0.3313503520416956
62.45486195336508 1.184062251674411 -0.4648882525618906 0.7852429081101346 -0.3108996610305844
62.48627787990098 1.169368935155877 -0.4704403933348623 0.8046055788448013 -0.2896758328885682
62.51769380643688 1.154508471869776 -0.4755282660032685 0.8237761259169245 -0.2676610885968513
62.54910973297278 1.139495527456129 -0.4801468499084965 0.8427358094338054 -0.2448373857702333
62.58052565950867 1.124344917837025 -0.4842915869942355 0.8614644365467092 -0.221186473313975
62.61194158604457 1.109071594747896 -0.4879583865840762 0.8799402730718949 -0.1966899543993237
62.64335751258048 1.093690631135358 -0.49114363000978 0.8981399517969528 -0.1713293588253585
62.67477343911638 1.078217206223353 -0.4938441741714701 0.9160383778837032 -0.1450862257969029
62.70618936565227 1.062666590359823 -0.4960573536835707 0.933608631639152 -0.1179421981468973
62.73760529218817 1.047054130142034 -0.4977809845103525 0.9508218686535636 -0.08987912908165367
62.76902121872407 1.031395233182719 -0.499013365678265 0.9676472183689686 -0.060879202762602
62.80043714525996 1.015705352912981 -0.4997532808948938 0.98405168142435 -0.03092506994085263
62.83185307179586 0.9999999733509426 -0.4999999997355001 1.000000026649058 -2.449293663566074e-15
62.86326899833176 0.9842945938209554 -0.4997532790413226 1.015454688708311 0.03191194920231484
62.89468492486766 0.9686047136315864 -0.4990133622241843 1.030375667578958 0.06482574227198817
62.92610085140355 0.9529458167993935 -0.4977809794744232 1.044720431164512 0.09875515654666073
62.95751677793945 0.9373333567616703 -0.496057347024132 1.058443822742069 0.1337125502471249
62.98893270447535 0.921782741114246 -0.4938441659825278 1.071497975109868 0.1697086070966486
63.02034863101125 0.9063093164948522 -0.4911436201284168 1.083832233489203 0.2067520560314012
63.05176455754714 0.8909283532422569 -0.4879583749635356 1.095393090125825 0.2448493648256593
63.08318048408304 0.8756550305728867 -0.4842915736397907 1.106124132576442 0.2840044063952316
63.11459641061894 0.8605044213412067 -0.4801468351454707 1.11596601000632 0.3242180971067918
63.14601233715484 0.845491477391512 -0.4755282497236227 1.124856419877029 0.365488006252069
63.17742826369074 0.8306310146846851 -0.4704403753577913 1.132730120017724 0.407807936685188
63.20884419022664 0.8159376987969401 -0.4648882329211704 1.139518969719334 0.4511674766682005
63.24026011676253 0.8014260301271255 -0.4588773020630435 1.145152005529948 0.4955515240399424
63.27167604329843 0.7871103299605461 -0.4524135147707051 1.149555555332856 0.5409397836087441
63.30309196983433 0.7730047263045114 -0.4455032497333624 1.152653397668069 0.5873062405580936
63.33450789637023 0.7591231394611658 -0.4381533270077058 1.15436697222255 0.634618613317032
63.36592382290613 0.745479269018601 -0.4303709997988419 1.154615644962308 0.6828377889307513
63.39733974944203 0.7320865799527988 -0.4221639481393258 1.1533170373871 0.7319172481122961
63.42875567597792 0.7189582888681686 -0.4135402719780177 1.150387424528628 0.7818024863959754
63.46017160251382 0.7061073521043693 -0.4045084813614033 1.145742204728335 0.8324304378657622
63.49158752904972 0.6935464520211228 -0.3950774895534394 1.139296452419345 0.8837289151532013
63.52300345558562 0.6812879845372229 -0.3852566040425562 1.130965553868055 0.9356160745762588
63.55441938212152 0.6693440472536283 -0.3750555168733765 1.120665930634964 0.9879999202757774
63.58583530865742 0.6577264274103066 -0.3644842952529058 1.108315854498366 1.040777863562491
63.61725123519331 0.6464465904233566 -0.3535533714606724 1.093836353477351 1.09383635347734
63.64866716172921 0.6355156678886167 -0.3422735332565064 1.077152209642561 1.147050598836174
63.68008308826511 0.6249444473959339 -0.330655912386306 1.058193041124308 1.200284397686991
63.71149901480101 0.6147433615829478 -0.3187119739424579 1.03689446618397 1.253390098905237
63.7429149413369 0.6049224774012015 -0.3064535053942313 1.013199338014487 1.306208715818033
63.7743308678728 0.5954914871071499 -0.2938926041790459 0.9870590344588978 1.358570209466948
63.8057467944087 0.5864596977054879 -0.281041666566083 0.9584347910884125 1.410293968213838
63.8371627209446 0.5778360228126702 -0.2679133746457955 0.9272990499464038 1.461189493504006
63.86857864748049 0.5696289727863947 -0.2545206845780587 0.893636805832316 1.511057316473104
63.89999457401639 0.5618466471476175 -0.2408768132451718 0.8574469146474154 1.559690147645615
63.93141050055229 0.5544967257545506 -0.2269952257003319 0.8187433372519315 1.606874275002974
63.96282642708818 0.5475864624256291 -0.2128896212119267 0.7775562779237046 1.65239120130532
63.99424235362408 0.5411226764313273 -0.1985739204629316 0.7339331873022854 1.696019526914889
64.02565828015999 0.5351117472016762 -0.184062251119156 0.6879395838528202 1.737537048570589
64.05707420669589 0.5295596063965579 -0.1693689346175539 0.6396596646603488 1.776723068733556
64.08849013323179 0.5244717336195807 -0.1545084713703076 0.5891966612619868 1.81336086452467
64.11990605976769 0.5198531497996032 -0.1394955269310012 0.5366729164702971 1.847240294777719
64.15132198630357 0.5157084128242437 -0.1243449172848321 0.4822296495085797 1.878160481858821
64.18273791283947 0.5120416132626859 -0.1090715941938056 0.4260263926725739 1.90593251927375
64.21415383937537 0.5088563697127181 -0.09369063060945619 0.3682400884389371 1.930382145522227
64.24556976591127 0.5061558255527012 -0.07821720569704124 0.3090638438654983 1.951352312337061
64.27698569244717 0.5039426460455215 -0.06266658983227097 0.2487053527773532 1.968705584057396
64.30840161898307 0.5022190152171715 -0.04705412961343713 0.187385006276232 1.982326304734948
64.33981754551897 0.5009866342289144 -0.03139523264088632 0.1253337219783383 1.992122464433345
64.37123347205485 0.5002467190394339 -0.01570535237346328 0.06279053491535574 1.998027218019478
64.40264939859075 0.5000000001614606 2.718516640947786e-08 1.56791929078425e-14 1.999999999354158
64.43406532512665 0.5002467208588763 0.01570540671358374 -0.06279053468694958 1.998027210752473
64.46548125166255 0.5009866376326949 0.03139528690477454 -0.1253337211267987 1.992122450898558
64.49689717819845 0.5022190204618886 0.04705418373055706 -0.1873850043193511 1.982326284033342
64.52831310473435 0.5039426529513465 0.06266664376255689 -0.2487053493691934 1.968705557079056
64.55972903127025 0.5061558341622612 0.07821725938174837 -0.3090638386084116 1.95135227914514
64.59114495780615 0.5088563799120036 0.0936906840147986 -0.3682400810580976 1.930382106830526
64.62256088434204 0.5120416250911671 0.1090716472620803 -0.4260263828310684 1.905932475245526
64.65397681087794 0.5157084263428583 0.1243449699479731 -0.4822296368675376 1.878160432625335
64.68539273741385 0.5198531648059562 0.1394955791898356 -0.5366729009784399 1.847240241454309
64.71680866394973 0.5244717504760836 0.1545085230616998 -0.589196642325225 1.813360806243318
64.74822459048563 0.529559624929955 0.1693689857319096 -0.6396596422736952 1.776723006552241
64.77964051702153 0.5351117672124315 0.1840623016732131 -0.6879395581269946 1.737536983594578
64.81105644355743 0.5411226981829648 0.1985739702931495 -0.7339331578001844 1.696019458739596
64.84247237009333 0.5475864854303043 0.2128896704761363 -0.7775562452577461 1.652391131886662
64.87388829662923 0.5544967503583321 0.2269952741855153 -0.8187433009231642 1.606874203703759
64.90530422316513 0.5618466732781082 0.2408768609249542 -0.85744687476908 1.559690075107198
64.93672014970103 0.569629000520406 0.2545207313433401 -0.893636762323059 1.511057242902973
64.96813607623692 0.577836052055105 0.2679134204830337 -0.9272990030187515 1.461189419557886
64.99955200277282 0.5864597283359877 0.2810417114874678 -0.9584347410298281 1.410293894554894
65.03096792930872 0.5954915190020678 0.2938926482115167 -0.9870589815913543 1.358570136701041
65.06238385584462 0.6049225107666674 0.3064535483230602 -1.013199282129851 1.306208643772017
65.09379978238051 0.6147433962067356 0.3187120158628359 -1.036894407783644 1.253390028311373
65.12521570891641 0.6249444833117531 0.3306559532051607 -1.058192980309512 1.20028432870615
65.15663163545231 0.6355157051416387 0.3422735728587455 -1.077152146501437 1.14705053159771
65.1880475619882 0.6464466288875256 0.3535534098874865 -1.093836288393065 1.093836288393088
65.2194634885241 0.6577264670519165 0.3644843324638724 -1.108315787699426 1.04077780083413
65.25087941506 0.669344088042311 0.3750555528233017 -1.120665862343492 0.9879998600687634
65.2822953415959 0.6812880264224569 0.3852566387086511 -1.130965484336872 0.9356160170550784
65.3137112681318 0.6935464950022402 0.39507752285095 -1.13929638181379 0.8837288603859212
65.3451271946677 0.7061073961390004 0.4045085132527985 -1.145742133276971 0.8324303859533103
65.3765431212036 0.7189583338895443 0.4135403024603914 -1.150387352491039 0.7818024374392826
65.4079590477395 0.7320866258699577 0.4221639772546434 -1.153316965049974 0.7319172022057624
65.4393749742754 0.7454793158632543 0.430371027397406 -1.154615572408227 0.6828377460223785
65.47079090081129 0.7591231871096933 0.4381533531939308 -1.154366899765425 0.6346185734833818
65.50220682734719 0.7730047747843923 0.4455032743464233 -1.152653325378089 0.5873062037245108
65.53362275388308 0.7871103792126558 0.4524135377998615 -1.14955548340134 0.5409397497603639
65.56503868041898 0.8014260800790762 0.4588773235320525 -1.145151934153958 0.4955514931528051
65.59645460695488 0.8159377493271434 0.4648882529906583 -1.139518899150067 0.4511674487278627
65.62787053349078 0.8306310659143513 0.4704403935692483 -1.132730050155915 0.4078079115334001
65.65928646002668 0.8454915291035573 0.4755282665152264 -1.124856351078434 0.3654879838980613
65.69070238656256 0.8605044735656006 0.4801468502685974 -1.115965942277848 0.3242180774298708
65.72211831309848 0.875655083223458 0.4842915872053992 -1.106124066068443 0.2840043893188814
65.75353423963438 0.8909284063296278 0.4879583867045585 -1.095393024855104 0.2448493502359263
65.78495016617026 0.9063093698899857 0.4911436303787055 -1.083832169635325 0.2067520438506321
65.81636609270618 0.9217827948412007 0.4938441743214453 -1.071497912656627 0.1697085972050209
65.84778201924206 0.9373334106903861 0.4960573539376322 -1.058443761845363 0.1337125425540911
65.87919794577796 0.9529458709022625 0.4977809848640508 -1.044720371851202 0.09875515093991125
65.91061387231386 0.9686047678786619 0.4990133658863807 -1.03037560987238 0.06482573864139951
65.94202979884976 0.9842946481593273 0.4997532809009619 -1.015454632649737 0.03191194744060466
65.97344572538566 1.000000027720925 0.4999999997540653 -0.9999999722790759 -9.809553733980691e-16
66.00486165192156 1.015705407249843 0.4997532789866908 -0.9840516287808568 -0.03092506828646276
66.03627757845744 1.031395287443684 0.4990133622374056 -0.9676471674617442 -0.06087919955978259
66.06769350499336 1.047054184274396 0.4977809794328197 -0.9508218194963802 -0.08987912443493716
66.09910943152924 1.062666644334517 0.4960573471336459 -0.9336085842195412 -0.1179421921563992
66.13052535806514 1.078217259955583 0.4938441658658687 -0.9160383322335479 -0.1450862185666272
66.16194128460104 1.093690684564545 0.491143619938553 -0.8981399079208476 -0.1713293504555424
66.19335721113694 1.109071647803335 0.4879583747004321 -0.8799402309775765 -0.1966899449901208
66.22477313767283 1.124344970492726 0.4842915734489099 -0.8614643962023231 -0.2211864629552764
66.25618906420874 1.139495579686275 0.4801468348049279 -0.842735770806 -0.244837374547817
66.28760499074463 1.154508523621122 0.4755282493326686 -0.8237760889908059 -0.2676610765988138
66.31902091728054 1.16936898624074 0.4704403747210949 -0.8046055436949335 -0.2896758202338358
66.35043684381642 1.184062302154458 0.4648882323656063 -0.7852428746329327 -0.3108996477760082
66.38185277035232 1.198573970827763 0.4588773015198724 -0.7657054533314799 -0.3313503382361083
66.41326869688824 1.212889670894683 0.4524135140155984 -0.7460093643955049 -0.3510453603343877
66.44468462342412 1.226995274601854 0.4455032490918766 -0.7261694829896481 -0.3700018322294342
66.47610054996002 1.240876861488648 0.43815332644718 -0.7061995490774015 -0.3882364874817362
66.50751647649592 1.254520731762876 0.4303709989469909 -0.6861122380930388 -0.4057656464832243
66.53893240303182 1.267913420977917 0.4221639475336397 -0.6659192272377723 -0.4226051922107782
66.57034832956771 1.281041711985408 0.4135402712508069 -0.6456312597290269 -0.4387705510236531
66.60176425610362 1.293892648694086 0.4045084805561787 -0.6252582045283881 -0.4542766765741524
66.63318018263951 1.306453548801289 0.3950774887797613 -0.6048091132675069 -0.469138037257682
66.66459610917542 1.318712016257708 0.3852566032321983 -0.5842922740344603 -0.4833686065571785
66.69601203571131 1.330655953461633 0.3750555159694799 -0.5637152621450251 -0.4969818559059382
66.72742796224721 1.342273573180942 0.3644842942176947 -0.543084988028105 -0.5099907497295318
66.7588438887831 1.353553410198161 0.3535533704625149 -0.5224077423609222 -0.5224077423609205
66.790259815319 1.364484332674658 0.3422735322065012 -0.5016892385908467 -0.5342447765541501
66.82167574185489 1.375055553230025 0.330655911395761 -0.4809346529820053 -0.5455132833494832
66.8530916683908 1.385256639096621 0.3187119729951582 -0.460148662535468 -0.5562241833240898
66.88450759492669 1.395077523399721 0.3064535045354118 -0.4393354801956566 -0.5663878882157913
66.91592352146259 1.404508513657011 0.2938926032807099 -0.4184988888120191 -0.5760143042981293
66.94733944799849 1.413540302791077 0.2810416654737016 -0.3976422722028412 -0.5851128352275937
66.97875537453439 1.422163977644236 0.2679133735270696 -0.3767686451084062 -0.593692386232853
67.01017130107029 1.430371027626643 0.2545206834323693 -0.3558806812488408 -0.6017613684696458
67.04158722760619 1.438153353448159 0.2408768121992671 -0.3349807396733109 -0.609327703434967
67.07300315414207 1.445503274912544 0.2269952246813608 -0.3140708897854463 -0.6163988277662458
67.10441908067799 1.452413537965545 0.2128896200496856 -0.2931529350528345 -0.622981698265804
67.13583500721388 1.458877323900057 0.1985739192707613 -0.2722284349262974 -0.6290827958244792
67.16725093374977 1.464888252994841 0.1840622498702857 -0.2512987266653868 -0.6347081314819732
67.19866686028568 1.470440393694943 0.169368933331291 -0.2303649448816487 -0.6398632498050258
67.23008278682157 1.475528266767178 0.1545084701825084 -0.2094280410174703 -0.6445532340623185
67.26149871335748 1.480146850396046 0.1394955256787411 -0.1884888016108468 -0.6487827105938834
67.29291463989337 1.484291587292398 0.1243449160085013 -0.1675478654558102 -0.6525558518427581
67.32433056642927 1.487958387124455 0.1090715929753707 -0.1466057406471664 -0.6558763809415055
67.35574649296517 1.491143630304876 0.09369062930798289 -0.1256628206549176 -0.6587475751935795
67.38716241950107 1.493844174372524 0.07821720437912193 -0.1047193996026647 -0.6611722678571931
67.41857834603695 1.496057353876971 0.06266658851372164 -0.08377568763625208 -0.6631528522241824
67.44999427257287 1.497780984594413 0.04705412828292703 -0.06283182540469569 -0.6646912832003077
67.48141019910875 1.499013365606385 0.03139523131270756 -0.04188789838035951 -0.6657890792218163
67.51282612564465 1.499753280847631 0.01570535104556361 -0.02094395090129862 -0.6664473237897037
67.54424205218055 1.499999999835863 -2.851740064842853e-08 -2.939564972033034e-15 -0.6666666667396165
67.57565797871645 1.499753278896116 -0.01570540804712928 0.02094395092854552 -0.6664473246569012
67.60707390525235 1.499013362053922 -0.03139528823667805 0.04188789847962242 -0.6657890807996487
67.63848983178825 1.497780979393748 -0.04705418508029929 0.06283182562286688 -0.6646912855082796
67.66990575832413 1.49605734695698 -0.06266664512751245 0.08377568802374 -0.6631528552915881
67.70132168486005 1.493844165637792 -0.07821726074124884 0.1047194002149784 -0.6611722717231665
67.73273761139593 1.491143619635222 -0.09369068533568693 0.1256628215540732 -0.65874757990715
67.76415353793183 1.487958374459095 -0.1090716485864081 0.1466057418950547 -0.6558763865242641
67.79556946446775 1.484291573049644 -0.1243449712360693 0.1675478670635457 -0.6525558581044599
67.82698539100363 1.480146834467659 -0.1394955804438823 0.1884888036392454 -0.648782717575664
67.85840131753953 1.475528248933539 -0.1545085243577356 0.2094280435486693 -0.6445532418525672
67.88981724407543 1.470440374475984 -0.1693689870303401 0.2303649478925696 -0.6398632581681692
67.92123317061133 1.464888232121211 -0.1840623029481041 0.2512987302462119 -0.6347081405261212
67.95264909714723 1.458877301074307 -0.1985739715390041 0.2722284391856161 -0.6290828056671746
67.98406502368313 1.452413513635927 -0.2128896716347601 0.2931529399634912 -0.6229817087014717
68.01548095021901 1.445503248757348 -0.2269952753660733 0.3140708954682875 -0.6163988389194844
68.04689687675493 1.438153325810774 -0.2408768620907243 0.3349807461107303 -0.6093277151445816
68.07831280329081 1.430370998776055 -0.2545207326322657 0.35588068842695 -0.6017613806071778
68.10972872982671 1.422163947212964 -0.2679134217649523 0.3767686531704455 -0.5936923989366059
68.14114465636261 1.413540270602142 -0.2810417125569106 0.3976422812578883 -0.5851128485517022
68.17256058289851 1.404508480006147 -0.2938926493302759 0.418498898838902 -0.5760143180989604
68.2039765094344 1.395077488248435 -0.3064535494503542 0.4393354912654283 -0.566387902486882
68.23539243597031 1.385256602682256 -0.3187120168915322 0.4601486746314401 -0.5562241979456024
68.2668083625062 1.37505551557176 -0.3306559542297776 0.4809346661532171 -0.5455132982893157
68.29822428904211 1.364484293781302 -0.3422735739225768 0.5016892528910347 -0.5342447917822979
68.329640215578 1.353553369931626 -0.3535534108544219 0.5224077579019003 -0.5224077579019077
68.3610561421139 1.342273531671727 -0.3644843333314763 0.5430850048227637 -0.509990765500775
68.39247206864979 1.330655910810749 -0.3750555538355074 0.5637152802135191 -0.4969818718354673
68.42388799518569 1.318711972537033 -0.3852566398588537 0.5842922934061324 -0.4833686225828141
68.45530392172159 1.306453503803903 -0.3950775238244209 0.6048091340985766 -0.4691380534159245
68.48671984825749 1.29389260251013 -0.4045085140214941 0.6252582268462377 -0.454276692789014
68.51813577479339 1.281041664747064 -0.4135403032107148 0.6456312835366418 -0.4387705672032997
68.54955170132928 1.267913372838719 -0.4221639781196664 0.6659192525208972 -0.4226052082559455
68.58096762786519 1.254520682833624 -0.4303710282541319 0.6861122648530295 -0.4057656623090336
68.61238355440108 1.240876811393029 -0.4381533537115881 0.7061995775874834 -0.3882365031552944
68.64379948093699 1.226995223881776 -0.4455032751761374 0.7261695130071855 -0.3700018475241286
68.67521540747288 1.212889619422777 -0.452413538584019 0.7460093960542198 -0.3510453752318432
68.70663133400878 1.198573918474317 -0.4588773241467886 0.7657054867773229 -0.331350352709425
68.73804726054468 1.184062249187206 -0.4648882535164486 0.7852429097595942 -0.3108996616836454
68.76946318708058 1.169368932630686 -0.4704403941851529 0.8046055805823074 -0.2896758335141027
68.80087911361646 1.154508469357925 -0.4755282668932593 0.8237761277092025 -0.2676610891792044
68.83229504015237 1.139495524935826 -0.4801468507819286 0.8427358112977459 -0.2448373863117518
68.86371096668826 1.124344915217851 -0.4842915875047342 0.8614644385535007 -0.2211864738292318
68.89512689322416 1.109071592115581 -0.4879583870186883 0.8799402751603806 -0.1966899548661558
68.92654281976006 1.093690628541376 -0.4911436306270424 0.8981399539271319 -0.1713293592317187
68.95795874629596 1.078217203584741 -0.4938441745397499 0.91603838012543 -0.1450862261519644
68.98937467283186 1.062666587715377 -0.4960573540033534 0.9336086339624371 -0.1179421984403967
69.02079059936776 1.047054127508115 -0.4977809849510345 0.9508218710454052 -0.08987912930774951
69.05220652590364 1.031395230516811 -0.499013365727008 0.9676472208701022 -0.06087920291997404
69.08362245243956 1.015705350249615 -0.4997532809481005 0.9840516840047137 -0.03092507002193708
69.11503837897544 0.9999999706871988 -0.4999999999525443 1.000000029312802 -9.799650602980387e-15
69.14645430551134 0.9842945911536886 -0.4997532791115835 1.015454691460016 0.03191194928878319
69.17787023204725 0.968604710965962 -0.4990133621706901 1.030375670414577 0.06482574245039729
69.20928615858314 0.9529458141411424 -0.4977809792914379 1.044720434078769 0.09875515682213888
69.24070208511904 0.9373333541205006 -0.4960573466783823 1.058443825724498 0.133712550623893
69.27211801165494 0.9217827385073047 -0.4938441654147797 1.071497978140226 0.16970860757661
69.30353393819084 0.906309313836306 -0.4911436198500006 1.083832236668491 0.2067520566378826
69.33494986472674 0.8909283506690535 -0.4879583742647594 1.095393093289568 0.2448493655328474
69.36636579126264 0.8756550279948523 -0.4842915729700157 1.106124135833003 0.2840044072313825
69.39778171779852 0.8605044188012271 -0.4801468343408726 1.115966013300357 0.324218098063789
69.42919764433444 0.8454914748387197 -0.4755282489605236 1.124856423273302 0.3654880073556026
69.46061357087032 0.8306310122438726 -0.470440374274268 1.132730123346256 0.407807937883533
69.49202949740622 0.8159376962856402 -0.4648882320285048 1.139518973226555 0.4511674780568073
69.52344542394212 0.8014260277349226 -0.4588773008844436 1.14515200894815 0.4955515255191302
69.55486135047802 0.7871103276099516 -0.4524135135101799 1.149555558765839 0.5409397852241927
69.58627727701391 0.7730047239685892 -0.4455032484508411 1.152653401151246 0.58730624233285
69.61769320354982 0.7591231371538142 -0.4381533256758511 1.154366975731244 0.6346186152459523
69.64910913008571 0.7454792668022786 -0.4303709983140603 1.154615648395009 0.6828377909608228
69.68052505662162 0.7320865777084063 -0.4221639467050834 1.153317040922873 0.7319172503561773
69.7119409831575 0.7189582867600072 -0.4135402703412577 1.150387427901851 0.7818024886884031
69.7433569096934 0.7061073500588679 -0.4045084796453149 1.145742208047408 0.8324304402771966
69.7747728362293 0.6935464499660636 -0.3950774878569924 1.13929645579522 0.883728917771785
69.8061887627652 0.6812879824032212 -0.385256602443428 1.130965557410584 0.9356160775068937
69.8376046893011 0.6693440453072773 -0.3750555150532994 1.12066593389369 0.9879999231487312
69.869020615837 0.6577264255736373 -0.3644842933176871 1.108315857593285 1.040777866468813
69.9004365423729 0.6464465885409677 -0.3535533695760891 1.093836356662488 1.093836356662491
69.93185246890879 0.635515666103718 -0.3422735312786589 1.077152212667841 1.147050602057754
69.9632683954447 0.6249444457441861 -0.3306559102915705 1.058193043921137 1.200284400859388
69.99468432198059 0.6147433598926936 -0.3187119718838657 1.03689446903495 1.253390102351461
70.0261002485165 0.6049224756445013 -0.3064535033858855 1.013199340956809 1.306208719611289
70.05751617505238 0.595491485561996 -0.2938926020093403 0.9870590370200735 1.358570212992103
70.08893210158828 0.5864596963376638 -0.2810416642753074 0.9584347933238098 1.410293971503124
70.12034802812418 0.5778360214586123 -0.267913372350597 0.9272990521193676 1.461189496928048
70.15176395466008 0.569628971550114 -0.2545206822148183 0.893636807771789 1.511057319752597
70.18317988119597 0.5618466458280359 -0.2408768109312638 0.8574469166612703 1.559690151308776
70.21459580773188 0.5544967246125403 -0.2269952232929765 0.8187433389381583 1.606874278312407
70.24601173426777 0.5475864613047569 -0.2128896187957938 0.7775562795153098 1.652391204687652
70.27742766080368 0.5411226754831362 -0.1985739179711532 0.7339331885883082 1.696019529886777
70.30884358733957 0.5351117463030044 -0.1840622486103591 0.6879395850081654 1.737537051488621
70.34025951387547 0.5295596056183464 -0.1693689320670582 0.6396596656003705 1.776723071344526
70.37167544041137 0.5244717326709297 -0.1545084688781646 0.5891966623277239 1.813360867804626
70.40309136694727 0.5198531490323162 -0.1394955243804152 0.5366729172624233 1.847240297504184
70.43450729348315 0.5157084122317469 -0.1243449146872284 0.4822296500626267 1.878160484016634
70.46592322001906 0.512041612736713 -0.1090715915822063 0.4260263931101782 1.905932521231541
70.49733914655495 0.5088563690717824 -0.09369062802028819 0.3682400889027722 1.930382147953658
70.52875507309085 0.5061558251172988 -0.07821720306941134 0.3090638441313738 1.951352314015639
70.56017099962676 0.5039426456729926 -0.06266658719471266 0.2487053529611898 1.968705585512721
70.59158692616265 0.5022190149908368 -0.04705412695949863 0.1873850063606953 1.98232630562832
70.62300285269856 0.5009866341174604 -0.03139522997923746 0.1253337220062075 1.992122464876532
70.65441877923445 0.500246719066001 -0.01570534970787926 0.06279053491200734 1.998027217913366
70.68583470577035 0.5000000000189863 2.984868763680373e-08 1.958196917288231e-15 1.999999999924055
70.71725063230625 0.5002467209518909 0.01570540937549131 -0.06279053467528815 1.998027210380964
70.74866655884215 0.5009866378648601 0.03139528955888257 -0.1253337210687307 1.992122449975376
70.78008248537803 0.502219020641213 0.04705418638890215 -0.1873850042524281 1.982326283325525
70.81149841191395 0.503942653196113 0.06266664641627379 -0.24870534924841 1.968705556122848
70.84291433844983 0.5061558344997276 0.07821726202502133 -0.3090638384023369 1.951352277844128
70.87433026498573 0.5088563802821515 0.09369068665571842 -0.3682400807902215 1.930382105426347
70.90574619152163 0.512041625754036 0.1090716498431813 -0.4260263822795645 1.905932472778178
70.93716211805753 0.515708427077384 0.124344972509353 -0.4822296361807087 1.87816042995026
70.96857804459343 0.5198531656377327 0.1394955817220151 -0.5366729001197379 1.847240238498688
70.99999397112933 0.5244717512121769 0.1545085256234601 -0.589196641498303 1.813360803698272
71.03140989766521 0.5295596258683757 0.1693689882252457 -0.6396596411401555 1.776723003403755
71.06282582420113 0.5351117682780381 0.184062304116351 -0.6879395567570629 1.737536980134491
71.09424175073701 0.5411226992521454 0.1985739727329907 -0.7339331563500255 1.696019455388511
71.12565767727291 0.5475864866548331 0.2128896728438747 -0.7775562435189401 1.652391128191542
71.15707360380881 0.5544967516887381 0.2269952764973611 -0.8187432989587385 1.606874199848386
71.18848953034471 0.561846674446104 0.2408768633226494 -0.8574468729865639 1.55969007186484
71.21990545688061 0.5696290019595882 0.2545207335869822 -0.8936367600652517 1.511057239085255
71.25132138341651 0.5778360535243929 0.2679134227055492 -0.9272990006608797 1.461189415842452
71.28273730995241 0.5864597299207182 0.2810417136312083 -0.9584347384399571 1.410293890743994
71.31415323648831 0.5954915205205213 0.2938926504009978 -0.9870589790744456 1.358570133236794
71.34556916302421 0.6049225124034506 0.3064535504246567 -1.013199279388372 1.306208640237706
71.37698508956009 0.6147433977668317 0.3187120180294841 -1.036894405152203 1.253390025130527
71.40840101609601 0.6249444852044299 0.330655955087815 -1.058192977104728 1.200284325071019
71.43981694263189 0.6355157070462201 0.3422735747244828 -1.077152143273304 1.147050528160114
71.47123286916779 0.6464466308476299 0.3535534116948529 -1.093836285076428 1.093836285076437
71.50264879570369 0.6577264691108763 0.3644843341629526 -1.10831578422994 1.040777797576051
71.53406472223959 0.6693440899238634 0.3750555547175477 -1.120665859193263 0.9879998572914493
71.56548064877548 0.6812880284899513 0.3852566403890186 -1.130965480904741 0.935616014215787
71.59689657531139 0.6935464970006404 0.3950775246215374 -1.139296378531002 0.8837288578395176
71.62831250184728 0.7061073983069935 0.4045085148015248 -1.145742129759142 0.8324303833974707
71.65972842838319 0.718958336049015 0.4135403040230768 -1.150387349035729 0.7818024350910449
71.69114435491907 0.7320866280847125 0.4221639787375377 -1.153316961560881 0.7319171999915285
71.72256028145497 0.7454793181496601 0.4303710287655813 -1.154615568866984 0.6828377439281047
71.75397620799087 0.7591231894642861 0.4381533544413865 -1.15436689618489 0.6346185715149768
71.78539213452677 0.7730047771124637 0.4455032756460263 -1.152653321906619 0.5873062019557195
71.81680806106266 0.7871103815710045 0.4524135390457802 -1.149555479957025 0.5409397481396028
71.84822398759857 0.8014260824751456 0.45887732470416 -1.145151930730235 0.4955514916712186
71.87963991413447 0.8159377518153238 0.4648882539446637 -1.139518895675138 0.4511674473520318
71.91105584067036 0.8306310683677882 0.4704403946208509 -1.132730046810165 0.4078079103288653
71.94247176720627 0.8454915316112261 0.4755282674204174 -1.124856347742191 0.3654879828140418
71.97388769374216 0.8605044761236808 0.4801468510143687 -1.115965938960343 0.3242180764660381
72.00530362027807 0.8756550858210302 0.4842915878024605 -1.106124062787201 0.2840043884763938
72.03671954681396 0.8909284089230782 0.4879583873165415 -1.095393021666465 0.2448493495231894
72.06813547334986 0.9063093724926429 0.4911436309543485 -1.083832166522875 0.2067520432568929
72.09955139988575 0.9217827974672086 0.4938441747738396 -1.071497909604105 0.1697085967215568
72.13096732642165 0.9373334133488026 0.4960573541536703 -1.058443758843461 0.1337125421748552
72.16238325295754 0.9529458735749365 0.4977809849029484 -1.044720368921133 0.09875515066294588
72.19379917949345 0.9686047705458776 0.4990133659258897 -1.030375607035068 0.06482573846288391
72.22521510602934 0.9842946508214615 0.4997532810144519 -1.015454629903327 0.03191194735430272
72.25663103256524 1.000000030385365 0.4999999999906188 -0.9999999696146358 6.369401123302835e-15
72.28804695910114 1.01570540991647 0.4997532790152582 -0.9840516261973333 -0.03092506820526503
72.31946288563704 1.031395290096954 0.4990133619746055 -0.9676471649724665 -0.06087919940317717
72.35087881217294 1.047054186949476 0.4977809794189279 -0.950821817067161 -0.08987912420530128
72.38229473870884 1.062666646949415 0.4960573465737495 -0.9336085819222141 -0.1179421918661858
72.41371066524472 1.078217262554934 0.4938441652450646 -0.9160383300251771 -0.1450862182168487
72.44512659178064 1.0936906872126 0.491143619600129 -0.898139905746261 -0.1713293500407242
72.47654251831652 1.109071650374788 0.4879583739899329 -0.8799402289373802 -0.1966899445340761
72.50795844485242 1.124344973038989 0.4842915726517164 -0.8614643942513941 -0.2211864624543692
72.53937437138832 1.139495582313007 0.4801468342957616 -0.842735768863352 -0.2448373739834188
72.57079029792422 1.15450852619892 0.4755282486435359 -0.8237760871514684 -0.2676610760011831
72.60220622446012 1.169368988746448 0.4704403738149273 -0.8046055419708379 -0.2896758196131165
72.63362215099602 1.184062304629998 0.4648882313797842 -0.7852428729912091 -0.31089964712601
72.66503807753192 1.198573973372177 0.4588773006902765 -0.7657054517059857 -0.3313503375327004
72.69645400406782 1.212889673346485 0.4524135129677994 -0.746009362887483 -0.3510453596247597
72.72786993060372 1.226995277039846 0.4455032480073078 -0.7261694815467749 -0.3700018314942599
72.7592858571396 1.240876863792265 0.4381533251059953 -0.706199547766385 -0.3882364867609921
72.79070178367552 1.254520734091665 0.4303709976500282 -0.6861122368193938 -0.4057656457299991
72.8221177102114 1.267913423170137 0.422163946014904 -0.6659192260864017 -0.4226051914800894
72.8535336367473 1.28104171409098 0.4135402696082855 -0.6456312586678382 -0.4387705503024764
72.8849495632832 1.293892650755739 0.4045084788603456 -0.6252582035321221 -0.4542766758503158
72.9163654898191 1.306453550851129 0.3950774870747475 -0.6048091123185514 -0.4691380365216034
72.94778141635499 1.318712018313834 0.3852566015373306 -0.5842922731234463 -0.4833686058035012
72.9791973428909 1.330655955525154 0.3750555142809138 -0.5637152612708376 -0.4969818551352452
73.01061326942678 1.342273575232953 0.3644842925104656 -0.5430849871978634 -0.5099907489498755
73.0420291959627 1.35355341219682 0.3535533686929748 -0.5224077415895308 -0.5224077415895362
73.07344512249858 1.364484334552619 0.3422735303148679 -0.5016892379003681 -0.5342447758188573
73.10486104903448 1.375055554892056 0.3306559093089587 -0.4809346524006953 -0.545513282690124
73.13627697557038 1.385256641007227 0.3187119711177701 -0.4601486619008149 -0.5562241825569179
73.16769290210628 1.395077524829238 0.3064535022724175 -0.4393354797454719 -0.5663878876354248
73.19910882864217 1.40450851503805 0.2938926009909007 -0.4184988884005175 -0.5760143037317371
73.23052475517808 1.413540304409206 0.2810416633521411 -0.3976422717476421 -0.5851128345577974
73.26194068171398 1.42216397896423 0.2679133712093631 -0.3767686447587013 -0.5936923856818151
73.29335660824987 1.430371028887319 0.2545206810826731 -0.3558806809351852 -0.601761367939273
73.32477253478578 1.438153354799531 0.2408768099018829 -0.3349807393585392 -0.6093277028624094
73.35618846132166 1.445503275865568 0.2269952221766991 -0.3140708895783745 -0.6163988273598547
73.38760438785758 1.452413539323322 0.2128896177440693 -0.2931529347787787 -0.6229816976834168
73.41902031439346 1.458877325004738 0.1985739168458421 -0.2722284347201672 -0.6290827953481276
73.45043624092936 1.464888254042964 0.1840622474199131 -0.251298726485579 -0.6347081310278433
73.48185216746526 1.470440394684422 0.1693689308560468 -0.2303649447266377 -0.6398632493744513
73.51326809400116 1.475528267544349 0.1545084676338352 -0.2094280409071586 -0.644553233722829
73.54468402053705 1.480146851341985 0.139495523179256 -0.1884888014904005 -0.6487827101792522
73.57609994707296 1.484291588201606 0.1243449134914429 -0.1675478653531737 -0.652555851443034
73.60751587360885 1.487958387433294 0.1090715903146596 -0.146605740616742 -0.6558763808053716
73.63893180014476 1.491143630973951 0.09369062672349765 -0.1256628205985283 -0.6587475748980013
73.67034772668065 1.49384417478178 0.07821720174660997 -0.1047193995739805 -0.6611722676760565
73.70176365321655 1.496057354159171 0.06266658586406643 -0.08377568762044502 -0.6631528520990931
73.73317957975244 1.497780984857492 0.04705412563182743 -0.0628318253936644 -0.6646912830835568
73.76459550628834 1.49901336593226 0.03139522866380363 -0.04188789837124882 -0.6657890790770791
73.79601143282423 1.499753281053054 0.01570534838653154 -0.02094395089843479 -0.6664473236984192
73.82742735936014 1.49999999962584 -3.118162064598591e-08 1.634100360543924e-15 -0.6666666668329598
73.85884328589603 1.499753278831099 -0.01570541071079282 0.02094395092944857 -0.6664473246857928
73.89025921243193 1.49901336210642 -0.03139529090965279 0.04188789847815054 -0.6657890807763318
73.92167513896783 1.497780979241214 -0.04705418774222556 0.06283182562926078 -0.6646912855759721
73.95309106550373 1.496057346519818 -0.06266664775792884 0.08377568804822461 -0.6631528554853672
73.98450699203964 1.493844165249853 -0.07821726337748124 0.1047194002421777 -0.6611722718948667
74.01592291857553 1.491143619342196 -0.09369068799235163 0.1256628215787718 -0.6587475800366002
74.04733884511143 1.487958373749202 -0.1090716511579694 0.1466057419650036 -0.6558763868371764
74.07875477164733 1.484291572514402 -0.124344973849554 0.1675478671239594 -0.6525558583397757
74.11017069818323 1.480146833894429 -0.1394955830518788 0.1884888037122475 -0.6487827178269225
74.14158662471911 1.475528248089921 -0.1545085268850397 0.2094280436684029 -0.6445532422210856
74.17300255125502 1.470440373849641 -0.1693689896365922 0.2303649479906991 -0.639863258440721
74.20441847779091 1.464888231345814 -0.1840623055066606 0.251298730379225 -0.6347081408620878
74.23583440432681 1.458877300035606 -0.1985739739925251 0.2722284393794344 -0.6290828061150751
74.26725033086271 1.452413512641428 -0.2128896741112576 0.2931529401642146 -0.6229817091280426
74.29866625739861 1.445503247467265 -0.2269952776989453 0.3140708957485936 -0.6163988394696059
74.33008218393451 1.438153324564658 -0.2408768644459857 0.3349807464009764 -0.6093277156725481
74.36149811047041 1.430370997199721 -0.2545207347953394 0.3558806888191508 -0.6017613812703437
74.39291403700629 1.422163945588629 -0.2679134238896363 0.3767686536007704 -0.593692399614699
74.42432996354221 1.413540269170879 -0.281041714805522 0.3976422816605202 -0.5851128491441483
74.45574589007809 1.404508478344424 -0.2938926514163918 0.4184988993340384 -0.5760143187804661
74.48716181661399 1.395077486550464 -0.30645355150545 0.4393354918001545 -0.5663879031762388
74.51857774314989 1.385256601105544 -0.3187120190453009 0.4601486751551817 -0.5562241985787054
74.54999366968579 1.375055513666492 -0.3306559561023691 0.4809346668196008 -0.5455132990451722
74.58140959622168 1.364484291981009 -0.3422735758874504 0.5016892535529492 -0.5342447924871885
74.61282552275759 1.353553368247796 -0.3535534129389994 0.5224077585517832 -0.5224077585517835
74.64424144929349 1.342273529904539 -0.3644843353421962 0.5430850055377728 -0.5099907661722062
74.67565737582939 1.330655908839518 -0.3750555556288946 0.5637152810486095 -0.4969818725716916
74.70707330236529 1.31871197031195 -0.3852566413497069 0.5842922943920212 -0.4833686233984055
74.73848922890117 1.30645350158796 -0.3950775253152515 0.6048091351244208 -0.4691380542116578
74.76990515543709 1.293892600294905 -0.4045085155059286 0.6252582279167221 -0.4542766935667599
74.80132108197297 1.281041662500308 -0.4135403046453345 0.6456312846689793 -0.4387705679728424
74.83273700850887 1.267913370517392 -0.4221639794347782 0.6659192537400818 -0.422605209029657
74.86415293504477 1.254520680441153 -0.4303710294435418 0.6861122661614969 -0.4057656630828659
74.89556886158067 1.240876809115259 -0.4381533550998255 0.7061995788837956 -0.3882365038679418
74.92698478811656 1.22699522149539 -0.445503276362309 0.7261695144195063 -0.3700018482437616
74.95840071465247 1.212889616930038 -0.4524135395454228 0.7460093975874257 -0.3510453759533089
74.98981664118836 1.198573916126869 -0.4588773254321569 0.765705488276981 -0.3313503533583917
75.02123256772427 1.18406224664675 -0.4648882543390737 0.7852429114443685 -0.3108996623506885
75.05264849426015 1.169368930069076 -0.4704403949370228 0.8046055823448675 -0.28967583414867
75.08406442079605 1.154508466897588 -0.4755282679448095 0.8237761294647281 -0.2676610897496031
75.11548034733195 1.139495522411599 -0.4801468516454572 0.8427358131645845 -0.2448373868541251
75.14689627386785 1.124344912639138 -0.4842915881773873 0.8614644405292922 -0.2211864743365224
75.17831220040374 1.109071589518136 -0.4879583876154652 0.8799402772211991 -0.19668995532681
75.20972812693965 1.093690625953483 -0.4911436312838504 0.8981399560523142 -0.1713293596371125
75.24114405347554 1.078217200970348 -0.4938441750695256 0.9160383823465809 -0.1450862265037671
75.27255998001144 1.062666585089782 -0.4960573544840267 0.9336086362691598 -0.1179421987318105
75.30397590654735 1.047054124848176 -0.4977809851316489 0.9508218734608762 -0.08987912953607217
75.33539183308324 1.031395227859472 -0.4990133659348366 0.967647223363198 -0.06087920307681968
75.36680775961915 1.01570534758101 -0.4997532808769255 0.9840516865901545 -0.03092507010318107
75.39822368615503 0.9999999680221613 -0.4999999997879334 1.00000003197784 -2.939152411941389e-15
75.42963961269093 0.9842945884891542 -0.4997532790534961 1.015454694208903 0.03191194937517739
75.46105553922683 0.9686047082970524 -0.4990133621477951 1.030375673253692 0.06482574262901165
75.49247146576273 0.952945811467074 -0.4977809792599889 1.044720437010367 0.09875515709926364
75.52388739229862 0.9373333514589587 -0.4960573464821813 1.058443828729932 0.1337125510035597
75.55530331883453 0.9217827358754508 -0.4938441649944327 1.071497981199543 0.1697086080611657
75.58671924537042 0.9063093112587198 -0.4911436191386651 1.083832239750962 0.2067520572258871
75.61813517190632 0.8909283480623756 -0.4879583737086914 1.09539309649447 0.2448493662492195
75.64955109844222 0.875655025379129 -0.4842915724403772 1.106124139137177 0.2840044080797415
75.68096702497812 0.8605044162195798 -0.4801468336737398 1.115966016648426 0.3242180990365015
75.71238295151402 0.8454914723561141 -0.475528247976431 1.124856426576206 0.365488008428772
75.74379887804992 0.8306310097537847 -0.4704403733225123 1.132730126741982 0.4078079391060783
75.7752148045858 0.8159376938722749 -0.464888230883891 1.139518976597006 0.4511674793912536
75.80663073112171 0.8014260252864024 -0.4588772998315067 1.14515201244682 0.4955515270331491
75.8380466576576 0.7871103252396062 -0.4524135122876989 1.149555562227675 0.5409397868531987
75.8694625841935 0.7730047215699364 -0.4455032472875471 1.152653404727954 0.5873062441552838
75.9008785107294 0.7591231348764816 -0.438153324285765 1.154366979194293 0.6346186171497687
75.9322944372653 0.7454792645533599 -0.4303709968806994 1.154615651878182 0.6828377930207764
75.96371036380118 0.7320865753926887 -0.4221639453798482 1.153317044571033 0.7319172526713345
75.9951262903371 0.7189582845780736 -0.4135402688100692 1.150387431393104 0.7818024910610674
76.026542216873 0.7061073479370669 -0.4045084780311632 1.145742211490274 0.8324304427785975
76.0579581434089 0.6935464478325026 -0.3950774862589362 1.139296459300038 0.8837289204904133
76.0893740699448 0.6812879803455664 -0.3852566007494353 1.130965560826368 0.9356160803326887
76.12078999648068 0.6693440432784099 -0.3750555133244196 1.120665937290579 0.9879999261434771
76.1522059230166 0.6577264236836219 -0.3644842914369866 1.108315860778088 1.040777869459557
76.18362184955248 0.6464465867447153 -0.3535533676032525 1.09383635970189 1.093836359701878
76.21503777608838 0.6355156643571669 -0.342273529262703 1.077152215628108 1.147050605210134
76.24645370262428 0.6249444440033095 -0.3306559082732908 1.058193046868902 1.200284404202953
76.27786962916018 0.6147433581119637 -0.3187119698980188 1.036894472038518 1.253390105982169
76.30928555569606 0.6049224741458326 -0.3064535011754608 1.013199343466994 1.306208722847342
76.34070148223198 0.5954914839240675 -0.2938925999050258 0.9870590397350184 1.358570216728924
76.37211740876786 0.586459694876053 -0.2810416620462203 0.9584347957124901 1.410293975017938
76.40353333530378 0.5778360201046921 -0.2679133700532708 0.9272990542921 1.461189500351749
76.43494926183966 0.5696289702184079 -0.2545206799060331 0.8936368098609874 1.511057323285214
76.46636518837556 0.5618466444123306 -0.2408768086681781 0.8574469188217995 1.55969015523879
76.49778111491146 0.5544967233738343 -0.2269952209329126 0.8187433407671842 1.606874281902044
76.52919704144736 0.5475864600866446 -0.2128896164233353 0.7775562812449812 1.65239120836342
76.56061296798325 0.541122674490233 -0.1985739154966506 0.733933189935035 1.696019532998779
76.59202889451916 0.5351117453062875 -0.1840622461381966 0.6879395862895326 1.73753705472502
76.62344482105505 0.5295596047417517 -0.1693689295496146 0.6396596666592298 1.77672307428558
76.65486074759096 0.524471731989992 -0.1545084662965663 0.5891966630926835 1.813360870158972
76.68627667412686 0.5198531481662469 -0.139495521856096 0.5366729181565013 1.847240300581668
76.71769260066274 0.5157084115403622 -0.1243449121126283 0.4822296507091152 1.878160486534594
76.74910852719866 0.5120416121118021 -0.1090715889904476 0.4260263936301005 1.905932523557601
76.78052445373454 0.5088563686917789 -0.09369062537901612 0.3682400891777531 1.93038214939523
76.81194038027044 0.5061558248092713 -0.07821720041928523 0.3090638443194451 1.951352315203162
76.84335630680634 0.5039426454543913 -0.06266658453543995 0.2487053530690883 1.968705586366709
76.87477223334224 0.5022190148351188 -0.04705412429663904 0.1873850064187823 1.982326306242961
76.90618815987813 0.5009866339070754 -0.03139522732145431 0.1253337220588832 1.992122465713103
76.93760408641404 0.5002467189936947 -0.01570534704307575 0.06279053492106947 1.998027218202165
76.96902001294993 0.5000000001395684 3.251440636461048e-08 1.665891034757342e-14 1.999999999441727
77.00043593948584 0.5002467209461766 0.01570541204270486 -0.06279053467601914 1.998027210403788
77.03185186602173 0.5009866379983841 0.03139529222147507 -0.1253337210353119 1.992122449444432
77.06326779255762 0.5022190207930199 0.04705418905218901 -0.1873850041958004 1.982326282726321
77.09468371909352 0.5039426534860781 0.06266664906659039 -0.2487053491052921 1.96870555499007
77.12609964562942 0.5061558348423513 0.07821726466968652 -0.3090638381931408 1.951352276523229
77.15751557216531 0.5088563808612449 0.09369068925910301 -0.3682400803711394 1.930382103229519
77.18893149870122 0.5120416263189473 0.1090716524484305 -0.4260263818095628 1.90593247067545
77.22034742523711 0.5157084277141506 0.1243449750980582 -0.482229635585266 1.87816042763122
77.25176335177301 0.5198531664550797 0.1394955842603409 -0.5366728992759322 1.84724023559434
77.28317927830891 0.5244717519882727 0.1545085281739609 -0.5891966406264162 1.813360801014926
77.31459520484481 0.529559626709764 0.1693689907553438 -0.6396596401238476 1.776723000580813
77.34601113138072 0.5351117692469771 0.1840623065995617 -0.687939555511407 1.737536976988289
77.37742705791661 0.5411227002251223 0.1985739752163451 -0.7339331550303735 1.696019452338943
77.40884298445251 0.5475864878611244 0.2128896752221697 -0.7775562418060544 1.652391124551445
77.4402589109884 0.5544967529239925 0.2269952788594896 -0.8187432971348323 1.606874196268741
77.4716748375243 0.5618466758668842 0.2408768655832358 -0.8574468708182901 1.559690067920739
77.50309076406019 0.5696290033050014 0.2545207358878385 -0.89363675795455 1.511057235516279
77.5345066905961 0.5778360549008232 0.2679134249889183 -0.9272989984520236 1.461189412361829
77.56592261713199 0.5864597314135769 0.2810417158394229 -0.9584347360002095 1.410293887154036
77.59733854366789 0.5954915221983972 0.2938926524767659 -0.987058976293267 1.358570129408851
77.62875447020379 0.6049225139507263 0.3064535525980941 -1.013199276796793 1.306208636896682
77.66017039673969 0.6147433996030315 0.318712019970228 -1.036894402055074 1.253390021386723
77.69158632327559 0.6249444870103154 0.3306559570495482 -1.058192974046887 1.200284321602597
77.72300224981149 0.6355157088655521 0.3422735766729241 -1.077152140189678 1.147050524876371
77.75441817634737 0.6464466327239998 0.3535534135883845 -1.093836281901462 1.093836281901486
77.78583410288329 0.6577264710878431 0.364484335951759 -1.108315780898617 1.040777794447717
77.81725002941917 0.6693440920459519 0.3750555563411795 -1.120665855640297 0.9879998541591032
77.84866595595507 0.6812880304791592 0.3852566421660562 -1.130965477602583 0.9356160114839909
77.88008188249097 0.6935464991872338 0.3950775261513431 -1.139296374939055 0.8837288550533312
77.91149780902687 0.706107400537288 0.4045085162663019 -1.145742126140233 0.8324303807681674
77.94291373556275 0.7189583383433178 0.4135403053890558 -1.150387345364655 0.7818024325962222
77.97432966209867 0.7320866302302984 0.4221639803307826 -1.153316958180766 0.7319171978464313
78.00574558863455 0.7454793205160175 0.4303710300001885 -1.15461556520191 0.6828377417605975
78.03716151517047 0.7591231918605255 0.438153355615334 -1.154366892541033 0.6346185695117394
78.06857744170637 0.7730047794314481 0.4455032769659092 -1.152653318448708 0.5873062001938156
78.09999336824225 0.7871103840601358 0.4524135400159567 -1.149555476321714 0.5409397464289453
78.13140929477817 0.8014260848966311 0.458877325819085 -1.145151927270195 0.4955514901739163
78.16282522131405 0.8159377543432352 0.4648882547994359 -1.139518892144715 0.4511674459542481
78.19424114784995 0.8306310708870659 0.470440395491014 -1.132730043374634 0.4078079090919891
78.22565707438585 0.8454915342001966 0.4755282680764163 -1.124856344297778 0.3654879816948932
78.25707300092175 0.8605044786421776 0.4801468518981912 -1.115965935694172 0.3242180755171193
78.28848892745764 0.8756550883831464 0.4842915885402119 -1.10612405955074 0.2840043876454372
78.31990485399355 0.8909284114851529 0.4879583880716841 -1.095393018516406 0.2448493488190599
78.35132078052943 0.9063093751442702 0.4911436312773101 -1.08383216335186 0.2067520426519977
78.38273670706535 0.9217828000705525 0.4938441753739741 -1.071497906577929 0.1697085962422502
78.41415263360123 0.9373334159888729 0.4960573545194993 -1.058443755862273 0.1337125417982516
78.44556856013713 0.9529458762339676 0.4977809850935735 -1.044720366006022 0.09875515038737952
78.47698448667303 0.968604773213311 0.4990133659744749 -1.030375604197524 0.06482573828436837
78.50840041320893 0.9842946534908583 0.4997532809266894 -1.015454627149424 0.03191194726775088
78.53981633974482 1.000000033050605 0.4999999997657145 -0.999999966949396 1.37197575808236e-14
78.57123226628073 1.01570541258552 0.4997532790948086 -0.9840516236114628 -0.03092506812400754
78.60264819281662 1.031395292760794 0.4990133618707501 -0.9676471624732723 -0.06087919924593407
78.63406411935252 1.047054189582394 0.4977809789531548 -0.9508218146762293 -0.08987912397928464
78.66548004588842 1.06266664958526 0.4960573461744663 -0.933608579606487 -0.1179421915736345
78.69689597242431 1.078217265180538 0.4938441647854235 -0.9160383277944999 -0.1450862178635506
78.72831189896023 1.093690689788342 0.4911436188799669 -0.8981399036310583 -0.1713293496372341
78.75972782549611 1.109071652982955 0.4879583734411768 -0.8799402268680531 -0.196689944071533
78.79114375203201 1.124344975627346 0.4842915720162495 -0.8614643922682141 -0.2211864619451815
78.82255967856791 1.139495584813821 0.4801468333510291 -0.8427357670138256 -0.244837373446088
78.85397560510381 1.154508528664746 0.4755282476082331 -0.8237760853920264 -0.267661075429512
78.8853915316397 1.1693689913106 0.4704403730692045 -0.804605540206529 -0.2896758189779196
78.91680745817561 1.184062307169363 0.4648882305536033 -0.7852428713071584 -0.3108996464592535
78.9482233847115 1.198573975714271 0.4588772993920844 -0.7657054502097485 -0.331350336885214
78.9796393112474 1.212889675871375 0.4524135120743926 -0.7460093613345069 -0.351045358893978
79.0110552377833 1.226995279474481 0.445503246915375 -0.726169480105894 -0.3700018307600877
79.0424711643192 1.240876866049094 0.4381533236794519 -0.7061995464819913 -0.3882364860548969
79.0738870908551 1.254520736510954 0.4303709965056727 -0.6861122354962593 -0.4057656449474927
79.10530301739099 1.267913425458065 0.422163944646779 -0.6659192248847594 -0.4226051907175104
79.13671894392688 1.281041716297584 0.4135402681140654 -0.6456312575557368 -0.4387705495466861
79.16813487046279 1.293892652923635 0.4045084773103328 -0.6252582024845094 -0.4542766750891871
79.19955079699868 1.306453553012322 0.3950774855128897 -0.604809111318053 -0.4691380357455301
79.23096672353458 1.31871202048639 0.3852565999827151 -0.5842922721608312 -0.4833686050071633
79.26238265007048 1.330655957710192 0.3750555127294027 -0.5637152603451782 -0.4969818543191593
79.29379857660638 1.342273577243881 0.364484290758748 -0.5430849863842367 -0.5099907481858362
79.32521450314226 1.35355341414963 0.3535533668768589 -0.5224077408358494 -0.5224077408358322
79.35663042967818 1.364484336566291 0.3422735285499313 -0.5016892371599839 -0.5342447750304357
79.38804635621406 1.375055556694354 0.330655907344969 -0.480934651770334 -0.5455132819751114
79.41946228274998 1.385256642516226 0.318711968907267 -0.460148661399558 -0.5562241819510101
79.45087820928588 1.395077526407708 0.3064535001239412 -0.4393354792483788 -0.5663878869945843
79.48229413582176 1.404508516572147 0.2938925988112323 -0.4184988879434013 -0.5760143031025791
79.51371006235767 1.413540305704865 0.2810416610103429 -0.3976422713831568 -0.5851128340214821
79.54512598889356 1.422163980444979 0.267913368992625 -0.3767686443664159 -0.5936923850636628
79.57654191542946 1.430371030312347 0.2545206788291441 -0.3558806805806296 -0.6017613673397618
79.60795784196536 1.438153355886779 0.2408768074584558 -0.3349807391052974 -0.6093277024017536
79.63937376850126 1.445503276989496 0.2269952197584179 -0.3140708893341694 -0.6163988268805857
79.67078969503714 1.452413540329081 0.2128896152720635 -0.2931529345757912 -0.6229816972520117
79.70220562157306 1.458877325863723 0.1985739143137757 -0.2722284345598751 -0.6290827949777265
79.73362154810894 1.464888255270699 0.1840622450397935 -0.2512987262749682 -0.6347081304958876
79.76503747464486 1.470440395856041 0.1693689284453937 -0.2303649445430829 -0.6398632488646222
79.79645340118074 1.47552826819063 0.1545084650416781 -0.2094280408154338 -0.6445532334405133
79.82786932771664 1.480146852060955 0.1394955206130055 -0.188488801398839 -0.6487827098641121
79.85928525425254 1.484291588709958 0.1243449108706518 -0.1675478652957953 -0.65255585121954
79.89070118078844 1.487958387932106 0.1090715876955461 -0.1466057405675904 -0.6558763805855014
79.92211710732433 1.491143631566265 0.09369062412367521 -0.1256628205486266 -0.6587475746363298
79.95353303386024 1.493844175383621 0.07821719914392743 -0.1047193995317865 -0.6611722674096836
79.98494896039612 1.49605735463494 0.06266658323824753 -0.08377568759380791 -0.6631528518881996
80.01636488693204 1.497780985314923 0.04705412299842133 -0.06283182537447063 -0.6646912828805567
80.04778081346792 1.499013366239094 0.03139522601309755 -0.04188789836267965 -0.6657890789407976
80.07919674000382 1.499753280893616 0.01570534571559943 -0.02094395090065676 -0.6664473237692691
80.11061266653974 1.499999999611125 -3.38461823144826e-08 6.207765693593363e-15 -0.6666666668394998
80.14202859307562 1.499753278961278 -0.01570541338067094 0.0209439509276352 -0.6664473246279448
80.17344451961152 1.499013361889555 -0.0313952935657438 0.0418878984842151 -0.6657890808726523
80.20486044614742 1.497780978755899 -0.04705419037264041 0.06283182564962425 -0.6646912857913465
80.23627637268332 1.496057346017335 -0.06266665038006075 0.08377568807636701 -0.6631528557081007
80.26769229921921 1.49384416462279 -0.07821726597588355 0.1047194002861209 -0.6611722721724057
80.29910822575512 1.491143618823521 -0.09369069060598596 0.1256628216224866 -0.6587475802657364
80.33052415229101 1.487958373229081 -0.1090716537720437 0.1466057420162454 -0.6558763870664415
80.36194007882692 1.484291572065855 -0.1243449764854544 0.1675478671745962 -0.6525558585369743
80.3933560053628 1.480146833227089 -0.1394955856327912 0.188488803797225 -0.6487827181194346
80.4247719318987 1.475528247430329 -0.154508529472498 0.209428043762026 -0.6445532425092129
80.4561878584346 1.470440372667855 -0.1693689920431948 0.2303649481758377 -0.639863258954978
80.4876037849705 1.464888230111247 -0.1840623078837624 0.2512987305910171 -0.6347081413970007
80.51901971150639 1.458877299173366 -0.1985739765228228 0.2722284395403249 -0.6290828064868837
80.5504356380423 1.452413511635881 -0.2128896765829746 0.293152940367177 -0.6229817095593487
80.58185156457819 1.445503246347688 -0.226995280118998 0.3140708959918445 -0.6163988399470237
80.61326749111409 1.438153323485718 -0.2408768668935825 0.3349807466522833 -0.6093277161296841
80.64468341764999 1.430370995787124 -0.2545207370556416 0.3558806891706047 -0.6017613818646299
80.67609934418589 1.422163944124411 -0.267913426116313 0.3767686539886844 -0.5936924002259446
80.70751527072179 1.413540267895968 -0.2810417171607239 0.3976422820191605 -0.5851128496718808
80.73893119725768 1.404508476835258 -0.2938926536133603 0.4184988997837257 -0.5760143193993992
80.77034712379358 1.39507748500101 -0.3064535536756485 0.4393354922881096 -0.5663879038052986
80.80176305032948 1.385256599496978 -0.3187120211725879 0.4601486756895119 -0.5562241992245919
80.83317897686538 1.375055511901277 -0.3306559580980451 0.480934667437 -0.5455132997454666
80.86459490340127 1.364484290008239 -0.3422735776897231 0.5016892542782946 -0.5342447932595954
80.89601082993718 1.353553366162626 -0.3535534146215988 0.5224077593565637 -0.5224077593565569
80.92742675647307 1.342273527774215 -0.3644843369655402 0.5430850063997001 -0.5099907669816174
80.95884268300897 1.330655906705778 -0.3750555572372193 0.5637152819525372 -0.4969818733686185
80.99025860954487 1.318711968193661 -0.3852566429684768 0.5842922953305848 -0.4833686241748602
81.02167453608077 1.306453499483707 -0.3950775269489952 0.6048091360985662 -0.469138054967276
81.05309046261667 1.293892598186259 -0.4045085171359623 0.625258228935697 -0.4542766943070957
81.08450638915257 1.281041660354835 -0.4135403062281109 0.6456312857502781 -0.4387705687076859
81.11592231568845 1.267913368292123 -0.4221639809003078 0.6659192549088095 -0.4226052097713612
81.14733824222436 1.254520678085768 -0.4303710306943803 0.6861122674496882 -0.4057656638446938
81.17875416876025 1.240876806877766 -0.4381533565599043 0.7061995801571795 -0.3882365045679974
81.21017009529615 1.226995219042492 -0.4455032774164239 0.7261695158712017 -0.3700018489834311
81.24158602183205 1.212889614468457 -0.4524135405713235 0.7460093991014621 -0.351045376665767
81.27300194836795 1.19857391360047 -0.4588773263020211 0.7657054898909659 -0.3313503540568191
81.30441787490383 1.184062244170397 -0.4648882553212628 0.7852429130866222 -0.3108996630009223
81.33583380143975 1.169368927566034 -0.4704403958493261 0.8046055840671332 -0.2896758347687176
81.36724972797563 1.15450846430423 -0.4755282685845362 0.8237761313151638 -0.2676610903508527
81.39866565451155 1.139495519793045 -0.4801468521811197 0.8427358151011886 -0.2448373874167544
81.43008158104743 1.124344910102919 -0.4842915890116996 0.8614644424725223 -0.2211864748354659
81.46149750758333 1.10907158695793 -0.4879583883739069 0.8799402792524745 -0.1966899557808476
81.49291343411925 1.093690623294695 -0.4911436315633733 0.8981399582357146 -0.1713293600536121
81.52432936065513 1.0782171983664 -0.4938441756586878 0.9160383845588606 -0.1450862268541513
81.55574528719103 1.062666582455166 -0.4960573548841135 0.9336086385838104 -0.1179421990242124
81.58716121372693 1.047054122182437 -0.4977809852381643 0.950821875881613 -0.08987912976490622
81.61857714026283 1.031395225213413 -0.4990133663016034 0.9676472258457111 -0.06087920323299947
81.64999306679871 1.015705344918418 -0.4997532809636117 0.9840516891697684 -0.03092507018426994
81.68140899333463 0.9999999653581437 -0.499999999677837 1.000000034641857 3.921345815660581e-15
81.71282491987051 0.9842945858318299 -0.4997532787996762 1.015454696950351 0.0319119494613234
81.74424084640643 0.968604705651357 -0.4990133617736226 1.030375676068112 0.06482574280608701
81.77565677294231 0.9529458088327735 -0.4977809788217039 1.044720439898367 0.09875515737225236
81.80707269947821 0.9373333488087534 -0.4960573462063249 1.058443831722563 0.1337125513816242
81.83848862601411 0.92178273322154 -0.4938441647219624 1.071497984284501 0.169708608549767
81.86990455255001 0.9063093086579498 -0.4911436185563868 1.083832242861155 0.206752057819196
81.9013204790859 0.8909283454251863 -0.4879583732960165 1.095393099736886 0.244849366973977
81.93273640562181 0.8756550227881199 -0.4842915718206448 1.106124142410128 0.2840044089201006
81.9641523321577 0.8605044136007186 -0.480146833140098 1.115966020044762 0.3242181000232194
81.99556825869359 0.84549146983094 -0.4755282471279987 1.124856429935744 0.3654880095203429
82.02698418522949 0.8306310072174468 -0.4704403725036362 1.132730130200785 0.4078079403513146
82.05840011176539 0.8159376914089955 -0.4648882298692315 1.13951898003716 0.451167480753316
82.08981603830129 0.8014260227845252 -0.458877298905532 1.145152016021738 0.4955515285801445
82.12123196483719 0.7871103228125085 -0.4524135111890635 1.149555565772388 0.540939788521224
82.15264789137309 0.7730047191115281 -0.4455032462450188 1.152653408393765 0.587306246023118
82.18406381790899 0.7591231325363414 -0.4381533230132016 1.154366982752843 0.6346186191061082
82.21547974444489 0.7454792622387929 -0.4303709955615895 1.154615655463033 0.6828377951408616
82.24689567098078 0.7320865731197685 -0.4221639439900207 1.153317048151748 0.7319172549437367
82.27831159751669 0.7189582823250262 -0.4135402673862838 1.150387434998144 0.7818024935110617
82.30972752405258 0.7061073457416503 -0.4045084765209229 1.145742215052601 0.8324304453667668
82.34114345058848 0.6935464456229671 -0.3950774847612573 1.139296462929673 0.8837289233058333
82.37255937712438 0.6812879783771187 -0.3852565989498696 1.130965564094077 0.935616083035959
82.40397530366027 0.6693440411692535 -0.3750555116887339 1.12066594082188 0.9879999292567511
82.43539123019617 0.6577264217113331 -0.3644842896458174 1.108315864101543 1.040777872580473
82.46680715673207 0.6464465848643504 -0.3535533657162704 1.093836362883602 1.093836362883605
82.49822308326796 0.6355156625248395 -0.3422735273289578 1.077152218733777 1.147050608517318
82.52963900980387 0.6249444421751476 -0.3306559063335998 1.058193049964446 1.200284407714175
82.56105493633976 0.6147433563776349 -0.3187119678753318 1.036894474963839 1.253390109518256
82.59247086287566 0.6049224725570972 -0.3064534990362272 1.013199346127996 1.306208726277904
82.62388678941156 0.5954914822818704 -0.2938925978052322 0.987059042457058 1.358570220475469
82.65530271594746 0.5864596933222133 -0.2810416598811659 0.9584347982518775 1.410293978754555
82.68671864248334 0.5778360186575906 -0.2679133678163798 0.9272990566144095 1.461189504011053
82.71813456901926 0.5696289687926576 -0.2545206776540855 0.8936368120977012 1.511057327067314
82.74955049555514 0.5618466432278496 -0.2408768062791062 0.8574469206294743 1.559690158526911
82.78096642209105 0.5544967220397115 -0.2269952186227053 0.8187433427370751 1.6068742857682
82.81238234862694 0.5475864588978463 -0.212889614038557 0.7775562829330511 1.65239121195072
82.84379827516284 0.5411226734009501 -0.1985739130653571 0.7339331914124348 1.696019536412881
82.87521420169875 0.535111744212866 -0.1840622437061268 0.6879395876952231 1.737537058275424
82.90663012823464 0.5295596037681181 -0.1693689270690379 0.6396596678352782 1.776723077552218
82.93804605477054 0.5244717312117257 -0.1545084637486429 0.5891966639670086 1.813360872849823
82.96946198130644 0.5198531474838378 -0.1394955192806626 0.5366729188610031 1.84724030300653
83.00087790784234 0.5157084107511528 -0.1243449095652697 0.4822296514470777 1.878160489408822
83.03229383437824 0.5120416113888457 -0.1090715864226562 0.4260263942316252 1.905932526248602
83.06370976091414 0.5088563682568001 -0.09369062275034469 0.3682400894925175 1.930382151045355
83.09512568745002 0.5061558244028856 -0.07821719778681667 0.3090638445676027 1.951352316769874
83.12654161398594 0.5039426451373016 -0.06266658189065497 0.2487053532255646 1.968705587605455
83.15795754052182 0.5022190145807965 -0.04705412164509242 0.1873850065136881 1.982326307246804
83.18937346705772 0.5009866335979939 -0.03139522467186549 0.1253337221361937 1.992122466942135
83.22078939359362 0.5002467188226106 -0.01570534438327237 0.06279053494255848 1.998027218885488
83.25220532012952 0.5000000002035974 3.517826038353442e-08 2.937914355484168e-15 1.999999999185611
83.2836212466654 0.5002467209866575 0.01570541470658475 -0.06279053467089493 1.998027210242105
83.31503717320132 0.5009866380329731 0.03139529488845268 -0.1253337210266723 1.992122449306892
83.3464530997372 0.5022190211787767 0.04705419169145494 -0.1873850040518545 1.982326281203689
83.37786902627312 0.5039426539371794 0.06266665169452797 -0.2487053488826785 1.968705553227793
83.409284952809 0.5061558353860103 0.0782172672804748 -0.3090638378611628 1.951352274427295
83.4407008793449 0.5088563814374178 0.09369069186091709 -0.368240079954198 1.930382101043764
83.4721168058808 0.5120416267849056 0.1090716550736321 -0.4260263814218644 1.905932468941053
83.5035327324167 0.5157084282520492 0.1243449777099915 -0.4822296350822996 1.878160425672242
83.5349486589526 0.5198531671737516 0.1394955868254304 -0.5366728985340204 1.847240233040616
83.5663645854885 0.5244717529289471 0.1545085306692105 -0.5891966395696659 1.81336079776254
83.5977805120244 0.5295596274864721 0.1693689933067835 -0.6396596391856675 1.776722997974879
83.62919643856029 0.5351117701178971 0.1840623091195565 -0.6879395543917152 1.737536974160379
83.6606123650962 0.5411227012342396 0.1985739776820474 -0.7339331536617036 1.696019449176102
83.69202829163208 0.5475864889701416 0.2128896776441288 -0.7775562402312715 1.652391121204892
83.723444218168 0.554496754062487 0.2269952812688407 -0.818743295453797 1.606874192969497
83.75486014470388 0.5618466771914773 0.2408768678945762 -0.8574468687967872 1.559690064243666
83.78627607123978 0.5696290045549807 0.2545207382431769 -0.8936367559935868 1.511057232200447
83.81769199777568 0.577836056184925 0.2679134273285784 -0.9272989963913137 1.461189409114694
83.84910792431158 0.5864597328124894 0.2810417181091357 -0.9584347337140156 1.410293883789983
83.88052385084747 0.5954915237832241 0.2938926546175842 -0.987058973666322 1.358570125793192
83.91193977738338 0.6049225155574149 0.3064535547226617 -1.013199274105721 1.306208633427354
83.94335570391927 0.6147434013497343 0.3187120219819281 -1.036894399108882 1.253390017825407
83.97477163045517 0.6249444887266327 0.3306559590872709 -1.058192971140709 1.200284318306202
84.00618755699107 0.6355157105967854 0.3422735787010915 -1.077152137255357 1.147050521751653
84.03760348352696 0.6464466345139086 0.3535534155654154 -1.093836278872809 1.093836278872818
84.06901941006286 0.6577264729801279 0.364484337827828 -1.108315777709976 1.040777791453398
84.10043533659876 0.669344094085386 0.3750555580559105 -1.120665852225731 0.9879998511487446
84.13185126313465 0.6812880324748012 0.3852566439328218 -1.13096547428973 0.9356160087433747
84.16326718967056 0.6935465013464948 0.3950775277139067 -1.139296371392019 0.883728852301956
84.19468311620646 0.706107402691624 0.4045085178332764 -1.145742122644576 0.8324303782284118
84.22609904274235 0.7189583405638846 0.413540306860643 -1.150387341811587 0.7818024301815479
84.25751496927826 0.7320866325775112 0.4221639816033776 -1.153316954483012 0.7319171954997539
84.28893089581415 0.7454793228139194 0.4303710313473729 -1.154615561642871 0.6828377396557771
84.32034682235005 0.7591231941910389 0.4381533569051848 -1.154366888997114 0.6346185675634645
84.35176274888595 0.7730047818866477 0.4455032780144035 -1.152653314787673 0.5873061983284361
84.38317867542185 0.787110386489741 0.4524135411086582 -1.149555472773338 0.540939744759197
84.41459460195775 0.8014260874061956 0.4588773267268452 -1.145151923684293 0.495551488622168
84.44601052849364 0.8159377568186313 0.4648882557831152 -1.13951888868764 0.4511674445854861
84.47742645502953 0.8306310734391071 0.47044039626575 -1.132730039894417 0.4078079078390433
84.50884238156544 0.8454915367439599 0.4755282688672028 -1.124856340913515 0.3654879805952708
84.54025830810133 0.8605044811964357 0.480146852653575 -1.115965932381618 0.3242180745547425
84.57167423463723 0.8756550909077658 0.4842915894181588 -1.106124056361653 0.2840043868266107
84.60309016117313 0.8909284141013845 0.4879583885781086 -1.095393015299758 0.2448493481000623
84.63450608770903 0.9063093777667723 0.4911436317454246 -1.083832160215679 0.2067520420537314
84.66592201424491 0.921782802715675 0.4938441757017303 -1.071497903503185 0.1697085957552822
84.69733794078083 0.9373334186088413 0.4960573550349187 -1.058443752903786 0.1337125414245004
84.72875386731671 0.9529458788773971 0.497780985435763 -1.044720363108013 0.09875515011344478
84.76016979385263 0.9686047758697995 0.4990133661764541 -1.030375601371624 0.06482573810657068
84.79158572038851 0.9842946561539401 0.4997532809939892 -1.015454624402037 0.03191194718141822
84.82300164692441 1.000000035714532 0.4999999996751507 -0.9999999642854692 6.859259791523101e-15
84.85441757346031 1.015705415241357 0.4997532787935589 -0.9840516210383929 -0.03092506804313832
84.88583349999621 1.031395295433594 0.4990133619259657 -0.9676471599656715 -0.06087919908817586
84.91724942653211 1.047054192225459 0.4977809786051384 -0.9508218122760823 -0.08987912375241054
84.94866535306801 1.062666652240424 0.4960573459360247 -0.9336085772737845 -0.1179421912789521
84.98008127960391 1.078217267830615 0.4938441644872484 -0.9160383255430304 -0.1450862175069593
85.01149720613979 1.093690692393924 0.4911436183216799 -0.8981399014913553 -0.1713293492290439
85.04291313267571 1.109071655626349 0.4879583730545156 -0.8799402247707759 -0.1966899436027424
85.07432905921159 1.124344978256231 0.4842915715429285 -0.8614643902539845 -0.2211864614280084
85.10574498574751 1.139495587341941 0.480146832504225 -0.8427357651441042 -0.24483737290289
85.13716091228339 1.154508531181935 0.4755282467345452 -0.8237760835959397 -0.2676610748459213
85.16857683881929 1.169368993829269 0.4704403722006167 -0.8046055384735109 -0.2896758183540009
85.19999276535519 1.184062309661204 0.4648882296107159 -0.7852428696546292 -0.3108996458049642
85.23140869189109 1.198573978124219 0.4588772982531286 -0.7657054486701581 -0.33135033621898
85.26282461842698 1.21288967816773 0.452413510697501 -0.7460093599220956 -0.351045358229341
85.29424054496289 1.226995281745605 0.4455032455047727 -0.7261694787617775 -0.3700018300752324
85.32565647149877 1.240876868390083 0.4381533224079276 -0.706199545149706 -0.3882364853224601
85.35707239803467 1.254520738708109 0.4303709949873832 -0.6861122342946121 -0.4057656442368338
85.38848832457057 1.267913427840989 0.4221639434297343 -0.6659192236332296 -0.4226051899232586
85.41990425110647 1.281041718604393 0.4135402667687264 -0.6456312563931269 -0.4387705487565837
85.45132017764237 1.293892655196885 0.4045084759067982 -0.6252582013859919 -0.4542766742910604
85.48273610417827 1.30645355528402 0.3950774840948545 -0.6048091102663912 -0.4691380349297842
85.51415203071416 1.318712022546316 0.385256598293089 -0.5842922712481271 -0.4833686042521016
85.54556795725007 1.330655959525432 0.3750555107598191 -0.5637152595761714 -0.4969818536411955
85.57698388378597 1.342273579032472 0.3644842887714521 -0.5430849856605681 -0.5099907475062729
85.60839981032186 1.35355341587497 0.3535533648344434 -0.5224077401699462 -0.5224077401699362
85.63981573685777 1.364484338242417 0.3422735264690466 -0.5016892365437073 -0.5342447743741751
85.67123166339366 1.375055558635964 0.3306559055048791 -0.4809346510912396 -0.5455132812048376
85.70264758992957 1.385256644125495 0.3187119667806419 -0.4601486608649942 -0.5562241813048412
85.73406351646545 1.395077528134208 0.3064534980911812 -0.4393354787046765 -0.5663878862936389
85.76547944300135 1.40450851825834 0.2938925967430354 -0.4184988874409655 -0.5760143024110438
85.79689536953725 1.413540307156569 0.2810416587755713 -0.3976422709747832 -0.5851128334205693
85.82831129607315 1.422163982085651 0.2679133668781822 -0.3767686439317547 -0.5936923843787555
85.85972722260904 1.430371031900894 0.2545206766732033 -0.3558806801853985 -0.6017613666714525
85.89114314914495 1.438153357141114 0.24087680510751 -0.3349807388131281 -0.6093277018703096
85.92255907568084 1.445503278283782 0.2269952174276013 -0.3140708890529588 -0.6163988263286676
85.95397500221674 1.452413541323971 0.2128896127955748 -0.29315293437498 -0.622981696825277
85.98539092875264 1.458877326899121 0.1985739118585968 -0.272228434366673 -0.62908279453125
86.01680685528854 1.464888256068674 0.1840622424899166 -0.2512987261380727 -0.6347081301501417
86.04822278182442 1.4704403965153 0.1693689258508066 -0.2303649444398147 -0.6398632485777402
86.07963870836033 1.475528269020904 0.1545084625097946 -0.2094280406975851 -0.6445532330778272
86.11105463489622 1.480146852617919 0.1394955180000915 -0.1884888013279174 -0.6487827096199805
86.14247056143213 1.484291589226238 0.1243449082522512 -0.1675478652375128 -0.6525558509925632
86.17388648796802 1.487958388620654 0.1090715851191507 -0.1466057404997539 -0.6558763802819956
86.20530241450392 1.491143631835851 0.09369062146247449 -0.1256628205259033 -0.6587475745172348
86.23671834103982 1.493844175850741 0.07821719652017139 -0.104719399499046 -0.6611722672029368
86.26813426757572 1.496057355155887 0.06266658061830965 -0.08377568756463159 -0.663152851657282
86.29955019411162 1.497780985554845 0.04705412034467571 -0.06283182536441081 -0.6646912827740827
86.33096612064752 1.499013366157872 0.03139522333813829 -0.04188789836494473 -0.6657890789768731
86.36238204718342 1.499753280929396 0.0157053430507566 -0.02094395090015253 -0.6664473237533697
86.39379797371932 1.499999999791738 -3.651085295668684e-08 1.307527880545226e-15 -0.6666666667592277
86.42521390025522 1.49975327884738 -0.01570541604303327 0.02094395092923035 -0.6664473246785576
86.4566298267911 1.499013361534918 -0.031395296213277 0.04188789849412006 -0.6657890810301654
86.48804575332701 1.497780978464871 -0.04705419302162747 0.06283182566183741 -0.6646912859204995
86.5194616798629 1.496057345708345 -0.06266665302683552 0.08377568809366485 -0.6631528558450662
86.5508776063988 1.493844164188218 -0.0782172686048563 0.1047194003165893 -0.661172272364746
86.5822935329347 1.491143618130925 -0.09369069318636324 0.1256628216808487 -0.6587475805717075
86.6137094594706 1.487958372898804 -0.1090716564283828 0.1466057420487914 -0.6558763872120228
86.64512538600648 1.484291571137608 -0.1243449789978936 0.1675478672793633 -0.6525558589450737
86.6765413125424 1.480146832264761 -0.1394955881277655 0.1884888039197767 -0.6487827185412439
86.70795723907828 1.475528246695639 -0.1545085320352725 0.209428043866299 -0.6445532428301481
86.7393731656142 1.470440371668013 -0.1693689945149985 0.2303649483324812 -0.6398632593900583
86.77078909215008 1.464888229056116 -0.1840623103316195 0.251298730772018 -0.6347081418541706
86.80220501868598 1.458877298080154 -0.1985739789528968 0.272228439744324 -0.629082806958286
86.83362094522188 1.452413510278382 -0.2128896788888401 0.2931529406411681 -0.6229817101416213
86.86503687175778 1.445503245398799 -0.2269952826258855 0.3140708961980181 -0.6163988403516519
86.89645279829367 1.438153322110161 -0.2408768691778728 0.3349807469726793 -0.6093277167124929
86.92786872482958 1.43037099453852 -0.2545207394127336 0.3558806894812654 -0.6017613823899191
86.95928465136548 1.42216394282057 -0.2679134284445744 0.3767686543341102 -0.5936924007702395
86.99070057790136 1.413540266215555 -0.2810417192403399 0.3976422824918725 -0.5851128503674645
87.02211650443728 1.404508475478568 -0.2938926559212894 0.4184989001879804 -0.5760143199557998
87.05353243097316 1.395077483589124 -0.3064535559526902 0.4393354927327343 -0.5663879043785139
87.08494835750908 1.385256597618922 -0.3187120230771132 0.4601486763133606 -0.5562241999786878
87.11636428404496 1.375055510275733 -0.3306559602172188 0.4809346680055406 -0.5455133003903573
87.14778021058086 1.364484288170509 -0.3422735796194194 0.5016892549539891 -0.5342447939791296
87.17919613711676 1.353553364207785 -0.3535534164353164 0.5224077601110366 -0.5224077601110374
87.21061206365266 1.342273525769427 -0.3644843387234619 0.5430850072108423 -0.5099907677433236
87.24202799018855 1.33065590469266 -0.3750555589834093 0.5637152828053652 -0.496981874120495
87.27344391672446 1.318711966190835 -0.385256644728315 0.5842922962179963 -0.483368624908984
87.30485984326035 1.306453497489888 -0.3950775287266252 0.6048091370215806 -0.4691380556832463
87.33627576979625 1.293892596182951 -0.4045085189124918 0.6252582299037687 -0.4542766950104479
87.36769169633214 1.281041658297497 -0.4135403079419134 0.6456312867871511 -0.438770569412351
87.39910762286804 1.267913366161888 -0.4221639825168974 0.6659192560276305 -0.4226052104813801
87.43052354940394 1.254520675820097 -0.4303710320983129 0.6861122686888074 -0.4057656645775137
87.46193947593984 1.240876804422474 -0.4381533576252042 0.7061995815545216 -0.3882365053361863
87.49335540247573 1.226995216668533 -0.445503278627083 0.7261695172761731 -0.3700018496993066
87.52477132901164 1.212889612080406 -0.4524135417551689 0.7460094005702783 -0.3510453773569332
87.55618725554753 1.198573911109404 -0.4588773272555079 0.7657054914823739 -0.3313503547454895
87.58760318208343 1.184062241756538 -0.4648882564636407 0.7852429146874403 -0.3108996636347248
87.61901910861934 1.169368925120136 -0.4704403969225605 0.8046055857500796 -0.2896758353746093
87.65043503515523 1.154508461734514 -0.4755282692991016 0.8237761331487348 -0.2676610909466098
87.68185096169113 1.139495517220735 -0.4801468528786776 0.842735817003588 -0.2448373879694593
87.71326688822703 1.124344907519931 -0.4842915896666544 0.8614644444515889 -0.2211864753435976
87.74468281476292 1.109071584351821 -0.4879583889304515 0.8799402813201692 -0.1966899562430257
87.77609874129882 1.093690620666116 -0.4911436320047024 0.8981399603943055 -0.1713293604653921
87.80751466783472 1.078217195699043 -0.4938441758514105 0.916038386825011 -0.1450862272130678
87.83893059437061 1.06266657978749 -0.4960573550289647 0.9336086409275035 -0.1179421993202966
87.87034652090652 1.047054119530949 -0.4977809855047124 0.9508218782894091 -0.08987912999250339
87.90176244744241 1.031395222547322 -0.4990133663663504 0.9676472283470172 -0.06087920339037546
87.93317837397831 1.015705342259939 -0.4997532812082004 0.9840516917453982 -0.03092507026520561
87.96459430051421 0.999999962693279 -0.4999999997243173 1.000000037306722 -3.429011165537752e-15
87.99601022705011 0.9842945831686238 -0.4997532787009329 1.015454699697867 0.03191194954767454
88.02742615358599 0.9686047029949122 -0.4990133615528575 1.030375678893968 0.06482574298385249
88.05884208012191 0.9529458061886926 -0.4977809784733448 1.044720442797089 0.09875515764626944
88.09025800665779 0.9373333461867568 -0.4960573456972732 1.058443834683342 0.1337125517556497
88.1216739331937 0.9217827305842961 -0.4938441643365249 1.071497987350083 0.169708609035315
88.15308985972959 0.9063093060281793 -0.4911436181192859 1.083832246006033 0.2067520584191051
88.18450578626549 0.8909283428370897 -0.4879583726566442 1.09539310291894 0.2448493676852581
88.21592171280139 0.8756550202479015 -0.4842915709973724 1.106124145618925 0.2840044097439708
88.24733763933729 0.8605044111030165 -0.4801468321848381 1.115966023283966 0.3242181009643033
88.27875356587317 0.8454914672606957 -0.475528246414401 1.124856433355244 0.3654880106313966
88.31016949240909 0.8306310046488098 -0.4704403717708395 1.132730133703628 0.4078079416124245
88.34158541894499 0.8159376888934268 -0.4648882289835725 1.139518983550339 0.4511674821442912
88.37300134548087 0.8014260203385277 -0.4588772978478839 1.145152019516811 0.4955515300925873
88.40441727201679 0.7871103203265588 -0.4524135102132693 1.149555569403054 0.5409397902296952
88.43583319855267 0.7730047168019115 -0.4455032449078031 1.152653411837717 0.5873062477778882
88.46724912508859 0.7591231301309279 -0.4381533218567877 1.154366986410651 0.6346186211170155
88.49866505162447 0.7454792598560849 -0.4303709943552395 1.154615659153432 0.6828377973233459
88.53008097816037 0.7320865709501628 -0.422163942435163 1.153317051569704 0.7319172571128486
88.56149690469627 0.7189582800410321 -0.4135402660056279 1.150387438652713 0.7818024959946916
88.59291283123217 0.7061073434704208 -0.4045084751129775 1.145742218737932 0.8324304480443289
88.62432875776805 0.6935464435912838 -0.3950774830322309 1.139296466267149 0.8837289258946311
88.65574468430397 0.6812879763283994 -0.3852565972453751 1.130965567495028 0.9356160858494829
88.68716061083985 0.6693440392502219 -0.3750555098354959 1.120665944034874 0.9879999320893716
88.71857653737575 0.6577264196549421 -0.3644842879424374 1.108315867566716 1.040777875834472
88.74999246391165 0.6464465828982239 -0.3535533639134673 1.093836366210444 1.093836366210431
88.78140839044755 0.6355156606051975 -0.3422735254757526 1.077152221987421 1.147050611982113
88.81282431698345 0.6249444403333003 -0.3306559044046365 1.05819305308318 1.200284411251667
88.84424024351935 0.6147433547839701 -0.3187119657350683 1.036894477651883 1.25339011276756
88.87565617005524 0.6049224708771429 -0.3064534969666693 1.013199348941802 1.306208729905421
88.90707209659115 0.5954914808359304 -0.2938925955616929 0.9870590448537717 1.358570223774282
88.93848802312704 0.5864596916984109 -0.2810416577625882 0.9584348009056229 1.4102939826594
88.96990394966294 0.5778360171162548 -0.2679133656382233 0.9272990590879028 1.461189507908677
89.00131987619885 0.5696289673453848 -0.2545206754138891 0.8936368143681797 1.511057330906507
89.03273580273473 0.5618466420113916 -0.2408768039068816 0.8574469224859277 1.559690161903813
89.06415172927065 0.5544967209048904 -0.2269952162100385 0.8187433444126866 1.6068742890568
89.09556765580653 0.5475864578814379 -0.2128896115716573 0.7775562843763092 1.652391215017829
89.12698358234243 0.5411226722143566 -0.1985739106750803 0.7339331930218186 1.696019540131979
89.15839950887833 0.5351117432656879 -0.1840622412148335 0.6879395889129281 1.737537061350958
89.18981543541423 0.5295596027700096 -0.1693689245959203 0.63965966904089 1.776723080900972
89.22123136195012 0.5244717303351418 -0.1545084612312996 0.589196664951785 1.813360875880607
89.25264728848603 0.51985314682301 -0.1394955166973566 0.5366729195431994 1.847240305354711
89.28406321502192 0.5157084101621652 -0.124344906964951 0.4822296519978433 1.878160491553855
89.31547914155782 0.512041610927454 -0.1090715837949814 0.4260263946155241 1.905932527966001
89.34689506809372 0.508856367722979 -0.09369062013909091 0.3682400898788379 1.93038215307044
89.37831099462962 0.5061558238976123 -0.07821719516854993 0.3090638448761143 1.951352318717826
89.40972692116551 0.5039426447213161 -0.0626665792569633 0.2487053534308759 1.968705589230545
89.44114284770141 0.5022190142275829 -0.04705411900152496 0.1873850066454635 1.982326308640988
89.4725587742373 0.5009866335492951 -0.03139522200468504 0.1253337221483915 1.99212246713578
89.50397470077321 0.5002467186893731 -0.01570534172124183 0.06279053495926863 1.99802721941765
89.5353906273091 0.5000000001688129 3.784327973409874e-08 1.763862778558616e-14 1.999999999324749
89.566806553845 0.5002467211874048 0.01570541736661386 -0.06279053464571101 1.998027209440303
89.5982224803809 0.5009866382906926 0.03139529754249133 -0.125333720962183 1.992122448282097
89.6296384069168 0.5022190214658835 0.04705419434121169 -0.1873850039447445 1.982326280070438
89.66105433345268 0.5039426542897322 0.06266665433625752 -0.2487053487086445 1.968705551850514
89.6924702599886 0.506155835831262 0.07821726990841278 -0.3090638375893009 1.951352272710741
89.7238861865245 0.5088563819153089 0.09369069448302146 -0.3682400796083796 1.930382099230849
89.7553021130604 0.5120416274034708 0.1090716576664356 -0.4260263809072219 1.905932466638613
89.78671803959629 0.5157084289816316 0.1243449802744222 -0.4822296344000931 1.87816042301517
89.81813396613218 0.5198531677947371 0.1394955894205249 -0.5366728978929296 1.847240230834018
89.84954989266809 0.5244717537721707 0.1545085331976358 -0.5891966386223928 1.813360794847091
89.88096581920398 0.5295596285318048 0.1693689957632541 -0.639659637922988 1.776722994467693
89.91238174573988 0.5351117711231405 0.1840623115882303 -0.6879395530993864 1.737536970896295
89.94379767227578 0.5411227024096293 0.1985739800776087 -0.7339331520674917 1.696019445492129
89.97521359881168 0.5475864899834831 0.2128896801130547 -0.7775562387923683 1.652391118147039
90.00662952534756 0.5544967551811193 0.226995283690409 -0.8187432938020436 1.606874189727833
90.03804545188348 0.5618466784217698 0.2408768702600278 -0.8574468669192209 1.55969006082836
90.06946137841936 0.569629005933368 0.2545207405248273 -0.893636753831155 1.511057228544
90.10087730495528 0.57783605775731 0.2679134294877621 -0.9272989938679939 1.461189405138556
90.13229323149116 0.5864597343139978 0.2810417203114529 -0.9584347312601321 1.410293880179226
90.16370915802706 0.5954915252774489 0.2938926568267633 -0.9870589711895741 1.358570122384222
90.19512508456296 0.6049225172940074 0.3064535567488981 -1.013199271197051 1.306208629677539
90.22654101109886 0.6147434030082798 0.3187120240691567 -1.036894396311403 1.253390014443819
90.25795693763475 0.6249444903560302 0.3306559612039382 -1.058192968381707 1.200284315176748
90.28937286417066 0.6355157124259503 0.3422735806395875 -1.077152134155066 1.147050518450162
90.32078879070654 0.6464466364128449 0.3535534174355746 -1.093836275659658 1.093836275659683
90.35220471724244 0.6577264748066991 0.3644843397759894 -1.108315774632066 1.040777788563064
90.38362064377836 0.6693440960445196 0.3750555598637751 -1.12066584894561 0.9879998482569153
90.41503657031424 0.6812880346294388 0.3852566455093627 -1.130965470712952 0.9356160057843931
90.44645249685016 0.6935465034296859 0.3950775293767301 -1.139296367969945 0.8837288496475101
90.47786842338604 0.7061074047721333 0.404508519503968 -1.145742119268699 0.8324303757757068
90.50928434992194 0.7189583427132915 0.4135403084395627 -1.15038733837238 0.7818024278442536
90.54070027645784 0.7320866348688752 0.4221639829668195 -1.15331695087323 0.7319171932089287
90.57211620299374 0.745479325046131 0.4303710328087462 -1.154615558185575 0.6828377376111272
90.60353212952963 0.7591231964588383 0.4381533583125733 -1.154366885548562 0.6346185656676178
90.63494805606554 0.7730047842821605 0.4455032791836606 -1.152653311215648 0.5873061965083883
90.66636398260142 0.7871103888628801 0.4524135423253009 -1.149555469307423 0.5409397431282712
90.69777990913732 0.8014260898625237 0.458877327761583 -1.14515192017446 0.4955514871033375
90.72919583567322 0.8159377592443315 0.4648882568967984 -1.139518885299962 0.4511674432442195
90.76061176220912 0.8306310759451025 0.4704403971733998 -1.132730036476998 0.4078079066086882
90.79202768874502 0.8454915392453424 0.4755282697936732 -1.12485633758563 0.3654879795139848
90.82344361528092 0.8605044837987896 0.4801468532492682 -1.115965929006695 0.3242180735742284
90.85485954181681 0.8756550935436039 0.4842915898692947 -1.10612405303207 0.2840043859717279
90.88627546835272 0.8909284167302445 0.4879583890343924 -1.095393012067586 0.2448493473775784
90.91769139488861 0.9063093803628193 0.4911436323591812 -1.083832157111131 0.2067520414615155
90.94910732142451 0.9217828053677268 0.4938441759933775 -1.07149790042039 0.169708595267008
90.98052324796041 0.9373334212625918 0.4960573552918955 -1.058443749907151 0.1337125410459452
91.01193917449631 0.9529458815109784 0.497780985893983 -1.044720360220802 0.0987551498405158
91.0433551010322 0.9686047785176826 0.4990133665319565 -1.030375598554877 0.06482573792936361
91.0747710275681 0.9842946588132317 0.4997532812164129 -1.01545462165856 0.03191194709519401
91.106186954104 1.000000038379421 0.4999999997411448 -0.9999999616205809 -1.237961225664481e-18
91.1376028806399 1.015705417903046 0.4997532786501384 -0.9840516184596543 -0.03092506796210494
91.1690188071758 1.031395298082263 0.4990133615849879 -0.9676471574807098 -0.06087919893184199
91.20043473371169 1.047054194884466 0.4977809784169763 -0.9508218098614588 -0.08987912352415436
91.2318506602476 1.062666654912656 0.4960573458263328 -0.933608574926087 -0.1179421909823754
91.26326658678349 1.078217270487197 0.4938441642251181 -0.9160383232860365 -0.1450862171494797
91.29468251331939 1.093690695031134 0.4911436179249105 -0.8981398993256742 -0.1713293488159245
91.32609843985529 1.109071658209591 0.4879583723953311 -0.8799402227212273 -0.1966899431446072
91.35751436639119 1.124344980821633 0.4842915708186869 -0.8614643882883913 -0.2211864609233362
91.38893029292707 1.139495589917907 0.4801468318188334 -0.8427357632390045 -0.2448373723493877
91.42034621946299 1.154508533752507 0.475528246021806 -0.8237760817617582 -0.2676610742499659
91.45176214599887 1.16936899627235 0.4704403711192977 -0.8046055367925067 -0.2896758177487954
91.48317807253478 1.184062312068043 0.4648882284506642 -0.785242868058467 -0.3108996451730051
91.51459399907067 1.198573980603623 0.4588772972727044 -0.7657054470862006 -0.3313503355335337
91.54600992560657 1.212889680539004 0.4524135094778792 -0.7460093584635992 -0.3510453575430308
91.57742585214247 1.226995284097112 0.4455032442499555 -0.7261694773700939 -0.3700018293661274
91.60884177867837 1.240876870816816 0.4381533212905353 -0.7061995437686174 -0.3882364845632065
91.64025770521425 1.254520740938617 0.4303709935240075 -0.6861122330747235 -0.4057656435153869
91.67167363175017 1.267913429987252 0.4221639418384782 -0.6659192225059909 -0.4226051892078975
91.70308955828605 1.281041720814757 0.4135402652805094 -0.6456312552791302 -0.4387705479995055
91.73450548482195 1.293892657330785 0.4045084743104662 -0.6252582003548133 -0.4542766735418582
91.76592141135787 1.306453557233815 0.3950774822609731 -0.6048091093637504 -0.4691380342296309
91.79733733789375 1.318712024475838 0.3852565964452777 -0.5842922703931952 -0.4833686035448471
91.82875326442966 1.330655961457031 0.3750555089215784 -0.5637152587578711 -0.4969818529197736
91.86016919096555 1.342273580947213 0.3644842869181509 -0.5430849848858659 -0.5099907467787718
91.89158511750145 1.353553417731209 0.3535533629225647 -0.5224077394535218 -0.5224077394535189
91.92300104403735 1.36448433997292 0.3422735244390267 -0.5016892359074455 -0.534244773696617
91.95441697057325 1.37505556029455 0.3306559034151895 -0.4809346505111347 -0.545513280546845
91.98583289710913 1.385256645878883 0.3187119647734632 -0.4601486602825734 -0.5562241806007909
92.01724882364505 1.395077529957928 0.3064534961339253 -0.4393354781303497 -0.5663878855532293
92.04866475018093 1.404508519946022 0.2938925946758909 -0.4184988869380942 -0.5760143017188918
92.08008067671685 1.413540308764805 0.2810416566471133 -0.3976422705223672 -0.5851128327548679
92.11149660325273 1.422163983372948 0.2679133645395654 -0.3767686435907205 -0.5936923838413617
92.14291252978863 1.430371033068987 0.2545206742686301 -0.3558806798947695 -0.601761366180035
92.17432845632453 1.438153358562713 0.2408768028487464 -0.3349807384820078 -0.6093277012679934
92.20574438286043 1.445503279748651 0.2269952151838168 -0.3140708887346759 -0.6163988257040127
92.23716030939632 1.452413542492523 0.2128896104009613 -0.2931529341391257 -0.6229816963240495
92.26857623593223 1.458877328111045 0.1985739094800829 -0.2722284341405221 -0.6290827940086581
92.29999216246811 1.464888256921487 0.1840622399622083 -0.2512987259917791 -0.6347081297806325
92.33140808900401 1.470440397306743 0.1693689233042302 -0.2303649443158196 -0.6398632482333445
92.36282401553991 1.475528270035192 0.1545084600381448 -0.2094280405536276 -0.6445532326347553
92.39423994207581 1.480146853361026 0.1394955154416424 -0.1884888012332822 -0.6487827092942607
92.42565586861173 1.484291589930595 0.1243449056823952 -0.167547865158 -0.6525558506828999
92.45707179514761 1.487958389483425 0.109071582581958 -0.1466057404147422 -0.6558763799016963
92.48848772168351 1.491143632296648 0.09369061883806165 -0.1256628204870661 -0.6587475743136676
92.51990364821941 1.493844176050357 0.07821719385429426 -0.1047193994850482 -0.6611722671145875
92.55131957475531 1.496057355227323 0.06266657794192716 -0.08377568756062678 -0.6631528516256173
92.5827355012912 1.497780985606303 0.04705411767341453 -0.06283182536225705 -0.6646912827512461
92.61415142782711 1.499013366271497 0.03139522067577292 -0.04188789836176506 -0.6657890789264066
92.645567354363 1.499753281160381 0.01570534039239415 -0.02094395089693174 -0.6664473236507265
92.6769832808989 1.499999999864658 -3.917518594768213e-08 -3.592709931580791e-15 -0.6666666667268187
92.70839920743479 1.499753278569743 -0.01570541870000884 0.02094395093310263 -0.6664473248019317
92.73981513397069 1.499013361375162 -0.03139529887290045 0.04188789849858878 -0.6657890811011208
92.77123106050659 1.497780978368178 -0.0470541956886635 0.06283182566588878 -0.6646912859634109
92.80264698704249 1.49605734559291 -0.06266665569770324 0.08377568810013351 -0.6631528558962344
92.83406291357838 1.493844163946175 -0.07821727126410326 0.1047194003335517 -0.661172272471874
92.86547884011429 1.491143617629593 -0.09369069580322453 0.1256628217231019 -0.6587475807931822
92.89689476665018 1.487958372155398 -0.1090716589923784 0.1466057421220331 -0.6558763875397097
92.92831069318608 1.484291570397476 -0.1243449815586965 0.1675478673629144 -0.652555859270465
92.95972661972198 1.480146831488659 -0.1394955906768989 0.1884888040186044 -0.6487827188814288
92.99114254625788 1.475528245651401 -0.1545085344975749 0.2094280440145165 -0.6445532432862997
93.02255847279376 1.47044037084999 -0.1693689970522989 0.2303649484606221 -0.6398632597460266
93.05397439932968 1.464888228180295 -0.1840623128505085 0.2512987309222678 -0.6347081422336456
93.08539032586556 1.458877296848995 -0.1985739813233639 0.2722284399740553 -0.6290828074891764
93.11680625240147 1.45241350909457 -0.2128896812765147 0.2931529408801112 -0.62298171064939
93.14822217893737 1.445503243934817 -0.2269952848703191 0.3140708965161081 -0.6163988409759282
93.17963810547326 1.438153320681679 -0.2408768714330629 0.3349807473054115 -0.6093277173177207
93.21105403200917 1.430370993378874 -0.2545207418224846 0.3558806897697931 -0.6017613828777834
93.24246995854506 1.42216394152799 -0.2679134307800887 0.3767686546765442 -0.593692401309839
93.27388588508096 1.41354026461366 -0.2810417213733528 0.3976422829425046 -0.5851128510305411
93.30530181161686 1.404508473757917 -0.2938926579647118 0.4184989007006752 -0.5760143206614726
93.33671773815276 1.395077481729417 -0.306453557882388 0.4393354933183941 -0.566387905133534
93.36813366468864 1.385256595885104 -0.3187120251009428 0.4601486768892809 -0.5562242006748803
93.39954959122456 1.375055508543348 -0.3306559622422325 0.4809346686114574 -0.5455133010776276
93.43096551776044 1.364484286468178 -0.3422735816761754 0.501689255579893 -0.5342447946456576
93.46238144429635 1.353553362383793 -0.3535534183796389 0.5224077608150148 -0.5224077608150085
93.49379737083224 1.342273523890761 -0.3644843406154203 0.5430850079709484 -0.5099907684571182
93.52521329736814 1.330655902800809 -0.3750555608668982 0.5637152836068271 -0.4969818748270717
93.55662922390404 1.318711964304477 -0.3852566466283901 0.5842922970537965 -0.4833686256004252
93.58804515043994 1.306453495397778 -0.3950775303770956 0.6048091379901049 -0.4691380564345042
93.61946107697582 1.293892593898205 -0.4045085203011177 0.6252582310078414 -0.4542766958126107
93.65087700351174 1.281041655940852 -0.4135403092148718 0.6456312879748778 -0.4387705702195227
93.68229293004762 1.267913363850985 -0.4221639838484993 0.6659192572413339 -0.4226052112516266
93.71370885658352 1.254520673644931 -0.4303710336548636 0.6861122698784285 -0.4057656652810605
93.74512478311942 1.240876802052294 -0.4381533588449988 0.7061995829034202 -0.3882365060777563
93.77654070965532 1.226995214374263 -0.4455032799938941 0.7261695186339878 -0.3700018503911414
93.80795663619124 1.212889609766594 -0.4524135430966123 0.7460094019934317 -0.3510453780266121
93.83937256272712 1.198573908687224 -0.4588773283677822 0.765705493029779 -0.3313503554151052
93.87078848926302 1.184062239286013 -0.4648882574625537 0.7852429163258376 -0.3108996642834059
93.90220441579892 1.169368922610159 -0.4704403978173916 0.8046055874771129 -0.2896758359963863
93.93362034233482 1.154508459217253 -0.4755282701749293 0.8237761349448769 -0.2676610915302056
93.9650362688707 1.139495514695474 -0.4801468537378944 0.8427358188711916 -0.244837388512055
93.99645219540662 1.124344904896086 -0.4842915901629442 0.8614644464619604 -0.2211864758597669
94.0278681219425 1.109071581715165 -0.4879583893508556 0.8799402834120977 -0.196689956710634
94.0592840484784 1.093690618068225 -0.4911436326077459 0.8981399625276953 -0.1713293608723648
94.0906999750143 1.078217193056957 -0.4938441762054727 0.9160383890696892 -0.1450862275685968
94.1221159015502 1.062666577140094 -0.4960573553345346 0.9336086432533811 -0.1179421996141168
94.1535318280861 1.047054116894547 -0.4977809859312132 0.9508218806835049 -0.08987913021881912
94.184947754622 1.03139521987941 -0.4990133664009586 0.9676472308500327 -0.06087920354784519
94.21636368115789 1.015705339596929 -0.4997532813049657 0.9840516943254174 -0.03092507034629322
94.2477796076938 0.999999960028549 -0.4999999999273719 1.000000039971453 3.431487097320461e-15
94.27919553422969 0.9842945805008982 -0.4997532787573071 1.015454702450046 0.03191194963415778
94.31061146076559 0.9686047003293695 -0.4990133614856013 1.0303756817295 0.06482574316225614
94.34202738730148 0.952945803530867 -0.4977809782767231 1.044720445710881 0.0987551579216961
94.37344331383738 0.937333343546484 -0.4960573453380412 1.058443837664757 0.1337125521322974
94.40485924037327 0.921782727978566 -0.4938441637554412 1.071497990379037 0.1697086095150305
94.43627516690918 0.9063093033712096 -0.4911436178277003 1.083832249183434 0.2067520590252345
94.46769109344508 0.8909283402659258 -0.4879583719448979 1.095393106080175 0.2448493683918857
94.49910701998098 0.8756550176722583 -0.484291570314819 1.106124148872466 0.2840044105793463
94.53052294651688 0.8605044085656457 -0.4801468313676242 1.115966026574614 0.3242181019203334
94.56193887305277 0.8454914646949431 -0.4755282456883323 1.124856436768763 0.3654880117405248
94.59335479958868 0.8306310022114216 -0.4704403706751792 1.132730137027488 0.4078079428090964
94.62477072612457 0.8159376863671451 -0.4648882281262847 1.139518987078487 0.451167483541174
94.65618665266047 0.8014260179504062 -0.4588772966576323 1.145152022929177 0.4955515315692596
94.68760257919637 0.7871103179592515 -0.4524135089864266 1.149555572860453 0.5409397918566134
94.71901850573227 0.7730047144707826 -0.4455032436142 1.152653415313738 0.5873062495490193
94.75043443226815 0.7591231278052286 -0.4381533205568146 1.154366989947259 0.6346186230612498
94.78185035880406 0.7454792576204821 -0.4303709929013085 1.154615662615981 0.6828377993711026
94.81326628533995 0.7320865687112412 -0.4221639409905871 1.153317055096869 0.7319172593512439
94.84468221187586 0.7189582779387682 -0.4135402643589399 1.150387442016488 0.7818024982807225
94.87609813841175 0.706107341428885 -0.4045084733901204 1.145742222050571 0.8324304504510884
94.90751406494765 0.6935464415425755 -0.3950774813264555 1.139296469632578 0.8837289285051386
94.93892999148355 0.6812879742008887 -0.3852565956371652 1.130965571026788 0.9356160887711955
94.97034591801945 0.6693440373105729 -0.3750555080066517 1.120665947282373 0.9879999349524407
95.00176184455533 0.6577264177947331 -0.3644842860311819 1.108315870701308 1.040777878778035
95.03317777109125 0.646446580991802 -0.3535533620518018 1.093836369436246 1.093836369436248
95.06459369762713 0.6355156587958132 -0.3422735235197754 1.077152225054202 1.147050615247886
95.09600962416303 0.6249444386888574 -0.330655902302284 1.058193055867657 1.200284414410018
95.12742555069893 0.6147433531011235 -0.3187119636691191 1.036894480490368 1.253390116198681
95.15884147723483 0.6049224691067604 -0.3064534949677935 1.01319935190705 1.306208733728214
95.19025740377074 0.5954914792984698 -0.2938925933852792 0.987059047402186 1.358570227281893
95.22167333030663 0.5864596903384192 -0.2810416554654452 0.9584348031282101 1.410293985929858
95.25308925684253 0.5778360157357939 -0.2679133633587054 0.9272990613032273 1.461189511399492
95.28450518337843 0.5696289661170783 -0.2545206730447953 0.8936368162951646 1.511057334164835
95.31592110991433 0.5618466406998149 -0.2408768015873036 0.8574469244875441 1.559690165544764
95.34733703645021 0.5544967197709686 -0.2269952137973042 0.8187433460870159 1.60687429234277
95.37875296298613 0.5475864567687125 -0.212889609150392 0.7775562859563343 1.652391218375583
95.41016888952201 0.5411226712389176 -0.1985739081938534 0.7339331943448344 1.696019543189254
95.44158481605793 0.5351117423753624 -0.1840622387016169 0.6879395900575183 1.737537064241898
95.47300074259381 0.5295596020001545 -0.1693689220411526 0.6396596699708176 1.776723083483904
95.50441666912971 0.52447172936083 -0.15450845874633 0.5891966660463239 1.813360879249294
95.53583259566561 0.5198531460642495 -0.1394955141432589 0.5366729203265229 1.847240308050878
95.56724852220151 0.5157084095782462 -0.1243449043641341 0.4822296525438425 1.878160493680435
95.5986644487374 0.5120416104101287 -0.1090715811805647 0.4260263950459606 1.905932529891598
95.63008037527331 0.5088563670907199 -0.09369061754734657 0.3682400903363666 1.930382155468962
95.66149630180919 0.5061558234347856 -0.07821719254442525 0.3090638451587352 1.951352320502132
95.69291222834509 0.5039426443213667 -0.06266657662200176 0.248705353628273 1.968705590792988
95.72432815488099 0.5022190139738489 -0.04705411634937642 0.1873850067401497 1.982326309642508
95.75574408141689 0.500986633446645 -0.03139521934145797 0.1253337221740582 1.992122467543959
95.78716000795279 0.5002467187247798 -0.01570533905439666 0.06279053495483909 1.998027219276233
95.81857593448869 0.5000000000352099 4.050763368636491e-08 3.917631795722475e-15 1.99999999985916
95.84999186102459 0.5002467212893178 0.01570542002909082 -0.0627905346329327 1.998027209033254
95.88140778756049 0.500986638531786 0.03139530019699776 -0.1253337209018814 1.992122447323412
95.91282371409639 0.5022190216541674 0.04705419699970553 -0.1873850038745067 1.982326279327255
95.94423964063228 0.503942654543482 0.06266665698980634 -0.2487053485834276 1.968705550859212
95.97565556716819 0.5061558361777232 0.07821727255113804 -0.3090638373777617 1.951352271375048
96.00707149370407 0.5088563822944848 0.09369069712317124 -0.3682400793339702 1.930382097792421
96.03848742023997 0.5120416280753656 0.1090716602463775 -0.4260263803481813 1.905932464137675
96.06990334677587 0.5157084297251999 0.1243449828343681 -0.4822296337047821 1.87816042030717
96.10131927331177 0.5198531685995877 0.1394955919613173 -0.5366728970620509 1.847240227974067
96.13273519984767 0.5244717545172531 0.1545085357571551 -0.5891966377853466 1.813360792270973
96.16415112638357 0.5295596294791977 0.1693689982540201 -0.6396596367786361 1.776722991289095
96.19556705291946 0.535111772197707 0.1840623140284943 -0.6879395517179111 1.737536967407124
96.22698297945537 0.5411227034877852 0.1985739825143386 -0.7339331506051837 1.696019442112903
96.25839890599126 0.5475864911816429 0.2128896824939598 -0.7775562370910056 1.65239111453149
96.28981483252716 0.5544967565203544 0.2269952859983215 -0.8187432918246044 1.606874185846863
96.32123075906306 0.5618466795637114 0.2408768726727114 -0.8574468651764664 1.559690057658329
96.35264668559896 0.5696290073813118 0.254520742763934 -0.8936367515596239 1.511057224703027
96.38406261213484 0.5778360592353515 0.2679134317054926 -0.9272989914960327 1.461189401401013
96.41547853867075 0.5864597359074435 0.2810417224501167 -0.958434728656018 1.410293876347367
96.44689446520664 0.5954915267708608 0.2938926590351345 -0.987058968714154 1.35857011897712
96.47831039174255 0.6049225189393056 0.3064535588446904 -1.01319926844131 1.306208626124841
96.50972631827844 0.6147434045766712 0.3187120262295112 -1.036894393665971 1.25339001124606
96.54114224481434 0.6249444922448444 0.3306559630908528 -1.058192965183464 1.200284311549036
96.57255817135025 0.6355157143387142 0.342273582498489 -1.07715213091308 1.147050514997783
96.60397409788614 0.6464466383809466 0.3535534192357087 -1.09383627232949 1.0938362723295
96.63539002442204 0.6577264768735396 0.3644843414675277 -1.1083157711493 1.040777785292515
96.66680595095794 0.6693440979219234 0.3750555617635225 -1.120665845802313 0.9879998454857408
96.69822187749384 0.6812880367044294 0.3852566471814678 -1.13096546726839 0.9356160029347913
96.72963780402972 0.693546505435264 0.3950775311386205 -1.139296364675341 0.8837288470919928
96.76105373056564 0.7061074069197006 0.4045085210812995 -1.145742115784025 0.8324303732439307
96.79246965710152 0.7189583448529041 0.4135403100317342 -1.150387334948833 0.781802425517626
96.82388558363743 0.7320866370899587 0.4221639844399166 -1.153316947374178 0.7319171909883513
96.85530151017332 0.7454793273141775 0.430371034208305 -1.154615554672767 0.68283773553367
96.88671743670922 0.7591231987959778 0.4381533595923905 -1.154366881994576 0.6346185637137872
96.91813336324512 0.7730047866159827 0.4455032804726626 -1.152653307735603 0.5873061947352275
96.94954928978102 0.7871103912055448 0.4524135436053749 -1.149555465886022 0.5409397415182725
96.9809652163169 0.8014260922638208 0.4588773289225294 -1.145151916743261 0.4955514856185348
97.01238114285282 0.8159377617186403 0.4648882578866129 -1.139518881844406 0.4511674418760588
97.0437970693887 0.8306310784031944 0.4704403982133055 -1.1327300331249 0.4078079054018679
97.0752129959246 0.8454915417413261 0.4755282707363009 -1.124856334264928 0.3654879784350323
97.1066289224605 0.8605044863609931 0.480146853982861 -1.115965925683838 0.3242180726088579
97.1380448489964 0.8756550961449804 0.484291590453937 -1.106124049746024 0.2840043851280064
97.1694607755323 0.8909284193270188 0.4879583896336896 -1.09539300887486 0.2448493466639282
97.2008767020682 0.9063093829582228 0.491143632975003 -1.083832154007356 0.206752040869431
97.2322926286041 0.9217828079962282 0.4938441764326367 -1.071497897364971 0.1697085947830697
97.26370855514 0.9373334239229119 0.4960573554945776 -1.058443746903099 0.1337125406664379
97.2951244816759 0.9529458841851591 0.4977809859193449 -1.044720357289083 0.09875514956337947
97.32654040821178 0.9686047811824859 0.4990133666137958 -1.030375595720131 0.0648257377510241
97.3579563347477 0.984294661474357 0.4997532813726746 -1.015454618913191 0.03191194700891035
97.38937226128358 1.00000004104422 0.499999999963705 -0.9999999589557819 7.349118454518462e-15
97.42078818781948 1.015705420569627 0.4997532786645841 -0.984051615876175 -0.0309250678809086
97.45220411435538 1.031395300734855 0.4990133613079652 -0.9676471549920687 -0.06087919877526281
97.48362004089128 1.04705419755842 0.4977809783887703 -0.9508218074332612 -0.08987912329462869
97.51503596742718 1.062666657525931 0.4960573452520527 -0.9336085726301885 -0.117942190692329
97.54645189396308 1.078217273084415 0.4938441635898804 -0.9160383210794755 -0.1450862168000012
97.57786782049897 1.093690697687907 0.4911436176310024 -0.8981398971439312 -0.1713293483997279
97.60928374703488 1.109071660778093 0.4879583716703084 -0.87994022068337 -0.1966899426890984
97.64069967357077 1.124344983364419 0.484291570006973 -0.8614643863401301 -0.221186460423101
97.67211560010666 1.139495592540726 0.4801468312951435 -0.8427357612992465 -0.2448373717858422
97.70353152664256 1.154508536344856 0.4755282453770731 -0.8237760799120425 -0.2676610736489501
97.73494745317846 1.169368998773106 0.4704403701987029 -0.8046055350718143 -0.2896758171293143
97.76636337971435 1.184062314538083 0.4648882274505036 -0.7852428664204 -0.310899644524429
97.79777930625026 1.198573983151687 0.4588772964511546 -0.7657054454583754 -0.3313503348291171
97.82919523278615 1.212889682984303 0.4524135084159455 -0.7460093569595774 -0.3510453568352853
97.86061115932206 1.226995286528071 0.4455032431514017 -0.7261694759313833 -0.3700018286330741
97.89202708585796 1.240876873143828 0.4381533199919371 -0.7061995424442814 -0.388236483835153
97.92344301239385 1.254520743259485 0.4303709922133243 -0.6861122318054107 -0.4057656427647237
97.95485893892976 1.267913432171049 0.4221639403062179 -0.6659192213590384 -0.4226051884800258
97.98627486546565 1.281041722911541 0.4135402636245902 -0.6456312542223706 -0.4387705472813389
98.01769079200155 1.293892659383245 0.4045084726014046 -0.6252581993629833 -0.4542766728212582
98.04910671853744 1.306453559273994 0.395077480542967 -0.6048091084192743 -0.4691380334970129
98.08052264507334 1.31871202652196 0.3852565947375737 -0.5842922694866003 -0.4833686027948534
98.11193857160923 1.330655963510176 0.3750555072203663 -0.5637152578880933 -0.4969818521529397
98.14335449814514 1.342273582988495 0.3644842851984693 -0.5430849840599581 -0.5099907460031997
98.17477042468103 1.35355341971871 0.3535533611408507 -0.522407738686444 -0.5224077386864335
98.20618635121694 1.364484341839323 0.3422735225354959 -0.501689235221209 -0.5342447729658567
98.23760227775283 1.375055561944686 0.330655901316722 -0.4809346499339927 -0.545513279892198
98.26901820428873 1.385256647777277 0.3187119628846326 -0.4601486596519689 -0.5562241798385288
98.30043413082463 1.395077531374922 0.3064534938597204 -0.4393354776841165 -0.5663878849779401
98.33185005736053 1.404508521314199 0.2938925923751627 -0.418498886530417 -0.5760143011577805
98.36326598389641 1.413540310426719 0.281041654553829 -0.3976422700548676 -0.5851128320669361
98.39468191043233 1.422163984679311 0.2679133622117275 -0.3767686432446263 -0.5936923832960135
98.42609783696821 1.430371034315669 0.2545206719092218 -0.3558806795845957 -0.6017613656555496
98.45751376350412 1.43815335996081 0.240876800575529 -0.334980738156353 -0.6093277006756395
98.48892969004001 1.445503280721176 0.2269952126877376 -0.3140708885233756 -0.6163988252893015
98.52034561657591 1.452413543835352 0.2128896080868887 -0.2931529338680869 -0.6229816957480736
98.55176154311181 1.458877329264957 0.1985739070748167 -0.2722284339252052 -0.6290827935110773
98.58317746964771 1.464888257954199 0.1840622375040118 -0.251298725814615 -0.6347081293331799
98.61459339618361 1.470440398280559 0.1693689208215929 -0.2303649441632535 -0.6398632478095897
98.64600932271951 1.475528270863564 0.1545084575044028 -0.2094280404360488 -0.6445532322729003
98.67742524925541 1.480146854290765 0.1394955129359113 -0.1884888011148806 -0.6487827088867362
98.70884117579129 1.484291590823392 0.1243449031595855 -0.1675478650572346 -0.6525558502903862
98.74025710232721 1.487958389775692 0.1090715799158454 -0.1466057403859412 -0.6558763797728691
98.77167302886309 1.491143632948955 0.09369061624877782 -0.1256628204320992 -0.658747574025495
98.80308895539901 1.493844176442684 0.07821719121751798 -0.1047193994575413 -0.6611722669409453
98.83450488193489 1.496057355492459 0.06266657528849337 -0.08377568754578464 -0.6631528515080904
98.86592080847079 1.497780985852203 0.04705411501905347 -0.06283182535193699 -0.6646912826421199
98.89733673500669 1.49901336658009 0.03139521802414322 -0.04188789835314673 -0.6657890787893439
98.92875266154259 1.499753281419594 0.01570533773347575 -0.02094395089330728 -0.66644732353554
98.96016858807847 1.499999999637207 -4.184093029835909e-08 -8.492947744931067e-15 -0.6666666668279082
98.99158451461439 1.499753278487269 -0.01570542136444287 0.02094395093425895 -0.6664473248385808
99.02300044115027 1.499013361410187 -0.03139530154615836 0.04188789849760516 -0.6657890810855646
99.05441636768617 1.497780978269012 -0.04705419835699086 0.06283182567004392 -0.6646912860074198
99.08583229422207 1.496057345208854 -0.06266665833621027 0.08377568812163487 -0.6631528560664743
99.11724822075797 1.493844163611023 -0.07821727391008239 0.1047194003570506 -0.6611722726202108
99.14866414729387 1.491143617319247 -0.09369069845799546 0.1256628217492507 -0.6587475809302854
99.18008007382977 1.487958371428258 -0.1090716615615736 0.1466057421936813 -0.6558763878602245
99.21149600036566 1.484291569845077 -0.1243449841693343 0.1675478674252647 -0.6525558595133235
99.24291192690157 1.480146830898359 -0.1394955932816525 0.1884888040937805 -0.6487827191401702
99.27432785343747 1.475528244790846 -0.1545085370211198 0.2094280441366632 -0.6445532436622136
99.30574377997335 1.470440370213262 -0.1693689996565637 0.2303649485603789 -0.6398632600230979
99.33715970650927 1.464888227453667 -0.1840623154301629 0.2512987310469238 -0.6347081425484778
99.36857563304515 1.45887729579383 -0.1985739837717161 0.2722284401709548 -0.6290828079441724
99.39999155958105 1.452413508083863 -0.2128896837472504 0.2931529410841061 -0.6229817110829131
99.43140748611695 1.445503242628764 -0.2269952871969249 0.3140708967998758 -0.6163988415328647
99.46282341265285 1.438153319419807 -0.240876873781637 0.3349807475993363 -0.609327717852358
99.49423933918875 1.430370991787119 -0.2545207439782812 0.355880690165822 -0.6017613835474418
99.52565526572465 1.42216393988855 -0.2679134328969847 0.3767686551108791 -0.5936924019942321
99.55707119226054 1.413540263167585 -0.2810417236137488 0.3976422833492947 -0.5851128516291237
99.58848711879645 1.404508472081733 -0.2938926600421299 0.4184989012001289 -0.5760143213489034
99.61990304533234 1.395077480017387 -0.3064535599282801 0.4393354938575394 -0.5663879058286047
99.65131897186824 1.38525659429466 -0.3187120272451331 0.4601486774175915 -0.5562242013134904
99.68273489840414 1.375055506624808 -0.3306559641047492 0.4809346692824753 -0.5455133018387561
99.71415082494003 1.364484284704433 -0.3422735836768542 0.501689256228385 -0.5342447953362239
99.74556675147592 1.353553360689643 -0.3535534204555728 0.5224077614688657 -0.5224077614688819
99.77698267801183 1.342273522137184 -0.3644843426423882 0.5430850086804508 -0.5099907691233783
99.80839860454772 1.330655900862026 -0.3750555626989562 0.5637152844281637 -0.4969818755511847
99.83981453108363 1.318711962110568 -0.3852566481586378 0.584292298025873 -0.4833686264045901
99.87123045761952 1.306453493170973 -0.3950775318558824 0.6048091390209777 -0.4691380572341381
99.90264638415542 1.29389259167241 -0.404508521773344 0.6252582320834335 -0.4542766965940675
99.93406231069133 1.281041653683895 -0.413540310637078 0.6456312891123632 -0.4387705709925506
99.96547823722722 1.267913361519912 -0.4221639851509479 0.6659192584656372 -0.4226052120285866
99.99689416376312 1.254520671276101 -0.4303710348871043 0.6861122711739728 -0.4057656660472367
100.028310090299 1.240876799765776 -0.4381533602200993 0.7061995842047107 -0.3882365067931405
100.0597260168349 1.226995212008633 -0.4455032812237221 0.7261695200340348 -0.3700018511044947
100.0911419433708 1.212889607293208 -0.4524135441019808 0.7460094035147244 -0.3510453787424978
100.1225578699067 1.198573906332497 -0.4588773296394826 0.7657054945340913 -0.3313503560660731
100.1539737964426 1.184062236738777 -0.4648882582713725 0.7852429180151037 -0.3108996649522404
100.1853897229785 1.169368920042178 -0.47044039855537 0.804605589244061 -0.2896758366325205
100.2168056495144 1.154508456750948 -0.4755282712125199 0.8237761367046571 -0.2676610921019995
100.2482215760503 1.139495512182991 -0.4801468546463531 0.8427358207293484 -0.2448373890518932
100.2796375025862 1.124344902312523 -0.4842915908214568 0.8614644484414651 -0.2211864763680241
100.3110534291221 1.109071579113393 -0.4879583899334446 0.8799402854763514 -0.196689957172043
100.342469355658 1.093690615487882 -0.4911436333093255 0.8981399646466749 -0.1713293612765887
100.3738852821939 1.078217190439332 -0.493844176721017 0.9160383912935881 -0.1450862279208214
100.4053012087298 1.062666574511699 -0.4960573558010009 0.9336086455625641 -0.1179421999058414
100.4367171352657 1.047054114237841 -0.497780986156034 0.9508218830960394 -0.08987913044687781
100.4681330618016 1.031395217220261 -0.4990133665946626 0.9676472333448262 -0.06087920370481142
100.4995489883375 1.015705336926755 -0.4997532812197443 0.9840516969123777 -0.03092507042758497
100.5309649148734 0.9999999573623961 -0.4999999998059557 1.000000042637606 -3.918869924362754e-15
100.5623808414093 0.9842945778339244 -0.4997532787419775 1.015454705201448 0.03191194972063106
100.5937967679452 0.9686046976566087 -0.4990133615049757 1.030375684572711 0.06482574334112828
100.6252126944811 0.9529458008569851 -0.4977809782316375 1.044720448642273 0.09875515819880155
100.656628621017 0.9373333408855081 -0.4960573451283376 1.05844384066955 0.1337125525118984
100.6880445475529 0.921782725347786 -0.4938441633217588 1.071497993437105 0.1697086099993885
100.7194604740888 0.9063093007848887 -0.491143617156291 1.083832252276347 0.2067520596152471
100.7508764006247 0.8909283376610256 -0.4879583713758244 1.095393109282892 0.2448493691077692
100.7822923271606 0.8756550150585827 -0.4842915697723351 1.106124152174053 0.2840044114270411
100.8137082536965 0.8605044059865233 -0.4801468306878754 1.115966029919414 0.3242181028920786
100.8451241802324 0.845491462214962 -0.4755282446917506 1.124856440068171 0.3654880128125756
100.8765401067683 0.8306309997242707 -0.4704403697111358 1.132730140419214 0.4078079440301836
100.9079560333042 0.8159376839570192 -0.4648882269695904 1.139518990444408 0.4511674848738454
100.93937195984 0.8014260155054787 -0.4588772955928559 1.145152026422721 0.4955515330810409
100.970787886376 0.7871103155925943 -0.4524135077522428 1.149555576316895 0.5409397934831011
101.0022038129118 0.7730047120762296 -0.4455032424394972 1.152653418884341 0.5873062513683218
101.0336197394477 0.7591231255322619 -0.438153319155555 1.154366993403661 0.6346186249614331
101.0650356659836 0.7454792553762951 -0.4303709914570812 1.154615666091835 0.6828378014267055
101.0964515925195 0.7320865664005569 -0.42216393965477 1.153317058737078 0.7319172616614018
101.1278675190554 0.718958275762041 -0.4135402628173838 1.150387445499433 0.781802500647693
101.1592834455913 0.7061073393125998 -0.4045084717659197 1.145742225484487 0.8324304529459864
101.1906993721272 0.693546439414724 -0.3950774797185995 1.13929647312803 0.8837289312164757
101.2221152986631 0.6812879721201335 -0.3852565939686888 1.130965574480919 0.9356160916287144
101.253531225199 0.6693440352877413 -0.3750555062684473 1.120665950669157 0.9879999379382775
101.2849471517349 0.6577264159109508 -0.3644842841414367 1.108315873875608 1.040777881758915
101.3163630782708 0.6464465792019598 -0.3535533600701931 1.093836372464787 1.093836372464803
101.3477790048067 0.6355156570559144 -0.3422735214954009 1.077152228003195 1.14705061838826
101.3791949313426 0.6249444369547893 -0.3306559002758644 1.058193058803876 1.200284417740521
101.4106108578785 0.614743351327375 -0.318711961675439 1.036894483482161 1.253390119815154
101.4420267844144 0.6049224676031975 -0.3064534927589727 1.013199354425395 1.306208736974863
101.4734427109503 0.5954914776677528 -0.2938925912736373 0.9870590501052161 1.358570231002233
101.5048586374862 0.5864596888840796 -0.2810416532292149 0.9584348055049872 1.4102939894272
101.5362745640221 0.5778360143892955 -0.2679133610545608 0.9272990634640702 1.461189514804412
101.567690490558 0.5696289647929833 -0.2545206707295966 0.8936368183724009 1.511057337677274
101.5991064170939 0.5618466392918435 -0.240876799318126 0.8574469266362926 1.559690169453296
101.6305223436298 0.5544967185401711 -0.2269952114315835 0.8187433479043417 1.6068742959095
101.6619382701657 0.5475864555586828 -0.2128896067727457 0.7775562876745523 1.65239122202695
101.6933541967016 0.5411226702541677 -0.1985739057144424 0.7339331956804546 1.696019546275722
101.7247701232375 0.5351117413869151 -0.1840622362249436 0.6879395913283036 1.737537067451426
101.7561860497734 0.529559601131886 -0.1693689195194638 0.6396596710195945 1.776723086397032
101.7876019763093 0.5244717286865404 -0.1545084561614182 0.5891966668038409 1.813360881580646
101.8190179028452 0.5198531452066505 -0.1394955116153593 0.5366729212118568 1.847240311098265
101.8504338293811 0.515708408895368 -0.1243449017861853 0.4822296531824035 1.878160496167409
101.881849755917 0.5120416097937563 -0.1090715785856647 0.4260263955587787 1.905932532185875
101.9132656824529 0.5088563666831932 -0.09369061491013092 0.3682400906312924 1.93038215701494
101.9446816089888 0.5061558231353916 -0.07821718989171679 0.3090638453415347 1.95135232165637
101.9760975355247 0.5039426441114556 -0.0626665739605418 0.2487053537318826 1.968705591613026
102.0075134620606 0.5022190138268512 -0.04705411368453528 0.1873850067949831 1.98232631022273
102.0389293885965 0.5009866332450237 -0.03139521668206519 0.1253337222244849 1.992122468345686
102.0703453151324 0.500246718661271 -0.01570533638825516 0.06279053496282536 1.998027219529892
102.1017612416683 0.5000000001284142 4.317450025578373e-08 -9.803364197026927e-15 1.999999999486343
102.1331771682042 0.5002467212924703 0.01570542269720318 -0.06279053463252229 1.998027209020663
102.1645930947401 0.5009866386742076 0.03139530286010626 -0.1253337208662649 1.992122446757087
102.196009021276 0.5022190217787007 0.04705419966651984 -0.187385003828027 1.982326278835707
102.2274249478119 0.503942654806214 0.06266665964449429 -0.2487053484537779 1.968705549832819
102.2588408743478 0.5061558364931696 0.07821727520112268 -0.3090638371851326 1.951352270158928
102.2902568008837 0.5088563828464464 0.09369069973269836 -0.3682400789345497 1.930382095698514
102.3216727274196 0.5120416286492728 0.1090716628505825 -0.4260263798706678 1.905932462001468
102.3530886539555 0.515708430370953 0.1243449854216337 -0.4822296331009628 1.878160417955396
102.3845045804914 0.5198531694259629 0.1394955944980177 -0.5366728962089249 1.847240225037639
102.4159205070273 0.5244717552665382 0.1545085383174233 -0.5891966369435793 1.813360789680325
102.4473364335632 0.5295596303296295 0.1693690007818879 -0.6396596357513791 1.77672298843582
102.4787523600991 0.5351117731756891 0.1840623165091617 -0.6879395504606295 1.737536964231558
102.510168286635 0.5411227044697944 0.1985739849948211 -0.7339331492732568 1.696019439035036
102.5415842131709 0.5475864923969148 0.2128896848689825 -0.7775562353653677 1.652391110864293
102.5730001397067 0.5544967577646336 0.2269952883569912 -0.8187432899873496 1.606874182241077
102.6044160662426 0.5618466809934659 0.2408768749294689 -0.8574468629944967 1.559690053689316
102.6358319927785 0.569629008735709 0.2545207450607119 -0.8936367494348281 1.511057221110219
102.6672479193144 0.5778360606206114 0.2679134339842785 -0.927298989273007 1.461189397898063
102.6986638458503 0.586459737409078 0.2810417246534175 -0.9584347262019485 1.410293872736293
102.7300797723862 0.5954915284574159 0.2938926611056122 -0.9870589659186082 1.358570115129361
102.7614956989221 0.6049225204951507 0.3064535610124612 -1.013199265835378 1.306208622765314
102.792911625458 0.6147434063885547 0.3187120281912433 -1.036894390609856 1.253390007551834
102.8243275519939 0.6249444940589597 0.3306559650460795 -1.058192962111705 1.200284308064792
102.8557434785298 0.6355157161661806 0.3422735844401129 -1.077152127815652 1.147050511699373
102.8871594050657 0.6464466402652732 0.3535534211220392 -1.093836269141075 1.09383626914107
102.9185753316016 0.6577264788583592 0.3644843432488343 -1.108315767804731 1.04077778215177
102.9499912581375 0.6693441000339189 0.3750555633997432 -1.120665842266259 0.9879998423682766
102.9814071846734 0.6812880387013198 0.3852566489504605 -1.130965463953465 0.9356160001924607
103.0128231112093 0.6935465076011647 0.3950775326964079 -1.139296361117399 0.8837288443321573
103.0442390377452 0.7061074091574178 0.4045085225374303 -1.14574211215306 0.8324303706058932
103.0756549642811 0.7189583471544033 0.4135403113887129 -1.150387331266267 0.7818024230149451
103.107070890817 0.7320866392425307 0.4221639860238341 -1.153316943983036 0.7319171888363024
103.1384868173529 0.7454793296872357 0.4303710354332229 -1.154615550997325 0.6828377333600087
103.1699027438888 0.7591232011985632 0.4381533607562649 -1.15436687834106 0.634618561705261
103.2013186704247 0.7730047889185914 0.4455032818259678 -1.15265330430211 0.5873061929857656
103.2327345969606 0.7871103937004374 0.4524135445648361 -1.149555462242288 0.540939739803672
103.2641505234965 0.8014260946708288 0.4588773300726268 -1.145151913303908 0.4955514841301846
103.2955664500324 0.8159377642517246 0.4648882587300804 -1.139518878306758 0.4511674404754148
103.3269823765683 0.8306310809098806 0.4704403991202208 -1.132730029706539 0.4078079041711737
103.3583983031042 0.845491544334892 0.4755282713804638 -1.124856330814407 0.3654879773138814
103.3898142296401 0.8605044888836915 0.4801468548545666 -1.115965922412218 0.3242180716583562
103.421230156176 0.8756550987109577 0.4842915911793209 -1.106124046504693 0.2840043842957661
103.4526460827119 0.8909284218927305 0.4879583903762526 -1.095393005720326 0.2448493459588147
103.4840620092478 0.9063093856131953 0.4911436332851661 -1.083832150832344 0.2067520402637574
103.5154779357837 0.9217828106025167 0.4938441770197426 -1.071497894335371 0.1697085943032361
103.5468938623196 0.9373334265656296 0.4960573558471759 -1.058443743918924 0.1337125402894415
103.5783097888555 0.9529458868463526 0.4977809860965293 -1.044720354371599 0.09875514928760382
103.6097257153914 0.9686047838516185 0.499013366648751 -1.03037559288078 0.06482573757238018
103.6411416419273 0.9842946641449667 0.4997532812711092 -1.015454616158038 0.03191194692233362
103.6725575684632 1.000000043710323 0.4999999997820005 -0.9999999562896785 4.886207370279942e-16
103.7039734949991 1.015705423240885 0.4997532787876628 -0.9840516132881659 -0.0309250677995699
103.735389421535 1.031395303398799 0.4990133611898744 -0.9676471524927762 -0.06087919861802734
103.7668053480709 1.047054200196517 0.4977809779670236 -0.9508218050376268 -0.0898791230681675
103.7982212746068 1.062666660160924 0.496057344838323 -0.9336085703152098 -0.1179421903998722
103.8296372011427 1.078217275708677 0.4938441631157141 -0.9160383188499398 -0.1450862164468705
103.8610531276786 1.093690700261842 0.4911436168962497 -0.8981398950302121 -0.1713293479965208
103.8924690542145 1.109071663383964 0.4879583711069159 -0.8799402186158666 -0.1966899422269499
103.9238849807504 1.124344985949994 0.4842915693568411 -0.8614643843590817 -0.2211864599144605
103.9553009072862 1.139495595055341 0.4801468303947451 -0.8427357594395167 -0.244837371245534
103.9867168338222 1.154508538806873 0.4755282443271168 -0.8237760781553182 -0.267661073078162
104.018132760358 1.169369001332784 0.4704403694384151 -0.8046055333105837 -0.2896758164952256
104.0495486868939 1.184062317072448 0.4648882266098214 -0.7852428647396652 -0.3108996438589851
104.0809646134299 1.198573985503854 0.458877295174127 -0.7657054439556977 -0.3313503341788566
104.1123805399657 1.212889685504938 0.4524135075111183 -0.7460093554092132 -0.3510453561057455
104.1437964665016 1.226995288985503 0.4455032421020907 -0.7261694744770104 -0.3700018278920273
104.1752123930375 1.240876875393996 0.4381533185511217 -0.7061995411636831 -0.3882364831311314
104.2066283195734 1.254520745671569 0.4303709910548639 -0.6861122304862107 -0.4057656419845574
104.2380442461093 1.267913434451382 0.4221639389240811 -0.6659192201613912 -0.4226051877199689
104.2694601726452 1.28104172510997 0.4135402621165925 -0.6456312531143831 -0.4387705465283578
104.3008760991811 1.293892661542418 0.4045084710378549 -0.6252581983195921 -0.4542766720631831
104.332292025717 1.306453561425992 0.3950774789677841 -0.604809107423026 -0.4691380327242502
104.3637079522529 1.318712028684849 0.385256593169873 -0.5842922685282751 -0.4833686020020507
104.3951238787888 1.330655965684982 0.3750555056561163 -0.5637152569667614 -0.4969818513406833
104.4265398053247 1.342273585034646 0.3644842834832421 -0.5430849832320875 -0.50999074522577
104.4579557318606 1.353553421708018 0.3535533593602775 -0.5224077379186616 -0.5224077379186582
104.4893716583965 1.364484343841421 0.3422735207587183 -0.5016892344850954 -0.5342447721819523
104.5207875849324 1.37505556373494 0.3306558993412697 -0.4809346493078357 -0.54551327918197
104.5522035114683 1.385256649326389 0.3187119607065487 -0.4601486591373958 -0.5562241792165085
104.5836194380042 1.395077532940568 0.3064534917004638 -0.439335477191062 -0.5663878843423061
104.6150353645401 1.404508522835105 0.293892590185062 -0.4184988860772395 -0.5760143005340265
104.646451291076 1.413540311708808 0.2810416522020036 -0.3976422696941997 -0.5851128315362381
104.6778672176119 1.42216398614618 0.2679133599852956 -0.3767686428560185 -0.593692382683656
104.7092831441478 1.430371035726454 0.2545206696464432 -0.3558806792335839 -0.6017613650620306
104.7406990706837 1.438153361033514 0.2408767981232253 -0.3349807379064987 -0.6093277002211455
104.7721149972196 1.445503281830243 0.2269952102610235 -0.3140708882823995 -0.6163988248163697
104.8035309237555 1.452413544889247 0.2128896056367784 -0.293152933655366 -0.6229816952960298
104.8349468502914 1.458877330108447 0.1985739045353755 -0.2722284337678047 -0.629082793147358
104.8663627768273 1.464888259166165 0.1840622351170448 -0.2512987256067002 -0.6347081288080598
104.8977787033632 1.470440399436181 0.169368918404544 -0.2303649439822139 -0.6398632473067182
104.9291946298991 1.475528271493638 0.1545084549063066 -0.2094280403466154 -0.6445532319976673
104.960610556435 1.480146855061227 0.1394955103838953 -0.188488801016771 -0.6487827085490232
104.9920264829709 1.484291591383749 0.1243449005513726 -0.1675478649939767 -0.6525558500440312
105.0234424095068 1.487958390257748 0.109071577292261 -0.1466057403384499 -0.6558763795603825
105.0548583360427 1.491143633594096 0.09369061365823543 -0.1256628203777269 -0.6587475737404895
105.0862742625786 1.493844177027489 0.07821718861139991 -0.1047193994165604 -0.6611722666821096
105.1176901891145 1.496057355951081 0.06266657265979415 -0.08377568752009837 -0.6631528513047993
105.1491061156504 1.497780986292396 0.047054112383321 -0.0628318253334758 -0.6646912824467688
105.1805220421863 1.499013366940649 0.03139521537615997 -0.04188789834306684 -0.6657890786292016
105.2119379687222 1.4997532812428 0.0157053350612001 -0.02094395089578108 -0.6664473236141016
105.2433538952581 1.499999999605098 -4.450626676981385e-08 -3.919282412061077e-15 -0.6666666668421787
105.274769821794 1.499753278600037 -0.01570542403471583 0.02094395093267925 -0.6664473247884699
105.3061857483299 1.499013361246951 -0.03139530420651408 0.04188789850217114 -0.665789081158066
105.3376016748658 1.497780977766306 -0.04705420098673055 0.06283182569112755 -0.6646912862305133
105.3690176014017 1.49605734468902 -0.06266666095713655 0.0837756881507489 -0.6631528562968991
105.4004335279376 1.493844162966698 -0.07821727650656105 0.1047194004022134 -0.6611722729053889
105.4318494544735 1.491143616853124 -0.09369070108242372 0.1256628217885274 -0.6587475811362072
105.4632653810094 1.487958370891073 -0.1090716641726185 0.1466057422466136 -0.6558763880970087
105.4946813075452 1.484291569448182 -0.1243449868192439 0.167547867470071 -0.6525558596878139
105.5260972340812 1.480146830282132 -0.1394955958781594 0.1884888041722582 -0.6487827194102753
105.557513160617 1.475528244114648 -0.1545085396039058 0.2094280442326341 -0.6445532439575977
105.5889290871529 1.470440369074948 -0.1693690020795603 0.230364948738716 -0.6398632605184346
105.6203450136888 1.464888226202876 -0.1840623178015867 0.2512987312614898 -0.6347081430904233
105.6517609402247 1.458877294915581 -0.1985739862958589 0.2722284403348416 -0.6290828083228807
105.6831768667606 1.452413507125833 -0.2128896862422189 0.2931529412774688 -0.6229817114938416
105.7145927932965 1.445503241493607 -0.2269952896099895 0.3140708970465205 -0.6163988420169219
105.7460087198324 1.43815331832556 -0.2408768762217705 0.3349807478542084 -0.6093277183159793
105.7774246463683 1.430370990359441 -0.2545207462307693 0.3558806905210285 -0.6017613841480732
105.8088405729042 1.422163938409519 -0.2679134351154503 0.376768655502709 -0.5936924026116671
105.8402564994401 1.413540261878135 -0.2810417259603563 0.3976422837120334 -0.5851128521628688
105.871672425976 1.404508470558385 -0.2938926622300403 0.418498901654034 -0.5760143219736589
105.9030883525119 1.395077478454112 -0.3064535620889878 0.4393354943498474 -0.5663879064632762
105.9345042790478 1.385256592725192 -0.3187120294060686 0.4601486779389269 -0.5562242019436848
105.9659202055837 1.37505550484639 -0.3306559660902767 0.4809346699044924 -0.5455133025442883
105.9973361321196 1.364484282718768 -0.3422735854686931 0.5016892569584637 -0.5342447961136866
106.0287520586555 1.353553358637513 -0.3535534221728352 0.5224077622608947 -0.5224077622609037
106.0601679851914 1.342273520015123 -0.3644843442760083 0.5430850095390345 -0.5099907699296496
106.0915839117273 1.330655898716681 -0.3750555642957627 0.563715285337015 -0.4969818763524381
106.1229998382632 1.318711959980951 -0.3852566497657025 0.5842922989694557 -0.4833686271851969
106.1544157647991 1.306453491055886 -0.3950775334775801 0.6048091400001385 -0.4691380579936466
106.185831691335 1.293892589553501 -0.4045085233909659 0.6252582331073744 -0.4542766973379977
106.2172476178709 1.281041651528734 -0.4135403122071068 0.645631290198538 -0.4387705717307211
106.2486635444068 1.26791335928536 -0.4221639866035362 0.6659192596392459 -0.422605212773375
106.2800794709427 1.2545206689119 -0.4303710361247881 0.6861122724669791 -0.4057656668119255
106.3114953974786 1.24087679755086 -0.4381533617232543 0.7061995854652514 -0.3882365074861224
106.3429113240145 1.226995209547758 -0.4455032822643692 0.7261695214904461 -0.37000185184658
106.3743272505504 1.212889604824077 -0.4524135451142783 0.74600940503341 -0.3510453794571307
106.4057431770863 1.198573903824126 -0.4588773305535462 0.7657054961365549 -0.3313503567595277
106.4371591036222 1.184062234255835 -0.4648882592396896 0.7852429196617364 -0.3108996656041821
106.4685750301581 1.16936891753303 -0.4704403994536939 0.8046055909705201 -0.2896758372541036
106.499990956694 1.154508454171057 -0.4755282718970369 0.8237761385454879 -0.2676610927001154
106.5314068832299 1.139495509559135 -0.4801468551679273 0.8427358226698699 -0.2448373896156735
106.5628228097658 1.124344899771466 -0.4842915916416286 0.8614644503884047 -0.2211864768679069
106.5942387363017 1.109071576548852 -0.4879583906777007 0.879940287511064 -0.1966899576268619
106.6256546628376 1.093690612825319 -0.4911436335746276 0.8981399668331757 -0.1713293616936796
106.6570705893735 1.07821718784133 -0.4938441773548384 0.9160383935008135 -0.1450862282704184
106.6884865159094 1.06266657188159 -0.4960573562455531 0.9336086478732545 -0.117942200197743
106.7199024424453 1.047054111569622 -0.4977809862483927 0.9508218855190276 -0.08987913067592469
106.7513183689812 1.031395214572099 -0.4990133669473269 0.9676472358293118 -0.06087920386111535
106.7827342955171 1.015705334262625 -0.4997532812923858 0.9840516994934823 -0.03092507050869269
106.814150222053 0.9999999546972512 -0.4999999996818949 1.000000045302751 -1.126922698522896e-14
106.8455661485889 0.9842945751758406 -0.4997532784742863 1.01545470794368 0.03191194980681613
106.8769820751248 0.9686046950107006 -0.4990133611170472 1.030375687387357 0.06482574351821788
106.9083980016607 0.9529457982175731 -0.4977809778351006 1.044720451535877 0.09875515847233481
106.9398139281966 0.9373333382289614 -0.4960573448936633 1.058443843669343 0.1337125528908526
106.9712298547325 0.9217827226948521 -0.4938441630359416 1.071497996520926 0.1697086104878252
107.0026457812684 0.9063092981855717 -0.4911436165608457 1.083832255384806 0.206752060208209
107.0340617078043 0.8909283350255118 -0.4879583709501256 1.095393112523245 0.2448493698320819
107.0654776343401 0.8756550124565528 -0.4842915691911344 1.10612415546093 0.284004412270959
107.0968935608761 0.8605044033687433 -0.4801468301464948 1.115966033314343 0.3242181038784051
107.1283094874119 0.845491459692735 -0.4755282438309424 1.124856443423788 0.3654880139028726
107.1597254139478 0.8306309971912258 -0.4704403688801067 1.132730143873527 0.4078079452738031
107.1911413404837 0.8159376814973252 -0.4648882259429951 1.139518993879561 0.4511674862339091
107.2225572670196 0.8014260130075418 -0.4588772946551999 1.145152029992002 0.4955515346256161
107.2539731935555 0.7871103131698766 -0.4524135066422366 1.14955557985522 0.5409397951481
107.2853891200914 0.7730047096223669 -0.4455032413857913 1.152653422543374 0.5873062532327025
107.3168050466273 0.7591231231969072 -0.4381533178720526 1.154366996954942 0.6346186269137554
107.3482209731632 0.7454792530668309 -0.430370990127327 1.154615669668783 0.6828378035421168
107.3796368996991 0.7320865641075948 -0.4221639382948515 1.153317062349378 0.7319172639538251
107.411052826235 0.7189582735146134 -0.4135402613835171 1.150387449095481 0.7818025030915762
107.4424687527709 0.7061073371231453 -0.4045084702459595 1.14574222903714 0.8324304555271275
107.4738846793068 0.6935464372113553 -0.3950774782114807 1.139296476747523 0.8837289340240542
107.5053006058427 0.6812879701580898 -0.3852565921600023 1.130965577737985 0.9356160943232061
107.5367165323786 0.6693440331851692 -0.3750555046239257 1.120665954189433 0.9879999410418326
107.5681324589145 0.6577264139454996 -0.364484282341794 1.108315877187526 1.040777884869028
107.5995483854504 0.6464465773286568 -0.3535533581750933 1.093836375634565 1.093836375634565
107.6309643119863 0.6355156552308642 -0.3422735195539022 1.077152231096512 1.147050621682325
107.6623802385222 0.6249444351340696 -0.3306558983287483 1.058193061886835 1.200284421237435
107.6937961650581 0.6147433495679623 -0.318711959672797 1.036894486449774 1.253390123402399
107.725212091594 0.6049224660223002 -0.3064534906131079 1.013199357073288 1.306208740388487
107.7566280181299 0.59549147599993 -0.2938925891919825 0.9870590528697123 1.358570234807255
107.7880439446658 0.5864596873384175 -0.2810416510583396 0.9584348080310304 1.410293993144138
107.8194598712017 0.5778360129504637 -0.2679133588121718 0.9272990657730673 1.461189518442831
107.8508757977376 0.5696289633755828 -0.2545206684724689 0.8936368205960586 1.511057341437199
107.8822917242735 0.5618466380809258 -0.2408767969434083 0.857446928484291 1.559690172814818
107.9137076508094 0.5544967172144941 -0.2269952091167474 0.8187433498617848 1.606874299751169
107.9451235773453 0.5475864543429698 -0.2128896044000462 0.7775562894008168 1.652391225695478
107.9765395038812 0.5411226691733221 -0.1985739032788631 0.7339331971464349 1.696019549663368
108.0079554304171 0.5351117403019551 -0.1840622337888151 0.6879395927231161 1.737537070974355
108.039371356953 0.5295596001667777 -0.169368917035164 0.6396596721853705 1.776723089635058
108.0707872834889 0.5244717279167928 -0.1545084536099093 0.5891966676685705 1.813360884242052
108.1022032100248 0.519853144496798 -0.1394955090468789 0.5366729219447164 1.847240313620635
108.1336191365607 0.5157084081147069 -0.124344899235597 0.4822296539123727 1.878160499010505
108.1650350630966 0.5120416090794152 -0.1090715760150294 0.4260263961531083 1.905932534844815
108.1964509896325 0.5088563662568619 -0.09369061227886179 0.368240090939799 1.93038215863226
108.2278669161684 0.506155822737682 -0.07821718725688091 0.3090638455843669 1.951352323189638
108.2592828427043 0.5039426438030787 -0.06266657131364721 0.248705353884059 1.968705592817735
108.2906987692402 0.5022190135812838 -0.04705411103121001 0.1873850068865941 1.982326311192019
108.3221146957761 0.5009866329447423 -0.03139521403116184 0.125333722299622 1.992122469539724
108.353530622312 0.500246718499019 -0.01570533372757045 0.06279053498317737 1.99802722017794
108.3849465488479 0.5000000002012963 4.583897158752203e-08 4.8973492333446e-15 1.999999999194815
108.4163624753838 0.5002467213056149 0.0157054253624943 -0.06279053463088612 1.998027208968162
108.4477784019196 0.500986638717687 0.03139530552717654 -0.1253337208553446 1.992122446584198
108.4791943284556 0.5022190221733811 0.04705420230575946 -0.1873850036807798 1.982326277277848
108.5106102549914 0.503942655266262 0.06266666227214396 -0.2487053482267209 1.968705548035595
108.5420261815274 0.5061558370458082 0.07821727781140277 -0.3090638368476993 1.951352268028372
108.5734421080632 0.508856383431605 0.09369070233364954 -0.3682400785110785 1.930382093478677
108.6048580345991 0.5120416291242665 0.1090716654747696 -0.4260263794754789 1.905932460233433
108.636273961135 0.515708430917909 0.1243449880322678 -0.4822296325895005 1.878160415963439
108.6676898876709 0.5198531701536602 0.1394955970613462 -0.5366728954576959 1.847240222451844
108.6991058142068 0.5244717562162211 0.1545085408105457 -0.5891966358766829 1.813360786396801
108.7305217407427 0.5295596310817762 0.1693690033430799 -0.6396596348428669 1.776722985912292
108.7619376672786 0.5351117740556365 0.1840623190264902 -0.6879395493293566 1.737536961374326
108.7933535938145 0.5411227054524501 0.1985739874729209 -0.7339331479404532 1.696019435955142
108.8247695203504 0.547586493514956 0.212889687287705 -0.7775562337777708 1.65239110749051
108.8561854468863 0.5544967589121841 0.2269952907628872 -0.8187432882929426 1.606874178915589
108.8876013734222 0.5618466823271333 0.2408768772371135 -0.8574468609591677 1.55969004998704
108.9190172999581 0.5696290099947481 0.2545207474120497 -0.8936367474596517 1.511057217770355
108.950433226494 0.5778360619113454 0.2679134363213218 -0.9272989872016748 1.461189394634143
108.9818491530299 0.5864597388170047 0.2810417269185192 -0.9584347239010027 1.410293869350577
109.0132650795658 0.5954915300511936 0.2938926632414688 -0.9870589632768462 1.358570111493268
109.0446810061017 0.6049225220775574 0.3064535631574888 -1.013199263184958 1.306208619348432
109.0760969326376 0.614743408144141 0.3187120301973833 -1.036894387648698 1.253390003972392
109.1075128591735 0.6249444957840745 0.3306559670778924 -1.058192959190629 1.200284304751501
109.1389287857094 0.6355157179061016 0.342273586462008 -1.077152124866606 1.147050508558975
109.1703447122453 0.6464466420637321 0.3535534230924174 -1.093836266097939 1.093836266097951
109.2017606387812 0.6577264807590064 0.364484345117839 -1.108315764602013 1.040777779144203
109.2331765653171 0.6693441020814487 0.3750555651069483 -1.120665838838125 0.9879998393459842
109.264592491853 0.6812880406758434 0.3852566507443603 -1.130965460675684 0.9356159974808307
109.2960084183889 0.6935465097681198 0.3950775342507006 -1.139296357557711 0.8837288415709943
109.3274243449248 0.7061074113192628 0.4045085240957936 -1.145742108645219 0.8324303680572853
109.3588402714607 0.7189583493824858 0.4135403128514927 -1.150387327701162 0.7818024205921147
109.3902561979966 0.7320866415715925 0.4221639873275188 -1.153316940313876 0.7319171865077717
109.4216721245325 0.7454793319923901 0.4303710367710219 -1.154615547427044 0.6828377312485617
109.4530880510684 0.7591232035360925 0.4381533620363914 -1.154366874786481 0.6346185597511046
109.4845039776043 0.7730047913806828 0.4455032828644672 -1.152653300630791 0.5873061911151662
109.5159199041402 0.7871103961366527 0.4524135456472015 -1.149555458684259 0.540939738129381
109.5473358306761 0.8014260971867853 0.4588773309697518 -1.145151909708879 0.4955514825744676
109.578751757212 0.8159377667332148 0.4648882597028029 -1.139518874841172 0.4511674391032833
109.6101676837479 0.8306310834677569 0.4704403998837045 -1.132730026218371 0.4078079029153471
109.6415836102838 0.8454915468841592 0.4755282721596898 -1.124856327422816 0.3654879762118958
109.6729995368197 0.8605044914285048 0.4801468556484847 -1.115965919111918 0.3242180706995221
109.7044154633556 0.8756551012402976 0.4842915920451021 -1.10612404330964 0.2840043834754243
109.7358313898915 0.8909284245015785 0.4879583909224711 -1.095393002512759 0.2448493452418306
109.7672473164274 0.9063093882395444 0.49114363374056 -1.083832147691559 0.2067520396646288
109.7986632429633 0.9217828132425617 0.4938441773884524 -1.071497891266533 0.1697085938171725
109.8300791694992 0.937333429188527 0.4960573563493864 -1.058443740957126 0.1337125399153026
109.8614950960351 0.9529458894923627 0.4977809864253034 -1.044720351470763 0.09875514901338683
109.892911022571 0.9686047865102139 0.4990133668371101 -1.030375590052638 0.06482573739445616
109.9243269491069 0.9842946668097664 0.499753281324606 -1.015454613408878 0.03191194683593084
109.9557428756428 1.000000046375483 0.4999999996774623 -0.9999999536245193 7.838977112279889e-15
109.9871588021787 1.015705425897445 0.4997532784722871 -0.9840516107143955 -0.03092506771869266
110.0185747287146 1.031395306071856 0.4990133612308276 -0.9676471499849357 -0.06087919846024024
110.0499906552505 1.04705420283934 0.4977809776046292 -0.9508218026376992 -0.08987912284131415
110.0814065817863 1.062666662815385 0.4960573445853999 -0.9336085679831267 -0.1179421901052547
110.1128225083223 1.078217278357511 0.4938441628029815 -0.9160383165995263 -0.1450862160904465
110.1442384348581 1.093690702865815 0.4911436163233169 -0.8981398928918279 -0.1713293475885954
110.175654361394 1.109071666025199 0.4879583707055717 -0.8799402165203054 -0.1966899417585297
110.20707028793 1.124344988576333 0.4842915688687781 -0.8614643823467991 -0.2211864593978005
110.2384862144658 1.139495597580534 0.4801468295331515 -0.8427357575719603 -0.244837370702965
110.2699021410018 1.154508541320644 0.4755282434386334 -0.8237760763616663 -0.2676610724953755
110.3013180675376 1.169369003868636 0.4704403686136678 -0.8046055315657427 -0.2896758158670504
110.3327339940735 1.184062319583004 0.4648882257104941 -0.78524286307472 -0.310899643199793
110.3641499206094 1.198573987908779 0.4588772940205234 -0.7657054424193209 -0.3313503335140003
110.3955658471453 1.212889687821422 0.4524135061740833 -0.7460093539844164 -0.3510453554352932
110.4269817736812 1.22699529125071 0.4455032406769553 -0.7261694731364016 -0.3700018272089464
110.4583977002171 1.240876877728611 0.4381533172651483 -0.7061995398350204 -0.3882364824006991
110.489813626753 1.254520747894738 0.4303709895779924 -0.6861122292703362 -0.4057656412654843
110.5212295532889 1.267913436826767 0.4221639376929711 -0.665919218913821 -0.4226051869282298
110.5526454798248 1.281041727408742 0.4135402607573682 -0.6456312519558299 -0.4387705457409989
110.5840614063607 1.293892663807201 0.404508469620587 -0.6252581972251599 -0.4542766712680379
110.6154773328966 1.306453563688585 0.3950774775363485 -0.6048091063755854 -0.4691380319117649
110.6468932594325 1.318712030777506 0.3852565915183566 -0.5842922676010617 -0.4833686012349996
110.6783091859684 1.330655967534296 0.375055503723781 -0.5637152561833272 -0.4969818506499856
110.7097251125043 1.342273586812615 0.3644842814834227 -0.5430849825127165 -0.5099907445502426
110.7411410390402 1.353553423422326 0.3535533573055967 -0.5224077372570236 -0.5224077372570125
110.7725569655761 1.364484345555339 0.3422735187123245 -0.5016892338549239 -0.5342447715108952
110.803972892112 1.375055565664589 0.3306558974896312 -0.4809346486329325 -0.5455132784164345
110.8353888186479 1.385256650923238 0.3187119585687756 -0.4601486586069573 -0.5562241785753262
110.8668047451838 1.395077534654174 0.3064534896570117 -0.4393354766514284 -0.5663878836465895
110.8982206717197 1.404508524507989 0.2938925881065984 -0.4184988855787693 -0.5760142998479494
110.9296365982556 1.41354031314684 0.2810416499573489 -0.3976422692896637 -0.58511283094099
110.9610525247915 1.422163987772745 0.2679133578615081 -0.3767686424250948 -0.5936923820046379
110.9924684513274 1.430371037300614 0.2545206674814961 -0.3558806788419238 -0.6017613643997789
111.0238843778633 1.438153362273153 0.240876795763696 -0.3349807376177612 -0.6093276996959234
111.0553003043992 1.445503283109586 0.2269952079219547 -0.3140708880044267 -0.6163988242708278
111.0867162309351 1.452413545868929 0.212889603152442 -0.2931529334576331 -0.6229816948758142
111.118132157471 1.458877331128355 0.1985739020728247 -0.272228433577493 -0.629082792707561
111.1495480840069 1.464888260013781 0.1840622325860992 -0.2512987254612979 -0.6347081284408019
111.1809640105428 1.470440400145793 0.1693689158272397 -0.2303649438710389 -0.6398632469979313
111.2123799370787 1.475528272307721 0.1545084523684213 -0.2094280402310738 -0.6445532316420506
111.2437958636146 1.480146855601805 0.1394955077654518 -0.1884888009479269 -0.6487827083120767
111.2752117901505 1.484291591883471 0.1243448979278901 -0.1675478649375724 -0.6525558498243313
111.3066277166864 1.487958390929564 0.1090715747113057 -0.1466057402722526 -0.6558763792642542
111.3380436432223 1.491143633846807 0.09369061099295545 -0.125662820356435 -0.6587475736288475
111.3694595697582 1.493844177547752 0.0782171859952675 -0.1047193993800851 -0.6611722664518429
111.4008754962941 1.496057356525416 0.06266657004583603 -0.0837756874879418 -0.6631528510502145
111.43229142283 1.4977809865859 0.04705410973385243 -0.06283182532115879 -0.6646912823165171
111.4637073493658 1.4990133668421 0.03139521269942418 -0.04188789834583502 -0.6657890786729715
111.4951232759018 1.499753281261201 0.01570533239524525 -0.02094395089551955 -0.6664473236059251
111.5265392024376 1.499999999768307 -4.717156692170031e-08 -8.819520224011853e-15 -0.6666666667696415
111.5579551289736 1.499753278539881 -0.01570542669947309 0.02094395093352389 -0.6664473248152014
111.5893710555095 1.499013360874898 -0.03139530685374407 0.04188789851257223 -0.6657890813233136
111.6207869820453 1.497780977457892 -0.04705420363484817 0.06283182570407003 -0.6646912863673817
111.6522029085813 1.496057344362697 -0.06266666360243645 0.08377568816902675 -0.6631528564415465
111.6836188351171 1.493844162514849 -0.07821727913359464 0.1047194004338928 -0.6611722731053753
111.715034761653 1.491143616143316 -0.09369070366044002 0.1256628218483494 -0.6587475814497805
111.7464506881889 1.487958370543687 -0.1090716668260674 0.146605742280836 -0.6558763882501338
111.7778666147248 1.484291568502941 -0.1243449893282847 0.167547867576775 -0.6525558601033796
111.8092825412607 1.480146829302961 -0.1394955983691709 0.1884888042969363 -0.6487827198394726
111.8406984677966 1.475528243430409 -0.1545085421839952 0.2094280443297556 -0.644553244256492
111.8721143943325 1.470440368058575 -0.1693690045464379 0.2303649488979402 -0.6398632609607114
111.9035303208684 1.464888225131457 -0.1840623202439 0.2512987314452941 -0.6347081435546474
111.9349462474043 1.458877293870733 -0.1985739887476468 0.2722284405298069 -0.6290828087734317
111.9663621739402 1.452413505752568 -0.2128896885414103 0.2931529415546507 -0.6229817120828722
111.9977781004761 1.445503240529244 -0.2269952921096599 0.3140708972560473 -0.6163988424281525
112.029194027012 1.438153316995826 -0.2408768785319191 0.3349807481639399 -0.6093277188793688
112.0606099535479 1.430370989095972 -0.2545207485796648 0.3558806908353789 -0.6017613846796207
112.0920258800838 1.422163937091118 -0.2679134374350839 0.3767686558519923 -0.5936924031620402
112.1234418066197 1.413540260240586 -0.2810417280696446 0.397642284172687 -0.5851128528407092
112.1548577331556 1.404508469187852 -0.2938926645284332 0.4184989020624049 -0.5760143225357421
112.1862736596915 1.395077477039514 -0.3064535643645808 0.439335494795326 -0.5663879070375922
112.2176895862274 1.38525659083396 -0.3187120313003565 0.460148678567152 -0.5562242027030707
112.2491055127633 1.375055503208074 -0.3306559681988235 0.4809346704775 -0.5455133031942461
112.2805214392992 1.364484280868734 -0.342273587387334 0.5016892576386823 -0.5342447968380385
112.3119373658351 1.353553356670759 -0.3535534239751735 0.5224077630199725 -0.5224077630199744
112.343353292371 1.342273517998774 -0.3644843460222971 0.5430850103548548 -0.5099907706957488
112.3747692189069 1.330655896692445 -0.375055566029997 0.5637152861945599 -0.4969818771084588
112.4061851454428 1.31871195796761 -0.3852566515131613 0.5842922998615193 -0.4833686279231833
112.4376010719787 1.306453489051969 -0.3950775352425887 0.6048091409278342 -0.4691380587132345
112.4690169985146 1.293892587540458 -0.4045085251546909 0.6252582340801502 -0.4542766980447676
112.5004329250505 1.281041649474204 -0.4135403139257227 0.6456312912339958 -0.4387705724344245
112.5318488515864 1.267913357146214 -0.4221639882069387 0.6659192607627413 -0.4226052134863738
112.5632647781223 1.254520666637832 -0.4303710375153075 0.6861122737106969 -0.4057656675474519
112.5946807046582 1.240876795087652 -0.4381533627749593 0.7061995868670937 -0.3882365082567985
112.6260966311941 1.226995207166386 -0.44550328346126 0.7261695228998098 -0.3700018525646805
112.65751255773 1.212889602429137 -0.4524135462841941 0.7460094065064579 -0.3510453801503011
112.6889284842659 1.198573901326688 -0.4588773314929699 0.7657054977320384 -0.3313503574499488
112.7203444108018 1.184062231836189 -0.4648882603678683 0.7852429212663879 -0.3108996662395153
112.7517603373377 1.169368915081813 -0.4704404005126581 0.8046055926571258 -0.2896758378613128
112.7831762638736 1.154508451596482 -0.4755282725972815 0.8237761403825218 -0.2676610932970106
112.8145921904095 1.139495506982433 -0.4801468558511271 0.842735824575521 -0.24483739016931
112.8460081169454 1.124344897199783 -0.4842915923412607 0.8614644523588038 -0.2211864773738392
112.8774240434813 1.10907157395257 -0.4879583912789205 0.8799402895709624 -0.1966899580872974
112.9088399700172 1.093690610193766 -0.4911436340015815 0.898139968994209 -0.1713293621059256
112.9402558965531 1.078217185171395 -0.4938441775332248 0.9160383957691548 -0.145086228629682
112.971671823089 1.062666569211957 -0.4960573563760899 0.9336086502186682 -0.1179422004940312
113.0030877496249 1.047054108916573 -0.4977809865006956 0.9508218879282424 -0.08987913090365597
113.0345036761608 1.031395211908588 -0.499013367055944 0.9676472383281987 -0.06087920401832532
113.0659196026967 1.015705331603574 -0.4997532815228958 0.9840517020696654 -0.03092507058965974
113.0973355292326 0.9999999520322708 -0.4999999997144084 1.000000047967732 -4.408728688407176e-15
113.1287514557685 0.9842945725130675 -0.4997532783617064 1.015454710690749 0.0319119498931388
113.1601673823044 0.9686046923551065 -0.4990133608825892 1.030375690212306 0.06482574369595571
113.1915833088402 0.9529457955747549 -0.497780977473206 1.044720454433217 0.09875515874619135
113.2229992353762 0.9373333356085851 -0.4960573443712419 1.058443846628291 0.133712553264662
113.254415161912 0.9217827200510208 -0.493844162691228 1.071497999594168 0.1697086109745708
113.2858310884479 0.9063092955581754 -0.4911436161107473 1.083832258526841 0.2067520608075919
113.3172470149838 0.8909283324286483 -0.4879583703502461 1.095393115716081 0.2448493705457568
113.3486629415197 0.8756550099194537 -0.484291568355288 1.106124158665782 0.2840044130938332
113.3800788680556 0.8605044008611469 -0.4801468292243558 1.115966036566383 0.3242181048232012
113.4114947945915 0.8454914571261044 -0.4755282431051703 1.124856446838475 0.3654880150123803
113.4429107211274 0.8306309946100897 -0.4704403681812656 1.132730147393421 0.4078079465410336
113.4743266476633 0.8159376789860845 -0.4648882250456782 1.139518997386697 0.4511674876224912
113.5057425741992 0.8014260105461259 -0.4588772936323044 1.145152033509105 0.4955515361475927
113.5371585007351 0.7871103106888134 -0.4524135056552952 1.149555583478756 0.5409397968531966
113.568574427271 0.7730047072956946 -0.4455032400816383 1.152653426012758 0.5873062550004312
113.5999903538069 0.7591231207970819 -0.4381533167051292 1.154367000604253 0.6346186289199911
113.6314062803428 0.7454792506899546 -0.4303709889107497 1.15461567335014 0.682837805719276
113.6628222068787 0.7320865619440136 -0.4221639367300292 1.153317065757843 0.7319172661169139
113.6942381334146 0.718958271210638 -0.4135402600322935 1.15038745278201 0.7818025055969501
113.7256540599505 0.7061073348585384 -0.4045084688287593 1.145742232711726 0.8324304581968821
113.7570699864864 0.6935464351583758 -0.3950774765099437 1.139296480119969 0.8837289366400042
113.7884859130223 0.6812879681163996 -0.3852565904468866 1.130965581127293 0.9356160971270452
113.8199018395582 0.6693440312436677 -0.3750555027961828 1.120665957440034 0.9879999439076362
113.8513177660941 0.6577264118966021 -0.3644842806305395 1.108315880640072 1.040777888111169
113.88273369263 0.6464465753701454 -0.3535533563647109 1.093836378948506 1.093836378948522
113.9141496191659 0.6355156533189062 -0.342273517693368 1.077152234337149 1.147050625133235
113.9455655457018 0.6249444332678036 -0.33065589642118 1.0581930650469 1.200284424821841
113.9769814722377 0.6147433479822193 -0.3187119575258257 1.036894489124473 1.253390126635537
114.0083973987736 0.6049224643503179 -0.3064534885370815 1.013199359873723 1.306208743998804
114.0398133253095 0.5954914745620642 -0.2938925869422916 0.987059055253062 1.358570238087634
114.0712292518454 0.586459685699334 -0.2810416489496965 0.9584348107097292 1.410293997085745
114.1026451783813 0.5778360114172407 -0.2679133566282645 0.927299068233562 1.461189522319927
114.1340611049172 0.5696289619018958 -0.2545206662473097 0.8936368229079759 1.511057345346461
114.1654770314531 0.5618466368727026 -0.2408767945659732 0.8574469303281992 1.559690176168848
114.196892957989 0.554496716052894 -0.2269952067171151 0.818743351576937 1.606874303117372
114.2283088845249 0.5475864533350089 -0.2128896019286924 0.7775562908321266 1.652391228737074
114.2597248110608 0.5411226679952056 -0.1985739008843766 0.7339331987443213 1.696019553355897
114.2911407375967 0.5351117393277107 -0.1840622313078245 0.6879395939756173 1.737537074137774
114.3225566641326 0.5295595991414632 -0.1693689145712577 0.6396596734238447 1.776723093075091
114.3539725906685 0.5244717270488506 -0.1545084510893368 0.5891966686436128 1.813360887242966
114.3853885172044 0.5198531438446672 -0.1394955064607128 0.5366729226179341 1.847240315937913
114.4168044437403 0.5157084074984293 -0.1243448966419817 0.48222965448863 1.878160501254932
114.4482203702762 0.5120416085906999 -0.1090715733931507 0.4260263965597409 1.905932536663918
114.4796362968121 0.5088563657317901 -0.09369060966552548 0.3682400913197878 1.930382160624154
114.511052223348 0.506155822241185 -0.07821718463685674 0.3090638458875473 1.951352325103751
114.5424681498839 0.5039426433958872 -0.06266656867848823 0.2487053540850024 1.968705594408473
114.5738840764198 0.5022190132368796 -0.04705410838645626 0.1873850070151108 1.982326312551427
114.6053000029557 0.5009866328686583 -0.03139521136522003 0.1253337223186426 1.992122469842265
114.6367159294915 0.5002467183384023 -0.01570533106580889 0.06279053500335254 1.998027220819456
114.6681318560275 0.5000000001753595 4.850444655721202e-08 -8.823646757132205e-15 1.999999999298562
114.6995477825633 0.5002467215152245 0.01570542802274442 -0.0627905346045614 1.998027208130964
114.7309637090992 0.5009866389480807 0.03139530818337471 -0.1253337207977198 1.99212244566806
114.7623796356351 0.502219022469361 0.04705420495499948 -0.1873850035703309 1.982326276109577
114.793795562171 0.5039426556276863 0.06266666491302357 -0.2487053480483646 1.968705546623651
114.8252114887069 0.5061558374999091 0.07821728043806227 -0.3090638365703787 1.951352266277711
114.8566274152428 0.5088563839183553 0.09369070495425132 -0.368240078158849 1.930382091632153
114.8880433417787 0.5120416297155858 0.1090716680737229 -0.4260263789834784 1.905932458032415
114.9194592683146 0.5157084316202948 0.1243449906037687 -0.4822296319327251 1.878160413405414
114.9508751948505 0.5198531707834898 0.139495599654109 -0.5366728948074746 1.847240220213819
114.9822911213864 0.5244717570683041 0.1545085433364314 -0.5891966349194571 1.813360783450721
115.0137070479223 0.529559632133781 0.169369005797451 -0.6396596335721534 1.776722982382711
115.0451229744582 0.5351117750340343 0.1840623215060433 -0.6879395480715406 1.737536958197411
115.0765389009941 0.5411227066365544 0.1985739898648445 -0.7339331463344457 1.696019432243847
115.10795482753 0.5475864945369803 0.2128896897526977 -0.7775562323265387 1.652391104406455
115.1393707540659 0.5544967600042727 0.2269952931979664 -0.818743286680428 1.606874175750823
115.1707866806018 0.5618466835658802 0.2408768795977669 -0.8574468590686546 1.559690046548289
115.2022026071377 0.5696290113468618 0.2545207497089804 -0.8936367453384596 1.511057214183591
115.2336185336736 0.5778360634600872 0.2679134384950912 -0.9272989847162764 1.461189390717806
115.2650344602095 0.5864597402927272 0.2810417291381322 -0.9584347214892808 1.410293865801814
115.2964503867454 0.5954915315534712 0.2938926654444748 -0.9870589607867308 1.358570108065939
115.3278663132813 0.6049225238221309 0.306453565177282 -1.013199260262938 1.306208615581369
115.3592822398172 0.6147434098104653 0.3187120322777449 -1.036894384838082 1.253390000574959
115.3906981663531 0.6249444974211984 0.3306559691874612 -1.058192956418563 1.200284301607192
115.422114092889 0.6355157197111734 0.3422735884228225 -1.077152121807134 1.147050505300986
115.4535300194249 0.6464466439391975 0.3535534249860851 -1.093836262924519 1.093836262924515
115.4849459459608 0.6577264825766276 0.3644843470756377 -1.108315761539184 1.040777776268031
115.5163618724967 0.669344104047958 0.3750555669066725 -1.120665835545641 0.9879998364432839
115.5477777990326 0.6812880428377573 0.3852566523125017 -1.130965457086813 0.9356159945118726
115.5791937255685 0.6935465118583696 0.3950775359047722 -1.139296354124041 0.8837288389075544
115.6106096521044 0.7061074134065162 0.4045085257573312 -1.145742105258399 0.8324303655966298
115.6420255786403 0.7189583515384161 0.4135403144209407 -1.150387324251517 0.7818024182477268
115.6734415051762 0.7320866438692423 0.4221639886811744 -1.153316936694193 0.7319171842106624
115.7048574317121 0.7454793342306515 0.4303710382223095 -1.154615543960378 0.6828377291983705
115.736273358248 0.7591232058097787 0.4381533634334451 -1.154366871328987 0.6346185578503204
115.7676892847839 0.7730047937818337 0.4455032840231032 -1.152653297050358 0.5873061892908348
115.7991052113198 0.787110398515133 0.4524135468529257 -1.149555455210551 0.5409397364947682
115.8305211378557 0.8014260996481336 0.4588773319932755 -1.145151906191873 0.495551481052533
115.8619370643916 0.8159377691636535 0.4648882608050062 -1.139518871446877 0.4511674377593966
115.8933529909275 0.8306310859781785 0.4704404007796104 -1.132730022794911 0.407807901682835
115.9247689174634 0.8454915493896282 0.4755282730741536 -1.1248563240895 0.3654879751288272
115.9561848439993 0.8605044940345877 0.4801468562319191 -1.115965915732154 0.324218069717619
115.9876007705352 0.8756551038664842 0.4842915925351168 -1.106124039992253 0.2840043826236562
116.0190166970711 0.8909284271336887 0.4879583913660852 -1.095392999276589 0.2448493445184692
116.050432623607 0.9063093908383676 0.4911436343414052 -1.083832144583694 0.2067520390717643
116.0818485501429 0.9217828158970425 0.4938441776669855 -1.071497888180913 0.1697085933284663
116.1132644766788 0.9373334318373996 0.4960573566477281 -1.058443737966001 0.1337125395374282
116.1446804032147 0.95294589212421 0.4977809869057715 -1.044720348585452 0.09875514874065243
116.1760963297505 0.9686047891593601 0.499013367178951 -1.030375587234548 0.06482573721714989
116.2075122562864 0.9842946694698183 0.4997532815332087 -1.015454610664616 0.03191194674971084
116.2389281828223 1.000000049040729 0.499999999729496 -0.9999999509592739 9.784794300593618e-16
116.2703441093582 1.015705428559106 0.4997532783147779 -0.9840516081356839 -0.03092506763764614
116.3017600358941 1.031395308723764 0.4990133609336799 -0.9676471474969353 -0.06087919830371517
116.33317596243 1.0470542054974 0.4977809774021693 -0.950821800223936 -0.08987912261313928
116.3645918889659 1.062666665490291 0.4960573444931721 -0.9336085656330801 -0.1179421898083813
116.3960078155018 1.078217281021661 0.4938441625852542 -0.9160383143361012 -0.1450862157319616
116.4274237420377 1.093690705500743 0.4911436159120457 -0.8981398907280214 -0.1713293471758336
116.4588396685736 1.109071668618875 0.4879583700909269 -0.8799402144624757 -0.1966899412985566
116.4902555951095 1.124344991153502 0.4842915681890977 -0.8614643803721946 -0.2211864588908014
116.5216715216454 1.139495600152495 0.4801468288332961 -0.8427357556698163 -0.2448373701503473
116.5530874481813 1.154508543886651 0.475528242711485 -0.8237760745307501 -0.2676610719004551
116.5845033747172 1.169369006306761 0.4704403675179573 -0.8046055298881449 -0.2896758152630842
116.6159193012531 1.184062321984495 0.4648882245360783 -0.7852428614821093 -0.3108996425692271
116.647335227789 1.198573990382362 0.4588772930258079 -0.7657054408390775 -0.3313503328301742
116.6787511543249 1.212889690186329 0.4524135049402956 -0.746009352529841 -0.3510453547508153
116.7101670808608 1.226995293595389 0.4455032394080808 -0.7261694717487537 -0.3700018265019106
116.7415830073967 1.240876880147984 0.4381533161338639 -0.7061995384581258 -0.3882364816437381
116.7729989339326 1.254520750117493 0.4303709881008331 -0.6861122280546824 -0.4057656405465551
116.8044148604685 1.267913438999714 0.4221639361430357 -0.6659192177725736 -0.4226051862039654
116.8358307870044 1.281041729647374 0.4135402593097356 -0.6456312508275808 -0.438770544974248
116.8672467135403 1.293892665970755 0.4045084680641681 -0.6252581961796514 -0.4542766705084246
116.8986626400762 1.306453565669582 0.3950774757415138 -0.6048091054585067 -0.4691380312003986
116.9300785666121 1.318712032697254 0.3852565896575389 -0.5842922667504672 -0.4833686005313195
116.961494493148 1.330655969455706 0.375055501872748 -0.5637152553693431 -0.496981849932369
116.9929104196839 1.342273588716824 0.3644842796175007 -0.5430849817422758 -0.5099907438267433
117.0243263462198 1.35355342526755 0.3535533553814179 -0.5224077365448503 -0.5224077365448464
117.0557422727557 1.364484347274382 0.3422735166703177 -0.5016892332228678 -0.5342447708378312
117.0871581992916 1.375055567362343 0.3306558954331638 -0.4809346480391281 -0.5455132777429031
117.1185741258275 1.385256652664523 0.3187119565500327 -0.4601486580285408 -0.5562241778761485
117.1499900523634 1.395077536516514 0.3064534877283495 -0.4393354760649396 -0.5663878828905007
117.1814059788993 1.404508526238359 0.2938925860690634 -0.4184988850631701 -0.5760142991382963
117.2128219054352 1.413540314741753 0.281041647818477 -0.3976422688410038 -0.5851128302807979
117.2442378319711 1.422163989104877 0.2679133555498267 -0.3767686420721736 -0.5936923814485322
117.275653758507 1.430371038514498 0.2545206651025324 -0.3558806785399103 -0.6017613638890921
117.3070696850429 1.438153363680469 0.2408767934955671 -0.3349807372899592 -0.6093276990996637
117.3384856115788 1.445503284559821 0.2269952056692875 -0.3140708876893323 -0.6163988236524089
117.3699015381147 1.452413547022495 0.2128896007494833 -0.2931529332247949 -0.6229816943810188
117.4013174646506 1.458877332325023 0.198573899686366 -0.2722284333541979 -0.6290827921915437
117.4327333911865 1.464888260851036 0.1840622300509868 -0.2512987253176642 -0.6347081280780371
117.4641493177224 1.470440400921401 0.1693689132737951 -0.2303649437495338 -0.6398632466604232
117.4955652442583 1.475528273305945 0.154508449890357 -0.2094280400893963 -0.6445532312059962
117.5269811707942 1.480146856328602 0.1394955052011626 -0.1884888008553779 -0.6487827079935031
117.5583970973301 1.48429159257129 0.1243448953528249 -0.1675478648599265 -0.6525558495219389
117.589813023866 1.48795839179114 0.1090715721729473 -0.146605740187368 -0.6558763788844796
117.6212289504019 1.491143634290706 0.0936906083644904 -0.1256628203190219 -0.6587475734327457
117.6526448769377 1.493844177730351 0.07821718332579111 -0.1047193993672896 -0.6611722663710242
117.6840608034737 1.496057356579731 0.06266656736632464 -0.08377568748489572 -0.663152851026139
117.7154767300095 1.49778098662014 0.04705410705998384 -0.06283182531972731 -0.6646912823013215
117.7468926565454 1.499013366938427 0.03139521003497816 -0.04188789834313871 -0.6657890786301878
117.7783085830814 1.499753281474822 0.01570532973538215 -0.02094395089253177 -0.6664473235109979
117.8097245096172 1.499999999895021 -4.983688878517235e-08 -4.245854891099032e-15 -0.6666666667133239
117.8411404361531 1.499753278244822 -0.01570542935676781 0.02094395093763948 -0.6664473249463174
117.872556362689 1.499013360697729 -0.03139530951310959 0.0418878985175181 -0.6657890814020041
117.9039722892249 1.497780977343792 -0.04705420630120641 0.06283182570886106 -0.664691286418017
117.9353882157608 1.496057344229884 -0.06266666627215663 0.08377568817645908 -0.6631528565004187
117.9668041422967 1.493844162255493 -0.07821728179110958 0.1047194004520784 -0.6611722732201651
117.9982200688326 1.491143615624767 -0.09369070627493116 0.1256628218920441 -0.6587475816788626
118.0296359953685 1.487958369852347 -0.1090716694026574 0.146605742348957 -0.6558763885548684
118.0610519219044 1.484291567745821 -0.1243449918856161 0.1675478676622345 -0.6525558604362424
118.0924678484403 1.480146828510026 -0.139495600914257 0.1884888043979168 -0.6487827201870332
118.1238837749762 1.475528242369505 -0.1545085446417259 0.2094280444803294 -0.6445532447199267
118.1552997015121 1.470440367224073 -0.1693690070786496 0.230364949028681 -0.6398632613238443
118.186715628048 1.464888224239342 -0.1840623227572396 0.2512987315983209 -0.6347081439411889
118.2181315545839 1.45887729262347 -0.1985739911121365 0.2722284407625521 -0.6290828093112623
118.2495474811198 1.452413504552874 -0.2128896909226408 0.2931529417967907 -0.6229817125974577
118.2809634076557 1.445503239111797 -0.226995294378952 0.3140708975640267 -0.6163988430325856
118.3123793341916 1.438153315551885 -0.2408768807798926 0.3349807485002643 -0.6093277194911512
118.3437952607275 1.43037098798091 -0.2545207510170712 0.355880691112814 -0.6017613851487283
118.3752111872634 1.422163935842146 -0.2679134397994735 0.3767686561828735 -0.5936924036834352
118.4066271137993 1.413540258624195 -0.2810417301939773 0.3976422846273973 -0.5851128535097864
118.4380430403352 1.404508467508615 -0.2938926666032333 0.4184989025627683 -0.576014323224425
118.4694589668711 1.395077475209303 -0.3064535663183288 0.4393354953716969 -0.5663879077806372
118.500874893407 1.385256589086709 -0.3187120333142401 0.4601486791475503 -0.5562242034046441
118.5322908199429 1.375055501513658 -0.3306559702584304 0.4809346710701292 -0.5455133038664598
118.5637067464788 1.364484279153737 -0.3422735894333843 0.5016892582692504 -0.5342447975095179
118.5951226730147 1.353553354834481 -0.3535534259084639 0.5224077637286854 -0.5224077637286948
118.6265385995506 1.342273516108261 -0.3644843479028647 0.5430850111197614 -0.5099907714140368
118.6579545260865 1.330655894789235 -0.3750555679017195 0.5637152870008268 -0.496981877819286
118.6893704526224 1.318711956070241 -0.3852566534012452 0.5842923007022052 -0.4833686286186524
118.7207863791583 1.306453486989797 -0.3950775369330792 0.6048091418824924 -0.4691380594537503
118.7522023056942 1.293892585284204 -0.404508526584065 0.625258235170461 -0.4542766988369182
118.7836182322301 1.281041647132525 -0.4135403152222363 0.6456312924141736 -0.4387705732364794
118.815034158766 1.267913354860996 -0.4221639895804861 0.6659192619629607 -0.4226052142480498
118.8464500853019 1.254520664453945 -0.4303710390586318 0.6861122749050879 -0.4057656682538193
118.8778660118378 1.240876792709317 -0.4381533639812842 0.7061995882206326 -0.3882365090009195
118.9092819383737 1.226995204864591 -0.4455032848143556 0.7261695242620727 -0.3700018532587948
118.9406978649096 1.212889600108273 -0.4524135476117849 0.7460094079339495 -0.3510453808220215
118.9721137914455 1.198573898897847 -0.4588773325913045 0.7657054992836937 -0.3313503581214168
119.0035297179814 1.184062229382463 -0.4648882614111041 0.7852429228936446 -0.3108996668837856
119.0349456445173 1.16936891258703 -0.4704404014520499 0.8046055943737048 -0.289675838479326
119.0663615710532 1.154508449073825 -0.4755282734589535 0.8237761421825146 -0.2676610938818575
119.0977774975891 1.139495504452252 -0.4801468566961284 0.8427358264467665 -0.2448373907129509
119.1291934241249 1.124344894571529 -0.4842915928232832 0.8614644543725534 -0.2211864778908759
119.1606093506609 1.10907157131203 -0.4879583916850243 0.8799402916659748 -0.1966899585555819
119.1920252771967 1.09369060759246 -0.4911436345903232 0.898139971130405 -0.1713293625134204
119.2234412037326 1.078217182526432 -0.4938441778729883 0.9160383980162771 -0.1450862289855981
119.2548571302685 1.062666566561937 -0.496057356667421 0.9336086525468495 -0.1179422007881558
119.2862730568044 1.047054106277945 -0.4977809869130055 0.9508218903243609 -0.08987913113014925
119.3176889833403 1.03139520923894 -0.4990133670764149 0.9676472408328415 -0.06087920417591122
119.3491049098762 1.015705328940978 -0.4997532816632346 0.9840517046492846 -0.03092507067072079
119.3805208364121 0.9999999493666444 -0.4999999999034869 1.000000050633358 -1.175908578976292e-14
119.411936762948 0.984294569844862 -0.4997532784042061 1.015454713443423 0.03191194997965202
119.4433526894839 0.9686046896893465 -0.4990133608015649 1.030375693048071 0.06482574387435928
119.4747686160198 0.952945792917179 -0.4977809772629466 1.044720457346733 0.098755159021607
119.5061845425557 0.9373333329689912 -0.4960573439985145 1.058443849608941 0.1337125536411977
119.5376004690916 0.9217827174463702 -0.493844162096803 1.071498002621863 0.1697086114541181
119.5690163956275 0.906309292902574 -0.4911436158059674 1.083832261702612 0.2067520614133784
119.6004323221634 0.8909283298592164 -0.4879583696254771 1.095393118875186 0.2448493712519084
119.6318482486993 0.8756550073459533 -0.484291567659908 1.10612416191662 0.284004413928498
119.6632641752352 0.8605043983264149 -0.4801468283945536 1.11596603985361 0.324218105778237
119.6946801017711 0.8454914545472924 -0.4755282424161208 1.124856450269374 0.3654880161271377
119.726096028307 0.8306309921750317 -0.4704403670759125 1.132730150714103 0.4078079477365614
119.7575119548429 0.8159376764447245 -0.4648882242237531 1.139519000935902 0.4511674890277115
119.7889278813788 0.8014260081618587 -0.4588772924303227 1.145152036915965 0.4955515376218817
119.8203438079147 0.7871103083043576 -0.4524135044619515 1.149555586961193 0.5409397984919164
119.8517597344506 0.7730047049688097 -0.4455032387766947 1.152653429482451 0.5873062567683378
119.8831756609865 0.7591231184524007 -0.4381533154367118 1.154367004169708 0.6346186308801269
119.9145915875224 0.7454792484346715 -0.4303709874874596 1.154615676843189 0.6828378077850263
119.9460075140583 0.7320865597102568 -0.4221639352749534 1.153317069276862 0.731917268350162
119.9774234405942 0.7189582691136246 -0.4135402583752672 1.150387456137395 0.7818025078772556
120.0088393671301 0.7061073327951251 -0.4045084671334913 1.145742236059851 0.8324304606294495
120.040255293666 0.6935464331153404 -0.3950774747943361 1.139296483476093 0.8837289392432671
120.0716712202019 0.6812879659948862 -0.3852565888292092 1.130965584649085 0.9356161000405377
120.1030871467378 0.6693440293102211 -0.3750555009581545 1.120665960677163 0.9879999467615342
120.1345030732737 0.6577264100123205 -0.3644842787427721 1.108315883815214 1.04077789109284
120.1659189998096 0.6464465734392348 -0.3535533545255313 1.093836382215776 1.093836382215744
120.1973349263455 0.6355156514846378 -0.3422735157588621 1.077152237446091 1.147050628443938
120.2287508528814 0.6249444316303845 -0.3306558943109213 1.058193067819484 1.200284427966703
120.2601667794173 0.6147433463065614 -0.3187119554522815 1.036894491950816 1.253390130052016
120.2915827059532 0.6049224625873322 -0.3064534865309958 1.0131993628266 1.306208747805611
120.3229986324891 0.5954914730320224 -0.2938925847588191 0.9870590577891789 1.358570241578319
120.354414559025 0.5864596843362597 -0.2810416466529712 0.9584348129373741 1.410294000363602
120.3858304855609 0.5778360100101347 -0.2679133543640796 0.9272990704916459 1.46118952587812
120.4172464120968 0.5696289606813955 -0.2545206638721105 0.8936368248227143 1.511057348584082
120.4486623386327 0.5618466355691126 -0.240876792240739 0.8574469323176269 1.559690179787629
120.4800782651686 0.554496714927027 -0.2269952042989842 0.8187433532393272 1.606874306380024
120.5114941917045 0.5475864522304035 -0.2128895995022912 0.7775562924006217 1.652391232070325
120.5429101182404 0.5411226669925178 -0.1985738984137617 0.7339332001042709 1.696019556498588
120.5743260447763 0.5351117384456398 -0.1840622287900266 0.6879395951095957 1.737537077001912
120.6057419713122 0.5295595983799429 -0.1693689120122342 0.6396596743436793 1.776723095630069
120.6371578978481 0.524471726082912 -0.1545084486003279 0.5891966697287708 1.813360890582694
120.668573824384 0.5198531430943402 -0.1394955039028649 0.5366729233925251 1.84724031860412
120.6999897509199 0.515708406922977 -0.1243448940376125 0.4822296550267388 1.87816050335067
120.7314056774558 0.5120416080818788 -0.1090715707753894 0.4260263969830748 1.905932538557866
120.7628216039916 0.5088563651080947 -0.09369060707074629 0.3682400917711466 1.930382162990183
120.7942375305276 0.5061558217508221 -0.07821718201567862 0.3090638461869545 1.95135232699422
120.8256534570634 0.503942642968441 -0.06266656604571021 0.2487053542959697 1.968705596078336
120.8570693835993 0.5022190129556732 -0.04705410573559875 0.1873850071200474 1.982326313661386
120.8884853101352 0.5009866327747768 -0.03139520870027505 0.1253337223421439 1.992122470215574
120.9199012366711 0.5002467183826159 -0.01570532839751649 0.06279053499778917 1.998027220642864
120.951317163207 0.5000000000505986 5.116999769038261e-08 5.877066674039376e-15 1.999999999797605
120.9827330897429 0.5002467216260181 0.01570543068617196 -0.0627905345906684 1.998027207688444
121.0141490162788 0.5009866391980941 0.03139531083856029 -0.1253337207351583 1.992122444673908
121.0455649428147 0.5022190226666015 0.04705420761389902 -0.1873850034967514 1.982326275331041
121.0769808693506 0.5039426558904275 0.06266666756668378 -0.2487053479186823 1.968705545597226
121.1083967958865 0.5061558378553993 0.07821728308063972 -0.3090638363533262 1.951352264907209
121.1398127224224 0.5088563843065699 0.09369070759385546 -0.3682400778778986 1.930382090159437
121.1712286489583 0.5120416303965586 0.1090716706528836 -0.4260263784169118 1.90593245549768
121.2026445754942 0.5157084323729367 0.1243449931625291 -0.4822296312289294 1.878160410664368
121.2340605020301 0.519853171561462 0.1394956022037779 -0.5366728940043441 1.847240217449378
121.265476428566 0.524471757822458 0.1545085458940551 -0.5891966340722458 1.81336078084323
121.2968923551019 0.5295596330902765 0.1693690082860838 -0.6396596324167811 1.776722979173582
121.3283082816378 0.5351117761177039 0.1840623239438546 -0.6879395466783872 1.737536954678672
121.3597242081737 0.5411227077237598 0.1985739922986912 -0.7339331448598397 1.696019428836267
121.3911401347096 0.5475864957088588 0.2128896921470082 -0.7775562306625181 1.652391100870202
121.4225560612455 0.5544967613525594 0.2269952955024232 -0.8187432846896008 1.606874171843634
121.4539719877814 0.5618466847093523 0.2408768820107662 -0.8574468573235867 1.559690043373998
121.4853879143173 0.5696290128038316 0.2545207519440396 -0.8936367430527473 1.511057210318688
121.5168038408532 0.5778360649470992 0.2679134407084162 -0.9272989823299612 1.461189386957553
121.5482197673891 0.586459741895048 0.2810417312719913 -0.9584347188706223 1.410293861948641
121.579635693925 0.595491533022145 0.2938926676721865 -0.9870589583523354 1.358570104715261
121.6110516204609 0.6049225254762219 0.3064535672676587 -1.013199257492452 1.306208612009699
121.6424675469968 0.6147434113877056 0.3187120344325075 -1.036894382177742 1.253389997359143
121.6738834735327 0.6249444992863981 0.3306559710966724 -1.058192953260288 1.20028429802485
121.7052994000686 0.6355157216324685 0.3422735902752924 -1.077152118550689 1.147050501833208
121.7367153266045 0.6464466459155561 0.3535534267792829 -1.093836259580363 1.093836259580376
121.7681312531404 0.6577264846375335 0.3644843487747484 -1.108315758066419 1.040777773006873
121.7995471796763 0.6693441059332547 0.3750555687987214 -1.12066583238913 0.9879998336604592
121.8309631062122 0.6812880449204025 0.3852566539765043 -1.130965453629545 0.9356159916517587
121.8623790327481 0.6935465138714771 0.3950775376582655 -1.139296350817094 0.8837288363424104
121.893794959284 0.706107415534081 0.4045085273636005 -1.14574210180617 0.832430363088451
121.9252108858199 0.7189583536586396 0.4135403160429419 -1.150387320859006 0.7818024159421669
121.9566268123558 0.7320866460970612 0.4221639901447578 -1.153316933184529 0.7319171819833512
121.9880427388917 0.7454793364807154 0.430371039653496 -1.154615540475432 0.6828377271373683
122.0194586654276 0.7591232081296446 0.4381533647457424 -1.154366867801259 0.6346185559109466
122.0508745919635 0.7730047961214946 0.4455032853015679 -1.152653293561616 0.5873061875132217
122.0822905184994 0.7871104008421107 0.4524135481671717 -1.149555451812053 0.5409397348955669
122.1137064450353 0.8014261020546438 0.4588773331430694 -1.145151902753232 0.4955514795644906
122.1451223715711 0.8159377716240478 0.4648882618306267 -1.139518868010747 0.451167436398946
122.1765382981071 0.8306310884407144 0.4704404018077546 -1.132730019436759 0.4078079004738168
122.2079542246429 0.8454915518736 0.4755282740541244 -1.124856320784779 0.3654879740550674
122.2393701511788 0.8605044966003998 0.4801468569531955 -1.115965912404617 0.3242180687508888
122.2707860777147 0.8756551064711465 0.4842915931072171 -1.106124036702052 0.2840043817788847
122.3022020042506 0.8909284297333888 0.4879583919526185 -1.095392996080269 0.2448493438039993
122.3336179307865 0.9063093934264045 0.4911436349973963 -1.083832141488726 0.2067520384813757
122.3650338573224 0.9217828185278415 0.4938441780930902 -1.071497885122823 0.169708592844105
122.3964497838583 0.9373334344998322 0.49605735683709 -1.058443734959562 0.1337125391576345
122.4278657103942 0.9529458947983148 0.4977809869372767 -1.044720345653816 0.09875514846352393
122.4592816369301 0.9686047918220556 0.4990133673031544 -1.030375584402044 0.06482573703895143
122.490697563466 0.9842946721301539 0.4997532817322649 -1.015454607920062 0.03191194666345278
122.5221134900019 1.000000051705969 0.4999999999380779 -0.999999948294034 -5.882018215591376e-15
122.5535294165378 1.015705431225596 0.4997532783151193 -0.9840516055522934 -0.03092506755646659
122.5849453430737 1.031395311375792 0.4990133606424442 -0.9676471450088237 -0.06087919814716933
122.6163612696096 1.047054208170363 0.497780977359652 -0.9508217977966387 -0.08987912238369872
122.6477771961455 1.062666668105573 0.4960573439312981 -0.9336085633354169 -0.1179421895181254
122.6791931226814 1.078217283617115 0.493844161935539 -0.9160383121310411 -0.1450862153827075
122.7106090492173 1.093690708166349 0.4911436156624623 -0.8981398885390222 -0.1713293467582661
122.7420249757532 1.109071671184554 0.4879583693513683 -0.8799402124268608 -0.196689940843536
122.7734409022891 1.124344993693105 0.484291567362805 -0.8614643784263682 -0.2211864583912045
122.804856828825 1.139495602771741 0.4801468282950009 -0.8427357537327045 -0.2448373695875576
122.8362727553609 1.154508546494131 0.4755282421109822 -0.823776072670234 -0.267661071295943
122.8676886818968 1.169369008803007 0.470440366582793 -0.8046055281705596 -0.2896758146447088
122.8991046084327 1.184062324449555 0.4648882235213919 -0.7852428598473362 -0.3108996419219808
122.9305205349686 1.198573992924991 0.4588772921897857 -0.765705439214734 -0.3313503321272384
122.9619364615045 1.212889692625791 0.4524135038639336 -0.7460093510294039 -0.3510453540447696
122.9933523880404 1.226995296019919 0.4455032382952503 -0.726169470313853 -0.3700018257707856
123.0247683145763 1.240876882499052 0.4381533148775051 -0.7061995371200992 -0.3882364809081581
123.0561842411122 1.254520752430824 0.4303709867762201 -0.6861122267894976 -0.4057656397983201
123.0876001676481 1.267913441175563 0.4221639345969666 -0.6659192166297954 -0.4226051854787427
123.119016094184 1.281041731735622 0.4135402576402663 -0.6456312497751294 -0.4387705442589959
123.1504320207199 1.293892668014113 0.4045084663418291 -0.6252581951922199 -0.4542766697910203
123.1818479472558 1.30645356770022 0.3950774740104354 -0.6048091045184474 -0.4691380304712067
123.2132638737917 1.318712034733346 0.3852565879370324 -0.5842922658483163 -0.4833685997850021
123.2446798003276 1.330655971498279 0.3750555001590767 -0.5637152545040299 -0.4969818491694997
123.2760957268635 1.342273590747014 0.3644842778857161 -0.5430849809208629 -0.5099907430553777
123.3075116533994 1.353553427243574 0.3535533535878653 -0.5224077357821948 -0.522407735782198
123.3389275799353 1.364484349128907 0.3422735147552479 -0.5016892325410061 -0.5342447701117142
123.3703435064712 1.375055569000142 0.3306558933235552 -0.4809346474662938 -0.5455132770931576
123.4017594330071 1.385256654550042 0.3187119546505848 -0.4601486574022212 -0.5562241771190499
123.433175359543 1.395077537923231 0.3064534854461219 -0.4393354756219345 -0.5663878823193901
123.4645912860789 1.404508527592887 0.2938925837585194 -0.4184988846595681 -0.5760142985827769
123.4960072126148 1.41354031644679 0.2810416457544659 -0.3976422683613569 -0.5851128295750274
123.5274231391507 1.422163990396926 0.2679133532129575 -0.3767686417298888 -0.5936923809091492
123.5588390656866 1.430371039746517 0.2545206627345624 -0.355880678233376 -0.6017613633707801
123.5902549922225 1.438153365124512 0.2408767912479609 -0.3349807369536112 -0.6093276984878383
123.6216709187584 1.445503285579246 0.2269952031973282 -0.3140708874678332 -0.6163988232177029
123.6530868452943 1.452413548349745 0.2128895984282961 -0.2931529329569093 -0.622981693811721
123.6845027718302 1.458877333527385 0.198573897302578 -0.2722284331298313 -0.6290827916730749
123.7159186983661 1.464888261867582 0.1840622275868946 -0.2512987251432823 -0.6347081276375852
123.747334624902 1.470440401878856 0.1693689107857179 -0.2303649435995309 -0.6398632462437878
123.7787505514378 1.475528274184913 0.15450844737344 -0.2094280399646454 -0.6445532308220362
123.8101664779738 1.480146857241664 0.1394955026908458 -0.1884888007391 -0.6487827075932885
123.8415824045096 1.48429159344726 0.1243448928258843 -0.1675478647610512 -0.6525558491368253
123.8729983310455 1.487958392120077 0.1090715695152954 -0.1466057401549633 -0.6558763787394866
123.9044142575815 1.491143634925903 0.09369060577221362 -0.1256628202654876 -0.6587475731521336
123.9358301841173 1.493844178105452 0.07821718068664456 -0.1047193993409903 -0.6611722662050062
123.9672461106532 1.496057356827557 0.06266656471109421 -0.08377568747101355 -0.663152850916287
123.9986620371891 1.497780986848666 0.04705410440440912 -0.06283182531013608 -0.6646912821999054
124.030077963725 1.499013367229608 0.03139520738267872 -0.04188789833499749 -0.6657890785008596
124.0614938902609 1.499753281787767 0.01570532707853477 -0.02094395088816641 -0.666447323371934
124.0929098167968 1.499999999650149 -5.250208120613156e-08 3.278104411222609e-16 -0.6666666668221561
124.1243257433327 1.499753278144956 -0.01570543202004284 0.0209439509390292 -0.6664473249906953
124.1557416698686 1.499013360715412 -0.03139531218464064 0.04188789851702852 -0.6657890813941496
124.1871575964045 1.497780977298193 -0.04705420897390927 0.06283182571076908 -0.6646912864382538
124.2185735229404 1.496057343899207 -0.06266666891665942 0.08377568819497136 -0.6631528566469976
124.2499894494763 1.493844161973467 -0.07821728444470719 0.1047194004718437 -0.66117227334499
124.2814053760122 1.49114361529753 -0.09369070892558275 0.1256628219196258 -0.6587475818234264
124.3128213025481 1.487958369108484 -0.1090716719671504 0.1466057424222436 -0.6558763888827562
124.344237229084 1.484291567176875 -0.1243449944910458 0.1675478677264619 -0.6525558606863732
124.3756531556199 1.480146827903368 -0.1394956035133131 0.1884888044751668 -0.6487827204529469
124.4070690821558 1.475528241492818 -0.1545085471590385 0.2094280446047658 -0.6445532451028874
124.4384850086917 1.470440366571478 -0.1693690096760996 0.2303649491309143 -0.639863261607823
124.4699009352276 1.464888223526675 -0.1840623253412375 0.2512987317205819 -0.6347081442499722
124.5013168617635 1.458877291553047 -0.1985739935525193 0.2722284409622899 -0.6290828097728418
124.5327327882994 1.452413503527157 -0.2128896933850446 0.2931529420038241 -0.6229817130374152
124.5641487148353 1.445503237791094 -0.2269952966966725 0.3140708978509684 -0.6163988435957732
124.5955646413712 1.438153314275711 -0.2408768831191033 0.3349807487975203 -0.6093277200318481
124.6269805679071 1.430370986375137 -0.2545207531631854 0.3558806915123394 -0.6017613858242797
124.658396494443 1.422163934189027 -0.2679134419063075 0.3767686566208323 -0.5936924043735389
124.6898124209789 1.41354025716484 -0.281041732423871 0.3976422850379316 -0.5851128541138607
124.7212283475148 1.404508465819621 -0.2938926686696491 0.4184989030660305 -0.5760143239171149
124.7526442740507 1.395077473484841 -0.3064535683528827 0.4393354959147658 -0.5663879084807494
124.7840602005866 1.385256587484275 -0.3187120354467051 0.4601486796798358 -0.556224204048075
124.8154761271225 1.37505549958352 -0.3306559721089322 0.4809346717452113 -0.5455133046321827
124.8468920536584 1.364484277428185 -0.3422735914680833 0.501689258903692 -0.5342447981851377
124.8783079801943 1.353553353129677 -0.353553427971714 0.5224077643866631 -0.5224077643866655
124.9097239067302 1.342273514344503 -0.3644843499168517 0.5430850118333685 -0.5099907720841808
124.9411398332661 1.330655892884945 -0.3750555697706224 0.5637152878075583 -0.4969818785305086
124.972555759802 1.318711953909451 -0.3852566549692506 0.5842923016596 -0.4833686294106855
125.0039716863379 1.306453484754292 -0.3950775383981183 0.6048091429173993 -0.4691380602564997
125.0353876128738 1.293892583050342 -0.4045085280422401 0.625258236249945 -0.4542766996212163
125.0668035394097 1.281041644868001 -0.4135403166302111 0.6456312935554726 -0.4387705740120989
125.0982194659456 1.267913352522799 -0.4221639908685845 0.6659192631909994 -0.4226052150273935
125.1296353924815 1.254520662111466 -0.4303710403320741 0.6861122761862198 -0.4057656690114724
125.1610513190173 1.240876790416561 -0.4381533653418382 0.7061995895254684 -0.3882365097182657
125.1924672455533 1.22699520252218 -0.4455032860865578 0.7261695256483786 -0.3700018539651467
125.2238831720891 1.212889597656559 -0.4524135486599984 0.746009409441917 -0.3510453815316237
125.255299098625 1.198573896538287 -0.4588773338482517 0.7657055007910893 -0.3313503587737318
125.286715025161 1.18406222683099 -0.4648882622050835 0.7852429245857252 -0.3108996675537214
125.3181309516968 1.16936891001542 -0.4704404021751241 0.80460559614315 -0.2896758391163592
125.3495468782328 1.154508446604471 -0.4755282744816106 0.8237761439444742 -0.2676610944543466
125.3809628047686 1.139495501954355 -0.4801468576486673 0.8427358282941325 -0.244837391249667
125.4123787313045 1.124344891985978 -0.4842915934668955 0.8614644563535845 -0.2211864783995119
125.4437946578404 1.109071568708827 -0.4879583922527502 0.8799402937313615 -0.1966899590172572
125.4752105843763 1.093690605022376 -0.4911436353361296 0.8981399732409618 -0.1713293629160242
125.5066265109122 1.078217179908272 -0.4938441783738449 0.9160384002406289 -0.1450862293379077
125.5380424374481 1.062666563933572 -0.4960573571192941 0.9336086548560081 -0.1179422010798638
125.569458363984 1.047054103627332 -0.4977809871817362 0.9508218927313615 -0.08987913135768487
125.6008742905199 1.03139520658082 -0.4990133672557907 0.9676472433266693 -0.06087920433281672
125.6322902170558 1.015705326272397 -0.4997532815638415 0.9840517072347016 -0.03092507075197802
125.6637061435917 0.9999999467024636 -0.5000000000028787 1.000000053297539 -4.898587457672057e-15
