# Relativistic precessing orbit
# eps = 0.01
# phi u u_prime x y
0 1 -0.5 1 0
0.03141592653589793 0.9842995033896486 -0.4994440795967834 1.015449623741264 0.03191179002931378
0.06283185307179587 0.9686240630669082 -0.4984049704752765 1.030355084580768 0.06482444729950518
0.09424777960769379 0.9529888466674442 -0.496883524152881 1.044673259382323 0.09875069750040256
0.1256637061435917 0.9374089878218678 -0.4948810592026617 1.05835842647479 0.1337017621897613
0.1570796326794897 0.921899571322738 -0.492399362171572 1.071362186640358 0.1696871003159046
0.1884955592153876 0.906475618474614 -0.4894406858499014 1.08363339367213 0.2067141253076872
0.2199114857512855 0.8911520726908999 -0.4860077467051878 1.095118096950495 0.2447878965683633
0.2513274122871835 0.875943784476651 -0.4821037249576203 1.105759499974452 0.2839107846554779
0.2827433388230814 0.8608654974742899 -0.4777322596391537 1.115497936082196 0.3240821090609006
0.3141592653589793 0.8459318335944679 -0.4728974474907082 1.124270867374736 0.3652977487109055
0.3455751918948773 0.8311572791724391 -0.4676038379588073 1.132012908424546 0.4075497246231948
0.3769911184307752 0.8165561701792374 -0.4618564310521567 1.138655881669673 0.4508257559352874
0.4084070449666731 0.8021426790309404 -0.4556606706745929 1.144128905835942 0.4951087892674786
0.439822971502571 0.7879307995571841 -0.4490224425592371 1.148358527137828 0.5403765048965721
0.471238898038469 0.7739343343721605 -0.4419480663597102 1.151268892742922 0.5866008000637909
0.5026548245743669 0.760166880345392 -0.4344442919772546 1.15278197814367 0.6337472554484669
0.5340707511102648 0.7466418160662658 -0.4265182917056048 1.15281786859839 0.6817745869529399
0.5654866776461628 0.7333722879802348 -0.4181776548925655 1.15129510528324 0.730634090980866
0.5969026041820608 0.7203711974650887 -0.4094303806731067 1.148131098501679 0.7802690888114955
0.6283185307179586 0.7076511889065848 -0.4002848693161317 1.143242613108566 0.8306143782513521
0.6597344572538566 0.6952246358188787 -0.3907499163102053 1.136546335768146 0.8815957060138649
0.6911503837897546 0.6831036297624036 -0.380834702370802 1.127959520642261 0.933129267619904
0.7225663103256524 0.6712999678543544 -0.3705487854417588 1.117400723298119 0.9851212527796968
0.7539822368615503 0.6598251410869478 -0.3599020915159271 1.10479062107358 1.037467449029019
0.7853981633974483 0.6486903229308711 -0.3489049050848637 1.090052920770797 1.090052920770797
0.8168140899333461 0.6379063583096092 -0.3375678591530613 1.073115351511267 1.142751781551619
0.8482300164692441 0.6274837530596539 -0.3259019247616329 1.053910738085329 1.195427078347234
0.8796459430051421 0.6174326623861597 -0.3139184012932739 1.032378150007923 1.247930810459601
0.91106186954104 0.6077628824336941 -0.301628903999016 1.00846410889504 1.300104095221535
0.9424777960769379 0.5984838387470155 -0.2890453541330593 0.9821238507008965 1.351777511768244
0.9738937226128359 0.5896045786265061 -0.2761799659120568 0.953322613541288 1.402771627386714
1.005309649148734 0.5811337604284493 -0.2630452357525637 0.9220369413471187 1.452897737139763
1.036725575684632 0.5730796458785949 -0.2496539292473148 0.8882559682781165 1.501958817058195
1.06814150222053 0.5654500920546464 -0.2360190684857789 0.8519826610182206 1.549750707192697
1.099557428756428 0.5582525421744251 -0.2221539199331354 0.8132349885434077 1.596063531959653
1.130973355292326 0.5514940198921719 -0.2080719803121586 0.7720469782216696 1.640683343480191
1.162389281828223 0.5451811207027415 -0.1937869640203842 0.728469632482605 1.683393996661128
1.193805208364122 0.5393200067710445 -0.1793127888085454 0.6825716607263865 1.723979222382095
1.225221134900019 0.5339163992108952 -0.1646635625842752 0.6344399998687643 1.762224892033295
1.256637061435917 0.5289755735917517 -0.1498535688050405 0.5841800827904352 1.797921423549799
1.288052987971815 0.5245023540782655 -0.1348972524438419 0.5319158319689803 1.83086630252502
1.319468914507713 0.5205011087523157 -0.1198092054785643 0.4777893514213351 1.860866662609817
1.350884841043611 0.5169757450167761 -0.104604152331446 0.421960301811575 1.887741874441476
1.382300767579509 0.5139297059341013 -0.08929693503478207 0.3646049497083392 1.911326080953652
1.413716694115407 0.5113659664483099 -0.07390249840399253 0.3059148932549146 1.93147062064987
1.445132620651305 0.5092870309487721 -0.05843587493296417 0.2460954745515819 1.948046270619195
1.476548547187203 0.507694929974963 -0.04291216981115131 0.1853639021432718 1.960945256341591
1.507964473723101 0.5065912187935282 -0.0273465456366377 0.1239471139646917 1.970082961179471
1.539380400258999 0.5059769754823538 -0.01175420720444494 0.06207942376860954 1.975399294430128
1.570796326794897 0.5058528004167105 0.003849613811135771 1.21047743349302e-16 1.976859669801614
1.602212253330795 0.5062188145475544 0.0194496741631701 -0.0620497661790829 1.974455574629452
1.633628179866692 0.5070746605420104 0.03503073439396321 -0.1238289435764678 1.96820469664464
1.66504410640259 0.5084195021236995 0.05057757418749484 -0.1850997314725698 1.958150622555894
1.696460032938488 0.5102520257640626 0.06607500764375521 -0.2456300558074755 1.944362101902219
1.727875959474386 0.5125704413652803 0.08150789859893853 -0.3051960324195689 1.926931911961867
1.759291886010284 0.5153724842517892 0.09686117584824983 -0.3635842430698687 1.905975349372328
1.790707812546182 0.518655417888345 0.1121198482028467 -0.4205937774345277 1.881628395808719
1.82212373908208 0.5224160354602366 0.1272690197933693 -0.4760380047403494 1.854045617637543
1.853539665617978 0.526650664647737 0.1422939046946455 -0.5297460437571826 1.823397842513421
1.884955592153876 0.5313551701449855 0.1571798420150596 -0.5815639175781974 1.789869694945565
1.916371518689774 0.536524958262197 0.1719123104937761 -0.6313553825016129 1.753657037692591
1.947787445225672 0.5421549815467286 0.1864769430274693 -0.6790024351237085 1.714964387555136
1.97920337176157 0.5482397436999205 0.2008595410928649 -0.7244055090835588 1.67400236161338
2.010619298297468 0.554773305438514 0.2150460887801886 -0.7674833799519617 1.630985203498228
2.042035224833366 0.5617492902690107 0.2290227668173911 -0.8081728052066424 1.586128437762124
2.073451151369263 0.5691608901496785 0.2427759667194954 -0.8464279300269962 1.539646689029198
2.104867077905161 0.577000873609569 0.2562923036800486 -0.8822194887954661 1.491751687686993
2.136283004441059 0.5852615922716661 0.2695586301823323 -0.9155338434206989 1.442650494499041
2.167698930976957 0.5939349885369141 0.282562049018157 -0.9463718903591688 1.392543948811592
2.199114857512855 0.6030126038976976 0.295289925862969 -0.9747478717579044 1.341625347705334
2.230530784048753 0.6124855868902619 0.3077299020796149 -1.000688125193042 1.290079357438433
2.261946710584651 0.6223447025015577 0.3198699064854922 -1.024229799316231 1.238081146475029
2.293362637120549 0.6325803411147658 0.3316981673762235 -1.045419565455123 1.185795733564174
2.324778563656447 0.6431825282431083 0.3432032239127867 -1.064312346603335 1.133377533454824
2.356194490192345 0.6541409344058726 0.3543739373347215 -1.080970084571731 1.080970084571732
2.387610416728243 0.6654448850033599 0.3651995022141611 -1.095460561572625 1.028705939974627
2.419026343264141 0.6770833717602409 0.3756694561225745 -1.107856286117861 0.9767066995079391
2.450442269800039 0.6890450631563069 0.385773690204208 -1.118233456671616 0.9250831677522563
2.481858196335937 0.7013183156668803 0.3955024589430102 -1.126671006195433 0.873935615199449
2.513274122871834 0.7138911853988986 0.4048463894252901 -1.133249731782156 0.8233541249904051
2.544690049407732 0.7267514401671034 0.4137964899482795 -1.13805151054725 0.7734190079112742
2.57610597594363 0.7398865713184415 0.4223441589106309 -1.141158602186095 0.7242012705058015
2.607521902479528 0.7532838060705163 0.4304811930366872 -1.142653034709428 0.6757631209487586
2.638937829015426 0.7669301204526201 0.4381997945865409 -1.142616069801369 0.6281585000435216
2.670353755551324 0.7808122518967491 0.4454925790442216 -1.141127744888653 0.5814336271449547
2.701769682087222 0.7949167125305587 0.4523525815807833 -1.138266485284438 0.535627550475868
2.73318560862312 0.8092298021188951 0.4587732641609602 -1.134108782549683 0.4907726947214311
2.764601535159018 0.823737622155591 0.4647485202189303 -1.128728931252616 0.446895398223228
2.796017461694916 0.8384260889402223 0.4702726813925508 -1.122198821536561 0.4040164359311139
2.827433388230814 0.8532809475400537 0.4753405224380485 -1.11458777913298 0.3621515226207978
2.858849314766712 0.8682877859804706 0.4799472653139392 -1.105962448374855 0.3213117937898808
2.89026524130261 0.8834320494643965 0.4840885828113206 -1.096386713291486 0.2815042620602563
2.921681167838508 0.8986990541470838 0.4877606037720431 -1.085921652454555 0.2427322476750273
2.953097094374406 0.914074001739858 0.490959915727227 -1.074625521411825 0.2049957817737524
2.984513020910303 0.9295419941748631 0.4936835665446 -1.06255375957693 0.1682919825253241
3.015928947446201 0.9450880477504809 0.4959290685335847 -1.04975901840673 0.1326154043135192
3.047344873982099 0.9606971080583728 0.4976943983776202 -1.036291205888161 0.09795836016277072
3.078760800517997 0.9763540643139956 0.4989780007611536 -1.022197545855973 0.06431121846502617
3.110176727053895 0.9920437643127976 0.4997787870570707 -1.007522648013521 0.0316626747811745
3.141592653589793 1.00775102896615 0.500096137442272 -0.9923085873957367 1.215227535320621e-16
3.173008580125691 1.023460667072245 0.4999298993386368 -0.9765949904308115 -0.03069073398588236
3.204424506661589 1.039157490014059 0.499280389349976 -0.9604191260891258 -0.0604244497419384
3.235840433197487 1.054826326364197 0.4981483889028298 -0.9438160005302569 -0.08921687956242953
3.267256359733385 1.07045203668748 0.4965351467599599 -0.9268184536175784 -0.1170843991778915
3.298672286269283 1.086019527985104 0.4944423742702768 -0.9094572566550431 -0.144043878594397
3.330088212805181 1.10151376830057 0.4918722444326251 -0.8917612098886192 -0.1701125487290269
3.361504139341079 1.116919801140915 0.4888273888807646 -0.8737572392770411 -0.1953078826015197
3.392920065876976 1.132222759872089 0.485310894955557 -0.85547049172378 -0.2196474898569871
3.424335992412875 1.147407881919042 0.4813263019052126 -0.8369244283653079 -0.243149023495129
3.455751918948772 1.162460523036207 0.4768775974187771 -0.8181409152812418 -0.2658300976688929
3.487167845484671 1.177366171204938 0.4719692127745423 -0.799140311625661 -0.2877082156170845
3.518583772020568 1.192110460399652 0.4666060178645862 -0.7799415547251773 -0.3088007067409383
3.549999698556466 1.206679184607818 0.4607933168793354 -0.7605622417214893 -0.3291246718272157
3.581415625092364 1.221058311040836 0.4545368418067507 -0.7410187083487769 -0.3486969358589733
3.612831551628262 1.235233993783577 0.4478427471817756 -0.7213261039385543 -0.3675340073413569
3.64424747816416 1.249192586818322 0.4407176033532187 -0.7014984633200604 -0.3856520437162822
3.675663404700058 1.262920656490433 0.4331683889238335 -0.6815487755152289 -0.4030668222380346
3.707079331235956 1.276404995674797 0.4252024862212431 -0.6614890480396811 -0.4197937150000898
3.738495257771854 1.289632634535206 0.4168276706965057 -0.6413303696929542 -0.4358476691734074
3.769911184307752 1.302590853826873 0.4080521050034424 -0.6210829686068668 -0.4512431901127071
3.80132711084365 1.315267196993029 0.3988843308338778 -0.6007562677622822 -0.4659943280378376
3.832743037379548 1.327649481463933 0.3893332597587704 -0.580358937756811 -0.4801146678005958
3.864158963915445 1.3397258104021 0.3794081648052653 -0.5598989463413595 -0.4936173209391019
3.895574890451344 1.351484583532591 0.3691186709131394 -0.5393836054836748 -0.5065149201623734
3.926990816987241 1.362914508751112 0.3584747463224446 -0.518819615350999 -0.5188196153509987
3.95840674352314 1.374004612224259 0.3474866922454047 -0.4982131063013926 -0.5305430716432212
3.989822670059037 1.384744248948006 0.3361651331408383 -0.4775696781741843 -0.5416964686441708
4.021238596594936 1.395123112488892 0.3245210062051546 -0.4568944375177965 -0.5522905010162137
4.052654523130833 1.40513124494187 0.3125655511079137 -0.4361920324946814 -0.5623353798586826
4.084070449666731 1.414759045932265 0.3003102989204095 -0.4154666859932663 -0.5718408351592057
4.115486376202629 1.423997281557937 0.287767061092265 -0.3947222267427214 -0.5808161188128721
4.146902302738527 1.432837094334836 0.2749479190755662 -0.3739621183019017 -0.5892700076235644
4.178318229274425 1.441270008768226 0.2618652109519236 -0.3531894875030535 -0.5972108083616979
4.209734155810323 1.449287942346615 0.2485315218046018 -0.332407149763272 -0.6046463607673377
4.241150082346221 1.456883210945081 0.2349596703789306 -0.3116176343641459 -0.6115840429037352
4.272566008882118 1.464048536211817 0.2211626972202751 -0.2908232077242224 -0.6180307756785395
4.303981935418016 1.470777054235307 0.2071538533107475 -0.2700258951491923 -0.6239930267073305
4.335397861953915 1.477062319014711 0.1929465861379168 -0.2492275024186107 -0.629476816190442
4.366813788489813 1.482898310315029 0.1785545280405977 -0.2284296353222827 -0.6344877207084707
4.39822971502571 1.488279440085797 0.1639914836439655 -0.2076337185422203 -0.6390308773198712
4.429645641561608 1.493200554864459 0.1492714158831317 -0.186841014176126 -0.6431109890419984
4.461061568097506 1.497656942955001 0.1344084338872752 -0.166052638646451 -0.6467323279105134
4.492477494633405 1.501644338573992 0.1194167796289943 -0.1452695793490608 -0.6498987389154401
4.523893421169302 1.505158923512263 0.104310814083714 -0.1244927108085527 -0.6526136445688661
4.5553093477052 1.508197334406729 0.08910500480602444 -0.1037228096559173 -0.6548800465713984
4.586725274241099 1.510756662952077 0.07381391173581289 -0.08296056978454611 -0.6567005300349612
4.618141200776996 1.512834459698704 0.05845217394537153 -0.06220661666925371 -0.6580772656390679
4.649557127312893 1.514428735590614 0.04303449595961033 -0.04146152146593173 -0.6590120122351284
4.680973053848792 1.515537965258247 0.02757563427756195 -0.02072581472597812 -0.6595061181429499
4.71238898038469 1.516161087672438 0.01209038353333632 -1.211593025079603e-16 -0.6595605230412345
4.743804906920587 1.516297505303565 -0.003406437226050327 0.02071543280145373 -0.6591757599479982
4.775220833456486 1.51594708884709 -0.01889999817224474 0.04141999413519586 -0.6583519542145049
4.806636759992383 1.515110172921257 -0.03437547251719215 0.06211318160253988 -0.6570888258796092
4.838052686528282 1.513787558539724 -0.04981805023054473 0.08279446667219739 -0.6553856885120142
4.869468613064179 1.511980511794946 -0.06521295182118918 0.1034632813186988 -0.6532414491391854
4.900884539600077 1.50969076182676 -0.08054544194362843 0.1241190045827588 -0.6506546079278507
4.932300466135976 1.506920499883778 -0.09580084310061285 0.1447609488445922 -0.647623256843354
4.963716392671873 1.503672377396948 -0.1109645492981153 0.1653883458279453 -0.6441450782020579
4.99513231920777 1.499949503644223 -0.1260220396680948 0.1860003322521203 -0.6402173428797762
5.026548245743669 1.495755442543258 -0.1409588919190788 0.2065959351279514 -0.6358369083906231
5.057964172279567 1.491094208800966 -0.1557607955742216 0.2271740566397079 -0.6310002167541221
5.089380098815464 1.485970265000032 -0.1704135654913215 0.2477334583035345 -0.6257032915044445
5.120796025351363 1.480388517230519 -0.1849031550396823 0.2682727446290634 -0.6199417348905799
5.152211951887261 1.474354311352844 -0.19921566956536 0.2887903459070055 -0.6137107244158733
5.183627878423159 1.467873425789509 -0.2133373784944032 0.3092845008045321 -0.6070050104688911
5.215043804959056 1.460952068564009 -0.2272547291414345 0.3297532372675564 -0.5998189118587569
5.246459731494954 1.453596870029173 -0.2409543588011876 0.3501943532254265 -0.5921463128815551
5.277875658030853 1.445814877738247 -0.2544231078167125 0.3706053957732228 -0.5839806592824905
5.309291584566751 1.437613548286754 -0.2676480310898168 0.3909836398815117 -0.5753149553022909
5.340707511102648 1.429000742326153 -0.280616411384191 0.4113260650485497 -0.5661417593513739
5.372123437638546 1.4199847162939 -0.2933157708815235 0.431629331372409 -0.5564531810158926
5.403539364174444 1.410574114227392 -0.305733882646096 0.4518897541926202 -0.5462408780965186
5.434955290710342 1.400777960614285 -0.3178587828760535 0.4721032768345711 -0.5354960534227081
5.46637121724624 1.390605650890695 -0.3296787814917835 0.4922654423921188 -0.5242094528772413
5.497787143782138 1.380066944111139 -0.3411824744782105 0.5123713630007813 -0.5123713630007816
5.529203070318037 1.369171952467243 -0.3523587537323629 0.5324156882616627 -0.4999716103555413
5.560618996853933 1.357931132506934 -0.3631968183212489 0.5523925710765961 -0.4869995609444321
5.592034923389831 1.346355274990512 -0.3736861845881386 0.5722956318355262 -0.473444121020124
5.62345084992573 1.334455495107733 -0.3838166966635812 0.5921179202097706 -0.4592937388320287
5.654866776461628 1.32224322169554 -0.3935785359862642 0.6118518749807074 -0.4445364080133032
5.686282702997525 1.309730186338141 -0.4029622306350774 0.6314892814580277 -0.4291596725151865
5.717698629533424 1.296928413491365 -0.4119586661600426 0.6510212257815082 -0.4131506329917907
5.749114556069321 1.283850207109713 -0.4205590918506451 0.6704380481751852 -0.3964959564062844
5.78053048260522 1.270508141110491 -0.4287551322240319 0.6897292915241969 -0.3791818867690506
5.811946409141117 1.256915046202186 -0.4365387935757929 0.7088836488039317 -0.3611942597960743
5.843362335677015 1.243083997996156 -0.4439024722386172 0.7278889068836822 -0.3425185202700917
5.874778262212914 1.229028304861576 -0.4508389626261116 0.7467318873403381 -0.3231397430505155
5.906194188748811 1.214761495385176 -0.4573414647766929 0.7653983843087145 -0.3030426582363422
5.937610115284708 1.200297304889407 -0.4634035899166473 0.7838730997075062 -0.282211681110542
5.969026041820607 1.185649663316894 -0.4690193690536211 0.8021395743786083 -0.2606309468434904
6.000441968356505 1.170832681136805 -0.4741832572623816 0.8201801172346487 -0.2382843514141976
6.031857894892402 1.155860636428801 -0.4788901407279877 0.8379757304662689 -0.215155598631007
6.063273821428301 1.140747961041664 -0.4831353415977646 0.8555060322418611 -0.1912282544843182
6.094689747964199 1.125509226871025 -0.4869146231373176 0.872749176352378 -0.1664858093670673
6.126105674500097 1.11015913189018 -0.4902241941580623 0.8896817692374235 -0.1409117490876128
6.157521601035994 1.094712486230386 -0.4930607139239996 0.9062787844238432 -0.114489635535159
6.188937527571892 1.079184197727634 -0.4954212947064332 0.9225134751781657 -0.08720319804225501
6.220353454107791 1.063589257827682 -0.4973035060935411 0.9383572850920681 -0.05903643635660552
6.251769380643688 1.047942727145772 -0.4987053780576317 0.953779757685839 -0.02997373641179822
6.283185307179586 1.032259720834784 -0.4996254017764876 0.9687484455862563 -2.372749366132365e-16
6.314601233715484 1.016555394254802 -0.5000625345691322 0.9832288196143327 0.03089921046668972
6.346017160251382 1.000844928148605 -0.5000161985658489 0.9971841794457147 0.06273751084043029
6.37743308678728 0.9851435141064064 -0.4994862833403028 1.010575566247445 0.09552751652014599
6.408849013323178 0.9694663397990522 -0.498473147158539 1.023361679086373 0.129280644844547
6.440264939859076 0.9538285743189941 -0.4969776157809422 1.03549879631182 0.1640068973105784
6.471680866394975 0.9382453534830001 -0.4950009829617939 1.046940703817178 0.1997146203710139
6.503096792930871 0.9227317650806135 -0.4925450101215303 1.057638632234025 0.2364102436394222
6.534512719466769 0.9073028342304963 -0.4896119248683582 1.067541205192099 0.2740979943876991
6.565928646002668 0.8919735087457266 -0.4862044194800205 1.076594401359842 0.3127795874022541
6.597344572538566 0.8767586448096121 -0.4823256479587584 1.084741532832762 0.3524538893392378
6.628760499074463 0.8616729919025353 -0.4779792258585317 1.091923244428032 0.3931165574742837
6.660176425610362 0.8467311790391071 -0.4731692247183777 1.098077535001589 0.4347596519386894
6.691592352146259 0.8319477000399014 -0.467900170248004 1.1031398075143 0.477371222512824
6.723008278682157 0.8173368994657317 -0.4621770379274017 1.107042950168379 0.5209348701170736
6.754424205218055 0.8029129586578071 -0.456005248438043 1.109717453904123 0.5654292845123109
6.785840131753953 0.7886898818217823 -0.4493906629453701 1.111091571277289 0.610827760321864
6.817256058289852 0.7746814817295232 -0.442339578916241 1.11109152252134 0.6570976946730491
6.848671984825749 0.7609013670668803 -0.4348587224585651 1.109641751278128 0.7042000687217842
6.880087911361646 0.7473629281238894 -0.4269552439939119 1.106665240073907 0.752088920523703
6.911503837897545 0.7340793245371698 -0.4186367099827921 1.102083885668657 0.800710812367677
6.942919764433443 0.7210634709293486 -0.4099110981365203 1.095818945532344 0.8500043038694303
6.974335690969341 0.7083280258437572 -0.4007867872985877 1.087791552307925 0.8998994342901981
7.005751617505239 0.6958853778331979 -0.3912725517001885 1.077923309677962 0.9503172309537546
7.037167544041137 0.6837476337958001 -0.3813775517322301 1.066136965439381 1.001169250310162
7.068583470577035 0.6719266071307894 -0.3711113251074249 1.052357167706131 1.05235716770613
7.099999397112932 0.6604338055252509 -0.3604837783462113 1.036511305450605 1.103772431578746
7.13141532364883 0.6492804196801429 -0.3495051770407253 1.01853043042548 1.155295996758979
7.162831250184729 0.6384773127439179 -0.3381861354363997 0.9983502577551243 1.206798154603856
7.194247176720626 0.6280350085926035 -0.3265376070890757 0.9759122425778016 1.258138482035245
7.225663103256524 0.6179636821561846 -0.3145708734643187 0.9511647193271726 1.309165923071958
7.257079029792422 0.6082731484965743 -0.3022975336423077 0.9240640972585963 1.359719028069541
7.28849495632832 0.5989728540223617 -0.2897294921778202 0.8945760920226828 1.409626362583859
7.319910882864218 0.5900718660987392 -0.2768789482179085 0.862676980544589 1.458707110872343
7.351326809400116 0.581578864334924 -0.2637583832218695 0.8283548520158729 1.506771882169379
7.382742735936014 0.5735021323635563 -0.2503805484068506 0.7916108312771747 1.553623733736247
7.414158662471912 0.5658495485249941 -0.2367584528047479 0.7524602479138767 1.599059422817676
7.445574589007809 0.5586285791994479 -0.2229053496697857 0.7109337141395822 1.642870880324785
7.476990515543707 0.5518462702884288 -0.2088347239417486 0.6670780840690909 1.684846914707411
7.508406442079606 0.5455092408555311 -0.1945602784787811 0.6209572540220277 1.724775124759806
7.539822368615503 0.5396236763849777 -0.1800959205184537 0.5726527724748853 1.762444010363719
7.571238295151401 0.5341953217870754 -0.1654557481258937 0.5222642255755894 1.797645255417841
7.6026542216873 0.5292294768212895 -0.1506540356425162 0.4699093645700924 1.830176140123999
7.634070148223197 0.5247309900600414 -0.1357052197219798 0.4157239528993374 1.859842053214886
7.665486074759095 0.520704254129974 -0.1206238848327828 0.3598613091779199 1.886459046450383
7.696902001294993 0.5171532014287543 -0.1054247486155469 0.3024915336655465 1.909856378857217
7.728317927830891 0.5140813000451346 -0.09012264716458018 0.243800413579138 1.929878992344933
7.75973385436679 0.5114915503219857 -0.07473252012564166 0.1839880116480372 1.946389855270083
7.791149780902687 0.5093864818537198 -0.05926939569196513 0.1232669530231955 1.959272112593821
7.822565707438584 0.50776815058901 -0.04374837553631144 0.06186043579474784 1.96843098411412
7.853981633974483 0.5066381377620346 -0.02818461951851893 6.043005391170155e-16 1.973795349116996
7.885397560510381 0.5059975471781073 -0.01259333056867631 -0.06207689988479621 1.975318983145017
7.916813487046279 0.5058470043001766 0.00301026068045126 -0.1241294679923672 1.972981395449816
7.948229413582177 0.5061866566662284 0.01861091122323848 -0.185916226907909 1.966788242028944
7.979645340118075 0.5070161720419089 0.03419338101693736 -0.2471977038908817 1.956771314254
8.011061266653973 0.508334740359309 0.0497424483030028 -0.3077390794295468 1.942988078872997
8.042477193189871 0.5101410734350385 0.06524292496096519 -0.3673127382666752 1.925520805675282
8.073893119725769 0.5124334068367425 0.08067967175997166 -0.4257006637079802 1.904475291654174
8.105309046261667 0.5152095014444558 0.09603761360030785 -0.4826966243200502 1.879979228669278
8.136724972797564 0.5184666456211835 0.1113017546940342 -0.5381081085842373 1.852180258435717
8.168140899333462 0.5222016584981156 0.1264571935067961 -0.5917579719369317 1.821243768222512
8.19955682586936 0.5264108920873715 0.1414891379663062 -0.643485773826026 1.787350495775954
8.230972752405258 0.531090236388302 0.1563829199389767 -0.6931487861424858 1.75069399168629
8.262388678941155 0.536235121911423 0.1711240103790954 -0.7406226754024179 1.711478021828602
8.293804605477053 0.5418405255375027 0.1856980335121773 -0.7858018577379406 1.669913950361016
8.325220532012953 0.5479009749775638 0.2000907813860932 -0.8285995471319207 1.626218176057916
8.35663645854885 0.5544105548421552 0.2142882278131931 -0.8689475153280126 1.580609662623315
8.388052385084748 0.5613629112861648 0.2282765429333409 -0.9067955960682954 1.533307615624013
8.419468311620646 0.568751260218464 0.2420421061374675 -0.942110958616917 1.484529326893621
8.450884238156544 0.5765683925011689 0.2555715203574535 -0.9748771961185696 1.434488232500336
8.482300164692441 0.5848066816118426 0.2688516252036574 -1.005093256924529 1.383392187218411
8.513716091228339 0.5934580921106368 0.2818695094730566 -1.032772257722814 1.331441971859378
8.545132017764237 0.6025141866782008 0.2946125244883509 -1.057940217578866 1.278830042200013
8.576547944300135 0.6119661348645775 0.3070682964043108 -1.080634740466469 1.225739508929612
8.607963870836032 0.6218047221880333 0.3192247381599788 -1.100903678440836 1.172343344155197
8.63937979737193 0.6320203587518813 0.3310700617864564 -1.118803803382136 1.118803803382138
8.67079572390783 0.6426030892682606 0.3425927896056529 -1.134399506624683 1.065272043289101
8.702211650443727 0.6535426034117817 0.3537817649721829 -1.147761547165476 1.011887919580623
8.733627576979625 0.6648282446738952 0.3646261644540445 -1.158965866670923 0.9587799478365309
8.765043503515523 0.6764490227545622 0.3751155065907749 -1.16809247378037 0.9060653989226907
8.796459430051421 0.6883936228035038 0.3852396637320712 -1.175224417507241 0.8538505192693393
8.82787535658732 0.7006504179705279 0.3949888703918986 -1.180446843477589 0.8022308464187244
8.859291283123216 0.7132074804212843 0.4043537331199303 -1.183846143906509 0.7512916082462986
8.890707209659114 0.7260525930243839 0.4133252396600256 -1.185509197644358 0.7011081850557846
8.922123136195012 0.7391732616537264 0.4218947672594603 -1.185522698809928 0.6517466189508878
8.953539062730909 0.7525567272836676 0.4300540912392887 -1.183972572279608 0.6032641570798442
8.984954989266809 0.7661899794466756 0.4377953913403024 -1.180943469293953 0.5557098147806112
9.016370915802707 0.7800597678320795 0.4451112610490299 -1.176518343247697 0.5091249504361991
9.047786842338605 0.7941526163621633 0.451994712801224 -1.170778093192403 0.463543839181661
9.079202768874502 0.8084548360629554 0.4584391850702308 -1.16380127495577 0.4189942407851632
9.1106186954104 0.8229525385426085 0.4644385483789903 -1.155663870943771 0.3754979538943951
9.142034621946298 0.8376316498390595 0.4699871103682435 -1.14643911301758 0.3330713519395244
9.173450548482197 0.8524779237981343 0.4750796220358595 -1.136197353725245 0.2917258972019353
9.204866475018095 0.8674769566709909 0.4797112807494536 -1.125005977892373 0.2514686294765489
9.236282401553991 0.8826142007866653 0.4838777355677915 -1.112929352205285 0.2123026282816598
9.267698328089889 0.8978749789239615 0.4875750906312192 -1.100028805545746 0.1742274467072326
9.299114254625787 0.9132444986807631 0.4907999083253976 -1.086362636454583 0.1372395166303844
9.330530181161686 0.9287078668991996 0.493549212116322 -1.071986143422145 0.101332525191938
9.361946107697584 0.9442501042040219 0.4958204887438455 -1.056951674121955 0.06649776288057085
9.393362034233482 0.9598561595468479 0.4976116902922542 -1.041308690291265 0.03272444393434703
9.424777960769379 0.975510924824857 0.4989212360307352 -1.025103845125609 3.766170428180164e-16
9.456193887305277 0.991199249656436 0.4997480127915294 -1.008381070417653 -0.03168965179202383
9.487609813841175 1.006905956075977 0.5000913742527519 -0.9911816713426652 -0.06235986504043949
9.519025740377074 1.022615853127059 0.4999511444557679 -0.973544426833154 -0.09202704322521615
9.550441666912972 1.038313751657777 0.4993276128763252 -0.9555056934673767 -0.120708440357452
9.58185759344887 1.053984479005658 0.4982215376992191 -0.9370995116806039 -0.1484219816859292
9.613273519984766 1.069612893604675 0.496634141702128 -0.9183577129650224 -0.1751861030341868
9.644689446520664 1.085183899574316 0.4945671113912959 -0.8993100269194644 -0.2010196073514468
9.676105373056563 1.100682461324102 0.4920225951776505 -0.8799841872318399 -0.2259415370947994
9.707521299592461 1.116093617927443 0.4890032000503687 -0.8604060360636983 -0.249971061170754
9.738937226128359 1.131402497557459 0.485511988952106 -0.8405996259937141 -0.2731273751313719
9.770353152664256 1.146594331763352 0.4815524772087209 -0.8205873192371724 -0.2954296134748413
9.801769079200154 1.161654469415726 0.4771286278957036 -0.8003898838833708 -0.3168967729877816
9.833185005736052 1.176568391086728 0.4722448488009753 -0.7800265863306977 -0.3375476458856398
9.864600932271951 1.191321722624911 0.4669059865652321 -0.7595152806182019 -0.3574007620938263
9.896016858807849 1.205900249008982 0.4611173219882788 -0.7388724937411726 -0.3764743394925409
9.927432785343747 1.220289927841476 0.4548845643055235 -0.7181135073317605 -0.3947862414581025
9.958848711879643 1.234476902716266 0.4482138452557944 -0.6972524355133914 -0.4123539408718842
9.990264638415541 1.248447516407895 0.4411117127881869 -0.676302298979588 -0.4291944899059169
10.02168056495144 1.262188323928043 0.4335851245027443 -0.6552750953206515 -0.4453244949239243
10.05309649148734 1.275686105289841 0.4256414405432599 -0.6341818657585331 -0.4607600959633606
10.08451241802324 1.288927877824888 0.4172884158126227 -0.6130327584419274 -0.4755169503256293
10.11592834455913 1.301900908251756 0.4085341919568136 -0.5918370882853636 -0.4896102197245159
10.14734427109503 1.314592725749655 0.3993872907469361 -0.5706033929274212 -0.5030545600703318
10.17876019763093 1.326991132714643 0.3898566040643538 -0.549339486489372 -0.5158641147272032
10.21017612416683 1.339084216671958 0.3799513857362734 -0.5280525096053542 -0.5280525096053545
10.24159205070273 1.350860360720266 0.3696812415705107 -0.5067489770472607 -0.5396328507505636
10.27300797723862 1.362308256749633 0.3590561225106799 -0.4854348214122209 -0.5506177224677251
10.30442390377452 1.373416912606058 0.3480863111193783 -0.4641154363966421 -0.5610191892232784
10.33583983031042 1.384175665896226 0.3367824153021406 -0.4427957149905051 -0.5708487960334712
10.36725575684632 1.394574191799782 0.3251553557378226 -0.4214800874336423 -0.5801175721822743
10.39867168338222 1.404602512643299 0.3132163554494817 -0.4001725561449804 -0.5888360349847956
10.43008760991811 1.41425100942185 0.3009769308166291 -0.3788767279706909 -0.5970141932917399
10.46150353645401 1.423510428490576 0.2884488785868884 -0.3575958458485871 -0.6046615534222913
10.49291946298991 1.432371890764854 0.2756442651804389 -0.3363328177603868 -0.6117871243451555
10.52433538952581 1.440826901256957 0.2625754160224396 -0.3150902439033388 -0.6183994228668738
10.55575131606171 1.448867355241081 0.249254902644343 -0.2938704430221811 -0.6245064803157656
10.5871672425976 1.456485547239567 0.2356955317040162 -0.2726754765177608 -0.6301158479899605
10.6185831691335 1.463674177349567 0.2219103323520693 -0.2515071717335897 -0.6352346036273581
10.6499990956694 1.470426358391825 0.2079125441605743 -0.2303671437281377 -0.6398693573360907
10.6814150222053 1.476735622213114 0.1937156046092868 -0.2092568159978688 -0.6440262576383511
10.7128309487412 1.482595925949344 0.179333136568485 -0.1881774400941936 -0.6477109972240368
10.74424687527709 1.488001657038698 0.164778935287151 -0.1671301143977072 -0.6509288188940782
10.77566280181299 1.49294763940672 0.1500669558538898 -0.1461158018128694 -0.6536845205948183
10.80707872834889 1.497429137465085 0.1352112998398019 -0.1251353469072554 -0.6559824609741121
10.83849465488479 1.501441860456298 0.120226202171086 -0.104189492220958 -0.6578265643232918
10.86991058142068 1.504981967581376 0.1051260181550426 -0.08327889387653217 -0.6592203246852747
10.90132650795658 1.508046069428395 0.08992520959972246 -0.06240413686710825 -0.6601668110712523
10.93274243449248 1.510631233785627 0.07463833196718507 -0.04156574955223256 -0.660668670226834
10.96415836102838 1.512734985969358 0.05928002035422371 -0.02076421803519047 -0.6607281312564141
10.99557428756428 1.51435531283539 0.0438649762124052 -2.830421474198409e-16 -0.6603470080794043
11.02699021410017 1.515490664054757 0.02840795356689728 0.02072646161612564 -0.6595267025212223
11.05840614063607 1.516139952645009 0.01292374529505518 0.0414147252170039 -0.6582682071580174
11.08982206717197 1.516302557285974 -0.002572830471972386 0.06206433726983723 -0.6565721068129267
11.12123799370787 1.515978322906896 -0.01806694416143093 0.08267481907259465 -0.6544385802378051
11.15265392024376 1.515167558740895 -0.0335437684433572 0.1032456536821754 -0.6518674023194554
11.18406984677966 1.513871041743454 -0.04898849209045346 0.1237762724953936 -0.6488579434067481
11.21548577331556 1.51209001231304 -0.06438633358019202 0.1442660421140204 -0.6454091714063305
11.24690169985146 1.509826174430433 -0.07972255478488526 0.1647142508035208 -0.6415196514221377
11.27831762638736 1.507081695311193 -0.09498247485399558 0.1851200946220908 -0.637187545084379
11.30973355292326 1.503859201747922 -0.1101514836448097 0.205482663547079 -0.6324106107737677
11.34114947945915 1.500161777552009 -0.1252150551719237 0.2258009271493701 -0.6271862028704477
11.37256540599505 1.495992962919745 -0.1401587616358238 0.2460737194687097 -0.6215112697278985
11.40398133253095 1.491356748000602 -0.1549682860902933 0.2662997241721141 -0.6153823536282482
11.43539725906685 1.486257572030379 -0.1696294365134396 0.2864774582668168 -0.6087955879881128
11.46681318560274 1.48070031734366 -0.1841281585226911 0.3066052559197079 -0.6017466963111161
11.49822911213864 1.474690305294396 -0.1984505485804169 0.3266812512241614 -0.5942309899900814
11.52964503867454 1.468233292118763 -0.2125828673320696 0.3467033600741933 -0.5862433658358431
11.56106096521044 1.461335462188111 -0.2265115518903991 0.3666692616743067 -0.5777783043995743
11.59247689174634 1.454003423979695 -0.2402232293404513 0.3865763784198487 -0.5688298669963187
11.62389281828223 1.446244202007478 -0.2537047283833452 0.4064218556427676 -0.5593916941910509
11.65530874481813 1.438065231847877 -0.2669430925186962 0.4262025394115161 -0.549457002976396
11.68672467135403 1.429474352411758 -0.2799255918656418 0.4459149537543293 -0.5390185850314888
11.71814059788993 1.420479798523111 -0.2926397350834175 0.4655552764715308 -0.5280688049279963
11.74955652442583 1.411090194061758 -0.305073281770043 0.4851193132865957 -0.5165995983028615
11.78097245096173 1.401314542815492 -0.3172142533387787 0.5046024711667115 -0.5046024711667112
11.81238837749762 1.391162221249114 -0.329050945312028 0.5239997293535448 -0.4920684988944272
11.84380430403352 1.380642968240438 -0.3405719373057654 0.5433056096946179 -0.4789883268419949
11.87522023056942 1.369766877881002 -0.351766105603912 0.5625141439890518 -0.465352170534866
11.90663615710532 1.358544387989493 -0.3626226320645083 0.5816188409898325 -0.4511498181962362
11.93805208364121 1.346986271688779 -0.3731310157656672 0.600612650165057 -0.4363706332029203
11.96946801017711 1.33510362706445 -0.383281083031735 0.6194879240146322 -0.4210035584189134
12.00088393671301 1.322907866571259 -0.3930629971824616 0.6382363782372555 -0.4050371220240491
12.03229986324891 1.310410705368704 -0.4024672669059319 0.6568490500554633 -0.3884594453211105
12.0637157897848 1.297624152752459 -0.4114847586744135 0.6753162525412943 -0.3712582515359651
12.0951317163207 1.284560497775976 -0.4201067017782926 0.6936275292063024 -0.3534208786005509
12.1265476428566 1.271232300285803 -0.4283247005598634 0.7117716032408815 -0.3349342928663371
12.1579635693925 1.257652377413462 -0.4361307404821004 0.729736326322121 -0.3157851070512592
12.1893794959284 1.243833791780499 -0.4435171964665963 0.7475086237666151 -0.295959600967041
12.22079542246429 1.229789839724307 -0.4504768416254637 0.7650744367551049 -0.275443745999098
12.25221134900019 1.215534038044804 -0.4570028534362504 0.7824186625204964 -0.2542232341531169
12.28362727553609 1.201080111776725 -0.4630888219364608 0.7995250910086313 -0.2322835115690377
12.31504320207199 1.186441980272531 -0.4687287543655596 0.8163763397061716 -0.2096098176732843
12.34645912860789 1.171633744816813 -0.4739170832658836 0.8329537846243358 -0.1861872298929481
12.37787505514378 1.156669674798132 -0.4786486714417382 0.8492374894328601 -0.1620007152158014
12.40929098167968 1.14156419423501 -0.4829188177979987 0.8652061317121212 -0.137035188936581
12.44070690821558 1.126331867634299 -0.4867232610212532 0.8808369272177968 -0.1112755815278039
12.47212283475148 1.11098738664737 -0.490058186158322 0.8961055513036832 -0.08470691427245199
12.50353876128738 1.095545555782078 -0.4929202283801156 0.9109860591016771 -0.05731438478109584
12.53495468782327 1.080021277936887 -0.4953064752992336 0.9254508043351161 -0.02908346318706895
12.56637061435917 1.064429540453946 -0.4972144720393822 0.9394703566508789 -4.602077460665285e-16
12.59778654089507 1.04878540054446 -0.4986422232739682 0.9530134189957773 0.02994965324824433
12.62920246743097 1.03310397086305 -0.4995881961618459 0.9660467451252999 0.06077850952102883
12.66061839396687 1.017400404912554 -0.5000513217008843 0.9785350583663751 0.0924987968002646
12.69203432050276 1.001689882489392 -0.5000309978042604 0.9904409724583442 0.1251217924382203
12.72345024703866 0.9859875949502965 -0.4995270890658148 1.001724915864613 0.1586576401583585
12.75486617357456 0.9703087305541914 -0.4985399280998758 1.012345060698006 0.1931151484937192
12.78628210011046 0.9546684597934317 -0.4970703153489685 1.022257257927965 0.2285015694807219
12.81769802664636 0.9390819206196509 -0.4951195197819398 1.031414980803287 0.2648223564998006
12.84911395318225 0.9235642037736663 -0.4926892776601557 1.039769278360076 0.3020809001683656
12.88052987971815 0.9081303381361352 -0.4897817914228457 1.04726874145304 0.3402782413471392
12.91194580625405 0.8927952761183359 -0.4863997281334911 1.053859483940097 0.3794127604684958
12.94336173278995 0.877573878958592 -0.4825462180120694 1.059485142141659 0.4194798426789189
12.97477765932585 0.8624809025119089 -0.4782248507736294 1.064086895154539 0.4604715182424529
13.00619358586174 0.847530982600164 -0.4734396737360836 1.067603510717774 0.5023760786405841
13.03760951239764 0.8327386205487597 -0.468195188668689 1.069971419845055 0.5451776686427416
13.06902543893354 0.8181181694118171 -0.4624963466547273 1.07112482378173 0.5888558549531652
13.10044136546944 0.8036838196602611 -0.4563485445805857 1.07099583934364 0.6333851737435213
13.13185729200534 0.7894495852241118 -0.4497576203791291 1.06951468631442 0.6787346589420072
13.16327321854123 0.7754292897587762 -0.4427298476820959 1.066609922010882 0.724867354477912
13.19468914507713 0.761636553087888 -0.4352719300606065 1.062208728159076 0.7717398146260532
13.22610507161303 0.7480847776971327 -0.4273909950725186 1.056237255365716 0.8193015977944625
13.25752099814893 0.7347871358223891 -0.4190945872000723 1.048621029426999 0.8674947596017327
13.28893692468483 0.7217565558074743 -0.4103906618877698 1.039285426082847 0.9162533544067382
13.32035285122072 0.7090057100976459 -0.4012875768870757 1.028156215160828 0.9655029517807574
13.35176877775662 0.6965470022123977 -0.3917940851896448 1.015160181496167 1.015160181496164
13.38318470429252 0.684392554502648 -0.3819193266517492 1.000225822775284 1.065132317155548
13.41460063082842 0.6725541961681132 -0.3716728192453773 0.9832841265306003 1.115316912606042
13.44601655736431 0.6610434520437428 -0.3610644494178944 0.9642694255241031 1.165601505307404
13.47743248390021 0.6498715299520408 -0.3501044639396741 0.9431203328728804 1.215863406778263
13.50884841043611 0.6390493110786359 -0.3388034584225239 0.9197807463407871 1.26596959006094
13.54026433697201 0.6285873375936785 -0.327172368649815 0.8942009236200431 1.315776702471837
13.57168026350791 0.6184958035134436 -0.315222458658987 0.8663386104403061 1.365131211409525
13.6030961900438 0.6087845438900278 -0.3029653104335765 0.8361602160555617 1.413869710791195
13.6345121165797 0.5994630247232577 -0.2904128127767311 0.803642016660021 1.461819401535918
13.6659280431156 0.5905403340756301 -0.2775771492182438 0.7687713667351368 1.508798760685934
13.6973439696515 0.5820251728183712 -0.2644707862173549 0.7315478976678946 1.554618416390013
13.72875989618739 0.5739258460320991 -0.2511064608470395 0.6919846760352559 1.59908223689346
13.76017582272329 0.5662502540259832 -0.2374971686194452 0.6501092936689224 1.641988642437919
13.79159174925919 0.5590058855183764 -0.2236561499883142 0.6059648547907037 1.683132133898249
13.82300767579509 0.5521998092206727 -0.2095968777628703 0.5596108314688988 1.722305043236782
13.85442360233099 0.545838667456116 -0.1953330433676126 0.511123748963168 1.75929948340303
13.88583952886689 0.5399286689261028 -0.180878543511761 0.4605976705394996 1.793909486331047
13.91725545540278 0.5344755826105364 -0.166247466258699 0.4081444475556164 1.825933295534441
13.94867138193868 0.5294847322695394 -0.1514540768611858 0.3538937067789442 1.855175779135867
13.98008730847458 0.5249609908794458 -0.1365128036044568 0.2979925513668401 1.881450922554271
14.01150323501048 0.520908775843879 -0.1214382233413708 0.2406049569068262 1.904584348204231
14.04291916154638 0.5173320443454652 -0.1062450469517673 0.1819108527050191 1.924415808927276
14.07433508808227 0.5142342893915581 -0.09094810456816876 0.1221048864781213 1.940801593781575
14.10575101461817 0.5116185366997085 -0.07556233061681647 0.06139488080465466 1.953616784124431
14.13716694115407 0.5094873409651995 -0.06010274894946181 1.0816580026744e-15 1.962757304441652
14.16858286768997 0.5078427843612584 -0.04458445758681367 -0.06185134463933478 1.968141698858369
14.19999879422586 0.5066864730199899 -0.02902261372559604 -0.1239238125996611 1.969712596588102
14.23141472076176 0.5060195367370035 -0.01343241833816835 -0.185977628305337 1.967437800964806
14.26283064729766 0.5058426266878631 0.002170899039886579 -0.2477711979019149 1.961310986799607
14.29424657383356 0.5061559161096928 0.01777209568069353 -0.3090637885704948 1.951351963218165
14.32566250036946 0.5069590985056078 0.03335593099673939 -0.3696182101042852 1.937606512289123
14.35707842690536 0.5082513898012979 0.04890718183522008 -0.4292034331314394 1.920145781244758
14.38849435344125 0.5100315271603677 0.06441065789995333 -0.4875970874770252 1.899065272535755
14.41991027997715 0.5122977718156702 0.07985121693982503 -0.5445877795845903 1.874483432308323
14.45132620651305 0.515047910269029 0.09521377999492901 -0.5999771831197911 1.846539899168567
14.48274213304895 0.5182792563158809 0.1104833465978488 -0.6535818598127274 1.815393453410332
14.51415805958484 0.5219886537870225 0.125645009864259 -0.7052347785989928 1.781219724112263
14.54557398612074 0.5261724801128663 0.1406839713696881 -0.7547865113538238 1.74420871552826
14.57698991265664 0.5308266496162641 0.1555855560679973 -0.8021060959785428 1.704562220303223
14.60840583919254 0.535946618055712 0.1703352268591453 -0.8470815645530445 1.662491177611551
14.63982176572844 0.5415273861874869 0.1849185994820709 -0.8896201492105577 1.618213044059178
14.67123769226433 0.5475635058957673 0.1993214565380016 -0.9296481782832164 1.57194922184568
14.70265361880023 0.5540490852405717 0.2135297618084544 -0.967110693353707 1.523922605404903
14.73406954533613 0.5609777942059799 0.2275296743321102 -1.001970815347005 1.474355282538821
14.76548547187203 0.568342871190903 0.2413075621362065 -1.034208894114974 1.423466423850338
14.79690139840793 0.5761371299075192 0.2548500157172917 -1.063821479013788 1.371470386750678
14.82831732494382 0.5843529662914793 0.2681438615051358 -1.090820148982933 1.318575051763238
14.85973325147972 0.5929823666303548 0.2811761745968737 -1.115230237083745 1.264980397128831
14.89114917801562 0.6020169150054786 0.2939342918691594 -1.137089488461396 1.210877317981636
14.92256510455152 0.6114478018609448 0.3064058243973073 -1.156446681195783 1.156446681195787
14.95398103108741 0.6212658328536131 0.3185786696228439 -1.173360241095336 1.101858608229607
14.98539695762331 0.6314614384170351 0.3304410229029621 -1.18789687539885 1.047271971161765
15.01681288415921 0.6420246827278286 0.3419813895082123 -1.200130249668968 0.9928340870640809
15.04822881069511 0.6529452739285455 0.3531885955851254 -1.210139722157113 0.9386805879845449
15.07964473723101 0.6642125740859784 0.3640517993083965 -1.218009152398588 0.8849354487173383
15.1110606637669 0.6758156105906786 0.3745605005485581 -1.223825791108426 0.8317111487863639
15.1424765903028 0.6877430858406625 0.3847045522743885 -1.227679264081515 0.7791089521809293
15.1738925168387 0.6999833893658284 0.3944741693958665 -1.229660646352994 0.7272192790339677
15.2053084433746 0.7125246091103011 0.4038599383718873 -1.229861634025624 0.676122154858988
15.2367243699105 0.7253545431857757 0.4128528262680705 -1.228373810516225 0.6258877179504663
15.26814029644639 0.738460712379487 0.4214441887014678 -1.225288004219564 0.5765767689835757
15.29955622298229 0.7518303713608138 0.4296257797083833 -1.220693737103016 0.5282413503938983
15.33097214951819 0.7654505227782428 0.4373897572519294 -1.214678752211938 0.4809253396921735
15.36238807605409 0.7793079291969657 0.4447286918399889 -1.207328622876649 0.4346650503021863
15.39380400258999 0.7933891260831021 0.4516355736763295 -1.198726431997427 0.3894898281509603
15.42521992912588 0.8076804356815831 0.4581038179514625 -1.188952515442042 0.3454226371148829
15.45663585566178 0.8221679798450509 0.4641272721194547 -1.178084266078051 0.3024806283646863
15.48805178219768 0.8368376944154436 0.4697002197794458 -1.16619598812462 0.2606756875942611
15.51946770873358 0.8516753420284209 0.4748173882585635 -1.153358800301993 0.2200149579761711
15.55088363526948 0.8666665271986255 0.4794739503747861 -1.139640576390665 0.1805013348627671
15.58229956180537 0.8817967094143957 0.4836655315120721 -1.125105923760302 0.1421339320346731
15.61371548834127 0.8970512182880365 0.4873882104437794 -1.109816189206057 0.1049085173733064
15.64513141487717 0.9124152671817666 0.4906385249716855 -1.093829492256238 0.06881791853753209
15.67654734141307 0.9278739678726857 0.4934134742584092 -1.077200778309662 0.03385239824126483
15.70796326794897 0.9434123453242659 0.4957105197802291 -1.059981889103099 6.490517138221372e-16
15.73937919448486 0.959015351974403 0.4975275885550684 -1.042221647763997 -0.03275313477877035
15.77079512102076 0.9746678824322699 0.4988630745107724 -1.023965954369718 -0.06442247729823575
15.80221104755666 0.990354788205323 0.4997158392604547 -1.005257889859041 -0.09502484810423553
15.83362697409256 1.006060892413936 0.5000852122412461 -0.9861378260455029 -0.1245781786265252
15.86504290062846 1.021771004450026 0.4999709906096004 -0.9666435397888063 -0.153101296042779
15.89645882716435 1.037469934699434 0.4993734404885501 -0.9468103295092278 -0.1806137299198082
15.92787475370025 1.053142509233951 0.4982932940227673 -0.9266711327117764 -0.2071355390973806
15.95929068023615 1.068773584421496 0.4967317489305604 -0.9062566433590368 -0.2326871573079391
15.99070660677205 1.084348061550363 0.4946904669420127 -0.8855954280067135 -0.2572892560349445
16.02212253330795 1.09985090144129 0.4921715718685746 -0.8647140399201833 -0.2809626231791963
16.05353845984384 1.115267138782093 0.4891776460549327 -0.8436371307251975 -0.3037280562352112
16.08495438637974 1.130581896595181 0.4857117280175382 -0.8223875587326595 -0.3256062685890416
16.11637031291564 1.145780400502434 0.4817773088111024 -0.8009864938181336 -0.3466178077933842
16.14778623945154 1.160847992713976 0.4773783275537697 -0.7794535185873915 -0.3667829847124366
16.17920216598743 1.175770146280001 0.4725191679877561 -0.7578067252408208 -0.3861218123082288
16.21061809252333 1.1905324790212 0.4672046536880863 -0.7360628084370463 -0.4046539532443419
16.24203401905923 1.20512076689589 0.4614400419194189 -0.7142371541907917 -0.4223986754966822
16.27344994559513 1.219520957965443 0.4552310192362788 -0.6923439240524646 -0.4393748147411338
16.30486587213102 1.233719185451296 0.4485836947260349 -0.6703961355452341 -0.4556007432489734
16.33628179866692 1.247701781060795 0.4415045940756989 -0.6484057381781743 -0.4710943441891522
16.36769772520282 1.261455288214208 0.4340006532952175 -0.6263836853815727 -0.4858729908062339
16.39911365173872 1.274966474163556 0.4260792104722153 -0.6043400029646164 -0.4999535302815488
16.43052957827462 1.288222343507162 0.4177480000587314 -0.5822838529475397 -0.5133522707914248
16.46194550481052 1.301210148993841 0.4090151427100894 -0.5602235949243759 -0.5260849728677668
16.49336143134641 1.313917405536673 0.3998891401970504 -0.5381668423044655 -0.5381668423044659
16.52477735788231 1.326331900544149 0.3903788647032989 -0.5161205167785254 -0.5496125269416646
16.55619328441821 1.338441705612598 0.3804935504530741 -0.4940908988045732 -0.560436114987268
16.58760921095411 1.350235188223475 0.3702427852192967 -0.4720836749835853 -0.5706511350734117
16.61902513749001 1.361701022770099 0.3596365009409365 -0.4501039827422206 -0.5802705580467901
16.65044106402591 1.372828200640707 0.3486849634143331 -0.4281564525103355 -0.5893068003683017
16.6818569905618 1.383606040601631 0.3373987624590893 -0.4062452470991825 -0.5977717283706879
16.7132729170977 1.394024199398879 0.3257888022307704 -0.3843740985343378 -0.6056766631928633
16.7446888436336 1.404072681742677 0.3138662908467892 -0.362546342770925 -0.6130323865682121
16.7761047701695 1.413741847636344 0.3016427279574306 -0.340764952885257 -0.6198491482083338
16.80752069670539 1.423022423740884 0.2891298957184278 -0.3190325691046276 -0.6261366717230376
16.83893662324129 1.4319055116565 0.276339847065163 -0.2973515278061258 -0.6319041620415792
16.87035254977719 1.440382594267042 0.2632848929286058 -0.2757238890663465 -0.6371603137505226
16.90176847631309 1.448445546796863 0.2499775926209551 -0.2541514615435563 -0.6419133173106769
16.93318440284898 1.456086641043656 0.2364307398305028 -0.23263582722145 -0.646170868156475
16.96460032938488 1.463298555972036 0.2226573525303267 -0.2111783635087887 -0.6499401727786087
16.99601625592078 1.470074381214745 0.2086706588778382 -0.1897802652738521 -0.6532279576788744
17.02743218245668 1.476407626715999 0.1944840864075781 -0.1684425646852159 -0.6560404752738026
17.05884810899258 1.482292226348124 0.1801112482142428 -0.1471661508567541 -0.6583835120980714
17.09026403552847 1.487722544018959 0.1655659305065191 -0.1259517880797389 -0.6602623954834489
17.12167996206437 1.492693380249024 0.1508620801855008 -0.1048001331754636 -0.6616819995747304
17.15309588860027 1.497199975650332 0.136013791275024 -0.08371175233947323 -0.6626467522373137
17.18451181513617 1.501238015068786 0.1210352917702448 -0.06268713713208393 -0.6631606411575341
17.21592774167206 1.504803633765813 0.1059409309506095 -0.04172671976620661 -0.6632272185113496
17.24734366820796 1.507893418311617 0.09074516529331224 -0.02083088810965122 -0.6628496074244264
17.27875959474386 1.51050441114708 0.07546254542956275 -1.621916864890733e-15 -0.6620305062469813
17.31017552127976 1.512634113381568 0.0601077025992829 0.02076560273251219 -0.6607721930396541
17.34159144781566 1.514280486992332 0.044695335016669 0.04146558056363047 -0.6590765297455263
17.37300737435156 1.515441956522197 0.02924019420037638 0.06209958284016581 -0.6569449660004171
17.40442330088745 1.5161174094998 0.01375707127325409 0.08266723459475001 -0.6543785429136374
17.43583922742335 1.516306200780895 -0.001739216594727974 0.1031681232719789 -0.6513778945746449
17.46725515395925 1.516008148798879 -0.01723384011028092 0.1236017858704687 -0.6479432524864377
17.49867108049515 1.515223539220281 -0.03271197149927781 0.1439676956898353 -0.6440744462305179
17.53008700703105 1.513953123146994 -0.0481587983100288 0.1642652492752964 -0.6397709059282338
17.56150293356694 1.512198115359127 -0.06355953698228374 0.1844937533022717 -0.6350316641208659
17.59291886010284 1.509960196296506 -0.07889944684980424 0.204652410793924 -0.6298553555436885
17.62433478663874 1.507241507621391 -0.09416384356036497 0.2247403077293554 -0.6242402191000233
17.65575071317464 1.504044651403273 -0.1093381128025028 0.2447563989148995 -0.6181840978063847
17.68716663971054 1.500372687741152 -0.1244077239102032 0.2646994935856217 -0.6116844389280927
17.71858256624643 1.496229130682882 -0.139358243043762 0.284568240808642 -0.6047382943634143
17.74999849278233 1.491617947915255 -0.1541753473818396 0.3043611136310489 -0.5973423190795432
17.78141441931823 1.486543553760367 -0.1688448376042076 0.3240763937814454 -0.5894927718916513
17.81283034585413 1.481010807090913 -0.1833526516688287 0.343712154775062 -0.5811855138955152
17.84424627239002 1.475025005684966 -0.1976848775609246 0.3632662449204852 -0.5724160080323051
17.87566219892592 1.468591882567341 -0.2118277667817709 0.3827362690235735 -0.5631793176118398
17.90707812546182 1.461717599797053 -0.2257677469138838 0.4021195697267928 -0.553470105639608
17.93849405199772 1.454408741902488 -0.2394914338755508 0.4214132079894144 -0.5432826341115785
17.96990997853362 1.446672312188633 -0.2529856457039759 0.4406139416495419 -0.5326107621497914
18.00132590506952 1.438515724044567 -0.2662374139122501 0.4597182041669259 -0.5214479460269136
18.03274183160541 1.429946794388994 -0.2792339958100393 0.478722081559119 -0.509787238435605
18.06415775814131 1.420973737829913 -0.2919628874924485 0.4976212876857444 -0.4976212876857459
18.09557368467721 1.411605156755123 -0.3044118342435119 0.5164111394273327 -0.4849423386226975
18.12698961121311 1.401850035347685 -0.3165688435543805 0.5350865290269201 -0.47174223251322
18.158405537749 1.391717729642708 -0.3284221954431966 0.5536418961721504 -0.4580124088182265
18.1898214642849 1.381217960115961 -0.3399604547046621 0.5720711974447183 -0.4437439067194879
18.2212373908208 1.370360800849935 -0.3511724803767654 0.5903678752874225 -0.4289273685644782
18.2526533173567 1.3591566722105 -0.3620474383277441 0.6085248236536382 -0.4135530431072187
18.2840692438926 1.347616329453381 -0.3725748102551587 0.6265343533233159 -0.3976107911933208
18.3154851704285 1.335750853070236 -0.3827444042106111 0.6443881544417662 -0.3810900921982079
18.34690109696439 1.323571639194428 -0.3925463654802412 0.6620772567907358 -0.3639800520317325
18.37831702350029 1.311090387054067 -0.4019711840497615 0.6795919892223453 -0.3462694137813284
18.40973295003619 1.298319090221612 -0.4110097066772829 0.6969219348931966 -0.3279465693540671
18.44114887657209 1.285270022999747 -0.4196531429138498 0.7140558865147992 -0.3089995748191965
18.47256480310798 1.271955731120001 -0.4278930769386787 0.7309817968818383 -0.2894161673068084
18.50398072964388 1.258389017877873 -0.4357214730159537 0.7476867292921161 -0.2691837861208722
18.53539665617978 1.244582933285003 -0.4431306853765518 0.7641568037454086 -0.2482895965472689
18.56681258271568 1.230550761428564 -0.4501134655590578 0.7803771415021713 -0.2267205179860646
18.59822850925157 1.216306007609856 -0.4566629692316703 0.7963318071839326 -0.2044632564576033
18.62964443578747 1.201862385582648 -0.4627727631526014 0.812003748220837 -0.1815043419391069
18.66106036232337 1.187233805008171 -0.4684368329031073 0.8273747315693462 -0.1578301711047006
18.69247628885927 1.172434357667651 -0.4736495879228407 0.8424252787678171 -0.1334270562928805
18.72389221539517 1.157478304081795 -0.4784058672574432 0.8571345983901645 -0.108281281059284
18.75530814193107 1.142380060271172 -0.4827009460211603 0.871480516183694 -0.08237916310984442
18.78672406846696 1.127154183826934 -0.486530540142902 0.8854394037200426 -0.05570712545831686
18.81813999500286 1.111815359725386 -0.4898908098920809 0.8989861055819605 -0.02825177652329695
18.84955592153876 1.096378386774725 -0.492778366138631 0.9120938647301813 -6.701956991782533e-16
18.88097184807465 1.08085816295749 -0.495190272127361 0.9247342478599039 0.02906094449264107
18.91238777461055 1.065269671467586 -0.4971240485300653 0.9368770698721984 0.05894330910858271
18.94380370114645 1.049627966048698 -0.4985776745321303 0.9484903192422092 0.08965873277250797
18.97521962768235 1.033948156818913 -0.4995495929959582 0.9595400840665533 0.1212181024142527
19.00663555421825 1.018245395442307 -0.5000387101071366 0.9699904806995023 0.1536313994057188
19.03805148075415 1.002534860649979 -0.5000443981677171 0.9798035851759179 0.1869075300426366
19.06946740729004 0.9868317435586913 -0.4995664966956924 0.988939369156709 0.2210541389861243
19.10088333382594 0.9711512329776339 -0.4986053130858448 0.9973556416737183 0.2560774045483641
19.13229926036184 0.9555085007378726 -0.4971616226228502 1.005007998291355 0.2919818147340221
19.16371518689774 0.9399186868883274 -0.4952366693507436 1.011849779733286 0.3287699230642736
19.19513111343364 0.9243968850708028 -0.4928321643970171 1.017832041788155 0.3664420831744207
19.22654703996953 0.9089581278887227 -0.4899502849827507 1.022903539074881 0.4049961614180563
19.25796296650543 0.893617372262053 -0.4865936731394629 1.027010725363171 0.444427226867201
19.28937889304133 0.8783894847843812 -0.4827654339821708 1.03009777341327 0.4847272183245522
19.32079481957723 0.8632892271544996 -0.4784691333283984 1.032106617529827 0.5258845882230573
19.35221074611313 0.8483312420298479 -0.4737087938142926 1.032977021979147 0.5678839234412695
19.38362667264903 0.8335300384774699 -0.4684888924148565 1.032646680107868 0.6107055441939324
19.41504259918492 0.8188999778252619 -0.4628143563526443 1.031051347374904 0.6543250818030083
19.44645852572082 0.8044552596314918 -0.4566905586880932 1.028125013009964 0.6987130373286553
19.47787445225672 0.7902099075447361 -0.450123314021914 1.023800115198058 0.7438343238681758
19.50929037879262 0.7761777560534502 -0.4431188721530732 1.018007803255415 0.7896477950738521
19.54070630532851 0.7623724362090711 -0.4356839138717716 1.010678254065951 0.836105765993202
19.57212223186441 0.7488073625666353 -0.4278255440403389 1.001741044665156 0.8831535297101201
19.60353815840031 0.7354957198436857 -0.4195512852740423 0.9911255874831464 0.9307288777617549
19.6349540849362 0.7224504500679699 -0.4108690707082933 0.9787616315001584 0.9787616315001515
19.6663700114721 0.709684239689482 -0.4017872367809178 0.9645798337415655 1.027173194293234
19.697785938008 0.6972095069064805 -0.3923145155581655 0.9485124037649653 1.075876135078397
19.7292018645439 0.6850383895761495 -0.382460026193013 0.9304938226061739 1.124773814869742
19.7606177910798 0.6731827332750622 -0.3722332662013575 0.9104616374682672 1.1737600703624
19.7920337176157 0.6616540789210166 -0.3616441031109776 0.8883573320533218 1.222718970756202
19.82344964415159 0.6504636520826815 -0.3507027641022766 0.8641272668387071 1.271524660334794
19.85486557068749 0.6396223517095064 -0.3394198263752037 0.837723687339728 1.320041307570626
19.88628149722339 0.6291407385417841 -0.3278062076324885 0.809105792338648 1.368123178605413
19.91769742375929 0.6190290254659385 -0.3158731546386602 0.7782408486243528 1.415614848405973
19.94911335029519 0.6092970669872738 -0.3036322326366488 0.7451053424306581 1.462351572762416
19.98052927683108 0.5999543493894696 -0.2910953140648651 0.709686148618409 1.508159834805424
20.01194520336698 0.5910099812350841 -0.2782745669503994 0.6719816978468427 1.552858081628453
20.04336112990288 0.5824726845666376 -0.2651824427671104 0.6320031178089746 1.596257662417267
20.07477705643878 0.5743507856341903 -0.251831664556782 0.5897753232308379 1.638163980075901
20.10619298297468 0.5666522071868281 -0.2382352139779524 0.5453380229631114 1.678377855469264
20.13760890951058 0.5593844598357243 -0.2244063188884125 0.4987466153799847 1.716697110175272
20.16902483604647 0.5525546356343018 -0.2103584396526079 0.4500729360081719 1.752918351715123
20.20044076258237 0.5461693993968595 -0.1961052565823839 0.3994058283701722 1.786838960616363
20.23185668911827 0.5402349835321434 -0.1816606555812314 0.3468515003611889 1.818259240277881
20.26327261565417 0.5347571808924937 -0.167038714747725 0.2925336407435359 1.846984717337906
20.29468854219006 0.5297413392213609 -0.1522536902013302 0.2365932659673622 1.872828544535971
20.32610446872596 0.5251923562362407 -0.1373200017124923 0.1791882768304925 1.895613964639003
20.35752039526186 0.5211146735271632 -0.1222522186517311 0.1204927105665978 1.915176791459604
20.38893632179776 0.5175122730742759 -0.1070650450634084 0.06069567952762481 1.931367838733899
20.42035224833366 0.5143886733647258 -0.0917733049454522 -1.905828162081956e-15 1.944055248065217
20.45176817486955 0.5117469249122744 -0.07639192758005428 -0.06137947791970001 1.953126656378191
20.48318410140545 0.5095896083913238 -0.06093593230301138 -0.123217817819189 1.958491130890305
20.51460002794135 0.50791883085102 -0.04542041361931648 -0.1852821899925115 1.960080832079039
20.54601595447725 0.5067362243277505 -0.02986052589456004 -0.2473342688902394 1.957852337536443
20.57743188101314 0.5060429440962213 -0.0142714681415197 -0.3091327857947251 1.951787594547182
20.60884780754904 0.5058396675291422 0.001331531262952077 -0.3704361808970412 1.941894465348741
20.64026373408494 0.5061265929657047 0.01693322990613792 -0.4310052947787353 1.928206846868598
20.67167966062084 0.5069034404675217 0.0325183866757192 -0.4906060352154683 1.910784350240943
20.70309558715674 0.5081694507625885 0.04807177713674965 -0.5490119597322444 1.889711560259814
20.73451151369263 0.5099233874999248 0.06357820877982111 -0.606006709929523 1.865096874567837
20.76592744022853 0.5121635372068586 0.07902253639491608 -0.6613862480188212 1.837070975582183
20.79734336676443 0.514887711650822 0.09438967726823068 -0.714960843606859 1.805784960194956
20.82875929330033 0.5180932499327926 0.1096646263546532 -0.7665567746468407 1.771408189168712
20.86017521983623 0.5217770215853308 0.124832471247955 -0.8160177124539009 1.734125910176836
20.89159114637213 0.5259354289368686 0.1398784073133586 -0.863205775388146 1.694136723189494
20.92300707290802 0.5305644107294077 0.1547877526015512 -0.9080022413101735 1.651649945459286
20.95442299944392 0.5356594475081361 0.1695459621598567 -0.9503079206731238 1.606882938419321
20.98583892597982 0.5412155643831572 0.1841386431343973 -0.9900432105822673 1.560058470351508
21.01725485251572 0.5472273372573366 0.1985515687825628 -1.027147840729688 1.511402150374704
21.04867077905162 0.5536888976609141 0.2127706928990704 -1.06158034733151 1.461139997194596
21.08008670558751 0.5605939394077815 0.226782163478235 -1.093317302538908 1.409496173309367
21.11150263212341 0.5679357238961987 0.2405723369617543 -1.122352341873799 1.356690925321357
21.14291855865931 0.57570708707155 0.2541277917737691 -1.148695022476702 1.302938745197756
21.17433448519521 0.5839004477303056 0.2674353409889783 -1.172369551332953 1.248446769059698
21.2057504117311 0.5925078135083542 0.2804820462907615 -1.193413428591987 1.193413428591991
21.237166338267 0.6015207901672043 0.2932552299942203 -1.211876030450719 1.138027341895208
21.2685822648029 0.6109305888540022 0.305742488294756 -1.227817174840654 1.08246644936237
21.2999981913388 0.6207280360567246 0.3179317026540331 -1.241305689478115 1.026897373281267
21.33141411787469 0.6309035818288485 0.3298110523624385 -1.252418016212883 0.9714749944457407
21.36283004441059 0.6414473101237543 0.3413690254525242 -1.261236864831288 0.9163422201880813
21.39424597094649 0.6523489476390534 0.3525944308333315 -1.26784994023197 0.8616299296356532
21.42566189748239 0.6635978750586149 0.3634764082939534 -1.272348747993561 0.8074570686828459
21.45707782401829 0.6751831372022465 0.3740044393765036 -1.274827494315982 0.7539308784571896
21.48849375055418 0.6870934539203218 0.3841683575382265 -1.275382082370243 0.7011472331063465
21.51990967709008 0.6993172312926325 0.3939583579491781 -1.274109208694047 0.6491910672648253
21.55132560362598 0.7118425731201391 0.403365006921 -1.27110555989928 0.5981368741389042
21.58274153016188 0.7246572926987588 0.4123792509641803 -1.266467107873974 0.5480492567124083
21.61415745669778 0.7377489255020145 0.4209924244837109 -1.260288498903021 0.4989835158813454
21.64557338323367 0.7511047402603291 0.4291962597727146 -1.252662536290372 0.4509862634176521
21.67698930976957 0.7647117527814311 0.4369828929863377 -1.243679743165896 0.4040960443604856
21.70840523630547 0.7785567380723818 0.4443448725352684 -1.233428006871434 0.3583439618414717
21.73982116284137 0.7926262437863928 0.4512751653062443 -1.221992292990059 0.3137542935455395
21.77123708937727 0.8069066030611376 0.4577671639286349 -1.20945442537766 0.270345093929058
21.80265301591317 0.8213839482891345 0.4638146922374397 -1.19589292288302 0.2281287758009176
21.83406894244906 0.836044224899523 0.469412010406815 -1.181382887626357 0.1871126674656871
21.86548486898496 0.8508732045784098 0.4745538215351365 -1.165995939202305 0.1472995422701135
21.89690079552086 0.8658564998343318 0.4792352748381972 -1.149800186051112 0.1086881178769491
21.92831672205676 0.8809795779269126 0.4834519701330163 -1.132860231308414 0.07127352449766215
21.95973264859265 0.8962277746992835 0.4871999630625461 -1.115237207082878 0.03504774117123315
21.99114857512855 0.9115863095147168 0.4904757663582433 -1.096988830966922 9.403967023808266e-16
22.02256450166445 0.9270402993890152 0.4932763535912555 -1.078169483057507 -0.03388284101438457
22.05398042820035 0.9425747734468662 0.4955991620120563 -1.058830298182738 -0.0666159558882484
22.08539635473625 0.9581746876959121 0.4974420933742116 -1.039019270063449 -0.09821623815257899
22.11681228127215 0.973824939496487 0.4988035163311529 -1.018781365188128 -0.1287020166366959
22.14822820780804 0.9895103822959781 0.4996822672395821 -0.9981586431699558 -0.158092798053572
22.17964413434394 1.005215840350477 0.5000776505475946 -0.9771903817056908 -0.1864090348202141
22.21106006087984 1.020926123429425 0.4999894387794509 -0.9559132042390247 -0.213671916498493
22.24247598741573 1.036626041483121 0.4994178717794369 -0.9343612087372033 -0.2399031832241519
22.27389191395163 1.052300419353194 0.4983636570807187 -0.9125660961602545 -0.2651249594775539
22.30530784048753 1.067934111438952 0.4968279677739987 -0.8905572975974007 -0.2893596066133428
22.33672376702343 1.083512016248298 0.4948124405581006 -0.8683620992151631 -0.3126295926261931
22.36813969355932 1.09901909097408 0.4923191740661031 -0.8460057641620903 -0.3349573776360881
22.39955562009522 1.114440366010989 0.4893507263810131 -0.8235116509364953 -0.3563653137011938
22.43097154663112 1.129760959272929 0.4859101115651696 -0.8009013278776523 -0.3768755576746854
22.46238747316702 1.144966090396782 0.4820007960242778 -0.7781946833723201 -0.3965099958394579
22.49380339970292 1.160041095100999 0.4776266954228819 -0.7554100313726972 -0.4152901790602265
22.52521932623882 1.174971439148542 0.4727921699440855 -0.7325642124779563 -0.4332372675537167
22.55663525277471 1.189742731860615 0.4675020185668824 -0.7096726904829144 -0.4503719843205321
22.58805117931061 1.204340740700506 0.4617614763677196 -0.6867496434551329 -0.4667145757480495
22.61946710584651 1.218751403744196 0.4555762060228455 -0.6638080513298452 -0.4822847797234971
22.65088303238241 1.232960844259415 0.4489522948626656 -0.6408597775465473 -0.4971017988986668
22.68229895891831 1.246955382923998 0.4418962462356026 -0.6179156474460263 -0.5111842801095151
22.7137148854542 1.260721551391112 0.4344149741310453 -0.5949855214283996 -0.5245502978781803
22.7451308119901 1.274246104299619 0.4265157947751941 -0.5720783645809814 -0.5372173425673876
22.776546738526 1.287516033490855 0.4182064220587842 -0.5492023111117007 -0.5492023111117008
22.8079626650619 1.300518577973821 0.4094949559094829 -0.5263647267501527 -0.5605215025510282
22.8393785915978 1.31324123823047 0.400389877772322 -0.5035722653780947 -0.5711906143316045
22.8707945181337 1.325671786782758 0.3909000402071854 -0.4808309236901226 -0.5812247423970083
22.90221044466959 1.337798279336846 0.3810346578116316 -0.4581460920676309 -0.5906383829162749
22.93362637120549 1.349609067775053 0.3708033002831849 -0.435522601564533 -0.5994454347499903
22.96504229774139 1.361092809013726 0.3602158805113474 -0.4129647692866939 -0.6076592050132714
22.99645822427728 1.372238477512218 0.3492826470240389 -0.3904764395984722 -0.6152924140654668
23.02787415081318 1.383035374253328 0.3380141725360994 -0.3680610237646259 -0.6223572028796729
23.05929007734908 1.39347313768703 0.3264213446528475 -0.3457215364060494 -0.6288651401622342
23.09070600388498 1.403541752709692 0.3145153546933199 -0.3234606301259437 -0.63482723080249
23.12212193042088 1.413231560931406 0.3023076877013641 -0.3012806275600428 -0.6402539240417777
23.15353785695678 1.422533269016147 0.2898101108357033 -0.2791835518261411 -0.6451551226768282
23.18495378349267 1.431437957287541 0.2770346621318699 -0.2571711549288834 -0.6495401921925437
23.21636971002857 1.439937089079788 0.2639936397267682 -0.2352449442508392 -0.6534179694999793
23.24778563656447 1.448022517090133 0.2506995891046837 -0.213406207933791 -0.6567967728888254
23.27920156310037 1.455686492890906 0.2371652924145155 -0.191656038165999 -0.6596844103223475
23.31061748963626 1.462921672184196 0.2234037552221972 -0.1699953537454626 -0.6620881893714108
23.34203341617216 1.46972112370851 0.2094281953721482 -0.1484249208081805 -0.6640149251418804
23.37344934270806 1.476078333273645 0.1952520293358875 -0.1269453729939603 -0.6654709500072211
23.40486526924396 1.481987211888045 0.1808888606422337 -0.1055572300390754 -0.6664621210440991
23.43628119577986 1.487442101472304 0.1663524670075401 -0.08426091572925665 -0.6669938280841049
23.46769712231576 1.492437777810893 0.1516567865858875 -0.0630567751082747 -0.6670710024932296
23.49911304885165 1.496969457626607 0.1368159058239897 -0.04194509060249256 -0.6666981235613241
23.53052897538755 1.501032802977179 0.1218440461860849 -0.02092609769475277 -0.6658792255460974
23.56194490192345 1.504623923354126 0.1067555503806218 5.701569187650277e-16 -0.6646179051644932
23.59336082845935 1.507739381759706 0.09156486966534713 0.0208330162746477 -0.6629173267326826
23.62477675499525 1.510376196015115 0.07628654993309175 0.04157276822488103 -0.6607802288339849
23.65619268153114 1.512531842478989 0.06093521842025924 0.06221906255161708 -0.6582089293217043
23.68760860806704 1.514204258268989 0.04552557007432535 0.08277168214252652 -0.6552053303882832
23.71902453460294 1.515391842221854 0.03007235384037774 0.1032303729515042 -0.6517709235830371
23.75044046113883 1.516093458380483 0.01459035916374036 0.1235948308792816 -0.6479067931458433
23.78185638767473 1.51630843549541 -0.0009055979007183983 0.1438646889313574 -0.6436136204834177
23.81327231421063 1.516036567019753 -0.016400688345803 0.1640395044386907 -0.6388916878388271
23.84468824074653 1.515278114204126 -0.03188008398687967 0.1841187458750868 -0.6337408800900691
23.87610416728243 1.514033801861846 -0.04732897112401369 0.2041017802871642 -0.6281606890979681
23.90752009381833 1.512304821299728 -0.06273256440203528 0.2239878597716621 -0.6221502144955137
23.93893602035422 1.510092827263615 -0.07807612045058505 0.2437761083547043 -0.6157081664794518
23.97035194689012 1.507399936573258 -0.09334495152485228 0.2634655083889741 -0.6088328673877312
24.00176787342602 1.504228726568302 -0.1085244391842989 0.2830548865639801 -0.6015222528892017
24.03318379996192 1.500582232838775 -0.1236000479210659 0.3025428995521929 -0.5937738730271234
24.06459972649781 1.496463945639619 -0.1385573384935961 0.3219280193855939 -0.5855848933729663
24.09601565303371 1.491877807819734 -0.1533819816453502 0.3412085179377345 -0.5769520951999779
24.12743157956961 1.486828209564642 -0.1680597709975963 0.3603824514036427 -0.5678718765695493
24.15884750610551 1.481319985918921 -0.1825766367499194 0.3794476434498705 -0.5583402520296731
24.19026343264141 1.475358412129941 -0.1969186588575293 0.3984016680014055 -0.5483528529226924
24.2216793591773 1.468949196936882 -0.2110720793068352 0.4172418317332122 -0.5379049282462304
24.2530952857132 1.462098479373698 -0.2250233158011329 0.4359651547013003 -0.5269913440480731
24.2845112122491 1.454812822439602 -0.2387589743149956 0.4545683507344161 -0.5156065839264364
24.315927138785 1.447099206383135 -0.2522658613663633 0.473047806887849 -0.5037447496384082
24.3473430653209 1.438965022577791 -0.2655309965833837 0.4913995615541933 -0.4913995615541951
24.3787589918568 1.430418067122064 -0.2785416252587153 0.5096192813672041 -0.4785643593735967
24.41017491839269 1.421466532473723 -0.2912852297320388 0.5277022374385902 -0.4652321037575174
24.44159084492859 1.412119001302666 -0.303749542230626 0.5456432794013788 -0.4513953775571857
24.47300677146449 1.402384436572506 -0.3159225551994735 0.5634368093151886 -0.4370463887569587
24.50442269800039 1.392272175110732 -0.3277925341396294 0.5810767526906894 -0.4221769728650402
24.53583862453629 1.381791917495541 -0.339348027793668 0.598556529244738 -0.4067785972224316
24.56725455107218 1.370953719739839 -0.3505778797270738 0.6158690212111896 -0.3908423656202483
24.59867047760808 1.359767983465107 -0.3614712387182262 0.6330065404323671 -0.3743590244367844
24.63008640414398 1.348245446298076 -0.3720175693555201 0.6499607934519404 -0.3573189699431097
24.66150233067988 1.336397171329298 -0.3822066617082102 0.6667228450521895 -0.3397122573134213
24.69291825721577 1.324234537894844 -0.3920286425497495 0.6832830790718059 -0.32152861096792
24.72433418375167 1.311769229505441 -0.4014739834623412 0.69963115846984 -0.3027574375902326
24.75575011028757 1.299013223966188 -0.4105335115059224 0.7157559821057307 -0.2833878407801813
24.78716603682347 1.285978780806525 -0.4191984165344497 0.7316456406567879 -0.2634086388523817
24.81858196335937 1.2726784315986 -0.4274602625760029 0.7472873686564644 -0.2428083848225456
24.84999788989526 1.259124965734362 -0.4353109926683545 0.7626674967221138 -0.2215753905542759
24.88141381643116 1.245331420692897 -0.4427429405728684 0.7777713988696405 -0.199697753571884
24.91282974296706 1.231311068052168 -0.4497488358625619 0.7925834399284388 -0.177163388729729
24.94424566950296 1.217077401579257 -0.4563218123529495 0.8070869194137453 -0.153960063955326
24.97566159603885 1.202644124251358 -0.4624554147668924 0.8212640137496784 -0.1300754411764266
25.00707752257475 1.188025135397698 -0.4681436057150397 0.835095716204996 -0.1054971227711849
25.03849344911065 1.17323451722741 -0.4733807713315307 0.8485617751477289 -0.08021270422635832
25.06990937564655 1.158286521837276 -0.4781617282660612 0.8616406300275337 -0.05420983353040796
25.10132530218245 1.143195557041055 -0.4824817275125635 0.8743093464715387 -0.0274762781264053
25.13274122871834 1.127976173190841 -0.4863364612203312 0.8865435492056364 -8.685621758715333e-16
25.16415715525424 1.112643048813264 -0.4897220658522759 0.8983173547273738 0.02823076018102245
25.19557308179014 1.09721097688235 -0.4926351276180774 0.9096033027887637 0.05722738912777467
25.22698900832604 1.081694850451016 -0.495072685534183 0.9203722881623936 0.08700079627750451
25.25840493486194 1.066109648482123 -0.4970322354924703 0.930593492636526 0.1175612975107637
25.28982086139784 1.0504704213197 -0.4985117322374413 0.940234318405949 0.148918486294648
25.32123678793373 1.034792276373566 -0.4995095931018799 0.949260323213002 0.1810810912141723
25.35265271446963 1.019090363477448 -0.5000246996432696 0.957635158680748 0.2140568189185604
25.38406864100553 1.003379860275725 -0.5000563990657675 0.9653205126745005 0.2478521814226103
25.41548456754143 0.9876759575904072 -0.499604505683051 0.9722760570377076 0.2824723067268659
25.44690049407732 0.9719938447330799 -0.4986693016608295 0.9784594022365697 0.3179207317509343
25.47831642061322 0.9563486947991944 -0.4972515373726474 0.9838260605895256 0.354199176605156
25.50973234714912 0.9407556499451799 -0.4953524313600207 0.9883294200172293 0.3913072993036288
25.54114827368502 0.925229806650574 -0.4929736698863111 0.9919207304900233 0.4292424301293299
25.57256420022092 0.9097862013012455 -0.4901174044498627 0.9945491052423822 0.4679992848386695
25.60398012675681 0.8944397950816799 -0.4867862531019233 0.9961615405394638 0.5075696567124306
25.63539605329271 0.8792054597823915 -0.4829832960687785 0.9967029552577559 0.5479420865072333
25.66681197982861 0.8640979633933072 -0.4787120734066989 0.9961162547170187 0.5891015108418575
25.69822790636451 0.8491319550793369 -0.4739765842276407 0.9943424228135749 0.6310288898842963
25.7296438329004 0.8343219516032131 -0.4687812806846066 0.991320643889646 0.6737008139028855
25.7610597594363 0.8196823225123449 -0.4631310661436931 0.9869884614508858 0.7170890918946466
25.7924756859722 0.805227276409831 -0.4570312898086374 0.9812819753183974 0.7611603228167684
25.8238916125081 0.790970846951884 -0.4504877422402544 0.974136083200879 0.8058754531915943
25.855307539044 0.7769268788803597 -0.4435066505515318 0.9654847708595885 0.851189324633327
25.8867234655799 0.7631090145530474 -0.4360946724146083 0.9552614548111017 0.8970502154657797
25.91813939211579 0.7495306806951906 -0.4282588897011058 0.9433993823050781 0.9433993823050779
25.94955531865169 0.7362050746065363 -0.4200068029380361 0.9298320937200079 0.9901706094745494
25.98097124518759 0.7231451517617757 -0.4113463232628487 0.9144939487079723 1.037289772050587
26.01238717172349 0.7103636125722655 -0.4022857657727545 0.8973207220461987 1.084674424673467
26.04380309825939 0.6978728900503779 -0.3928338413554081 0.8782502693416459 1.13223342479839
26.07521902479528 0.6856851375950205 -0.3829996483791295 0.857223264826885 1.179866603514991
26.10663495133118 0.6738122164587982 -0.3727926646555427 0.8341840116911882 1.227464498375023
26.13805087786708 0.6622656844327813 -0.3622227378087794 0.8090813212493794 1.27490816049931
26.16946680440298 0.6510567844051516 -0.3513000758522518 0.7818694589220301 1.32206905391574
26.20088273093888 0.6401964330291294 -0.3400352375612056 0.7525091507028048 1.368809063645612
26.23229865747478 0.6296952095928924 -0.3284391225051774 0.7209686413734309 1.414980629699276
26.26371458401067 0.6195633459195897 -0.3165229600556005 0.6872247920559408 1.460427022394337
26.29513051054657 0.6098107161830878 -0.304298298500792 0.6512642039493791 1.504982777981287
26.32654643708247 0.6004468266284353 -0.2917769941294921 0.6130843504523659 1.548474310554745
26.35796236361836 0.5914808062513188 -0.2789711994539637 0.5726946955255298 1.590720711492448
26.38937829015426 0.5829213982278343 -0.2658933509243929 0.5301177745651556 1.631534747543156
26.42079421669016 0.5747769501836677 -0.2525561573715037 0.4853902125860851 1.670724070215558
26.45221014322606 0.5670554069055308 -0.2389725867846776 0.4385636467553988 1.708092629632562
26.48362606976195 0.5597643015736897 -0.2251558540111964 0.3897055256708408 1.743442300974016
26.51504199629785 0.5529107483179213 -0.2111194075611648 0.3388997503770408 1.776574707069861
26.54645792283375 0.5465014357383881 -0.1968769159481567 0.2862471254606488 1.807293221948546
26.57787384936965 0.5405426193369365 -0.1824422545211499 0.231865590391456 1.835405138879647
26.60928977590555 0.5350401158403086 -0.1678294913594456 0.1758902006267563 1.860723962799495
26.64070570244145 0.5299992972777151 -0.153052873302002 0.1184728354392715 1.883071795669409
26.67212162897734 0.5254250853036041 -0.1381268118157518 0.05978161293912948 1.902281768271857
26.70353755551324 0.5213219461642288 -0.1230658685740464 5.404158868439393e-15 1.918200465869082
26.73495348204914 0.5176938873160636 -0.1078847405884885 -0.06067438663603558 1.930690287937494
26.76636940858504 0.5145444514776872 -0.09259824597481116 -0.12203128291246 1.939631698606608
26.79778533512093 0.5118767150554361 -0.07722130860089281 -0.1838495687546968 1.94492528243888
26.82920126165683 0.5096932835695276 -0.06176894343073987 -0.2458993233863243 1.946493574265715
26.86061718819273 0.5079962897324088 -0.04625624128148807 -0.3079441094395238 1.944282587409075
26.89203311472863 0.5067873913959963 -0.03069835366586217 -0.3697434422540858 1.93826300220864
26.92344904126453 0.5060677691889497 -0.01511047760746363 -0.4310553935220007 1.928430975762004
26.95486496780043 0.5058381266826882 0.0004921597227484284 -0.4916392696528726 1.914808532683466
26.98628089433632 0.5060986875455991 0.01609431626295132 -0.5512583077269751 1.89744354077271
27.01769682087222 0.5068491977509298 0.03168075044365701 -0.6096823192108515 1.876409236742072
27.04911274740812 0.5080889237892833 0.04723623653865983 -0.66669022760625 1.851803345637252
27.08052867394402 0.5098166548061969 0.06274557994751795 -0.7220724337156395 1.823746786463263
27.11194460047991 0.5120307029929725 0.07819363253077764 -0.7756329616824331 1.79238201990512
27.14336052701581 0.5147289057366083 0.09356530780761242 -0.8271913366818889 1.757871070347522
27.17477645355171 0.5179086276655008 0.1088455961270405 -0.8765841607735489 1.720393282893599
27.20619238008761 0.5215667630208176 0.1240195798161231 -0.9236663611605268 1.680142873691681
27.23760830662351 0.5256997392213848 0.1390724480732662 -0.9683120948553511 1.637326334380137
27.26902423315941 0.5303035204480588 0.1539895117987322 -1.01041530806032 1.592159759355611
27.3004401596953 0.5353736110779972 0.1687562185089937 -1.0498899576323 1.544866159184053
27.3318560862312 0.5409050610072486 0.1833581666684234 -1.08666990691107 1.495672813392488
27.3632720127671 0.546892470018126 0.1977811202875401 -1.120708525448635 1.44480872510368
27.394687939303 0.5533299935855971 0.2120110230065509 -1.151978018791573 1.39250221695527
27.42610386583889 0.5602113486185502 0.2260340121509637 -1.180468526663033 1.338978711302783
27.45751979237479 0.5675298194886741 0.2398364326811677 -1.206187027397857 1.284458723381603
27.48893571891069 0.5752782655481151 0.2534048503595142 -1.229156085903623 1.229156085903628
27.52035164544658 0.5834491270969251 0.2667260657171341 -1.249412491280169 1.17327642486124
27.55176757198249 0.5920344340070549 0.2797871265580972 -1.267005813417808 1.117015881741383
27.58318349851838 0.6010258134656024 0.2925753408415349 -1.281996921784269 1.060560088215198
27.61459942505428 0.6104144974772968 0.3050782898235264 -1.294456497414823 1.004083382989723
27.64601535159018 0.6201913332323959 0.3172838391355155 -1.304463559912074 0.9477482525093932
27.67743127812608 0.6303467907448577 0.3291801517700841 -1.312104045611514 0.8917049885951459
27.70884720466197 0.640870973077042 0.3407556991593527 -1.317469445445634 0.8360915340045892
27.74026313119787 0.6517536262233468 0.3519992723799867 -1.320655524375985 0.7810334998825613
27.77167905773377 0.6629841491794514 0.3628999931720269 -1.321761132793947 0.7266443318410611
27.80309498426967 0.6745516044990336 0.3734473244849617 -1.320887117079927 0.6730256020615504
27.83451091080557 0.6864447291676656 0.3836310806667555 -1.318135334163244 0.6202674060610014
27.86592683734146 0.6986519457829333 0.3934414372891349 -1.31360777168596 0.5684488435650555
27.89734276387737 0.7111613743629194 0.4028689401544955 -1.307405772313175 0.5176385641226009
27.92875869041326 0.7239608434700833 0.4119045151461256 -1.299629361782059 0.4678953610552422
27.96017461694916 0.7370379030258617 0.4205394758573562 -1.290376671797546 0.4192687962264863
27.99159054348506 0.7503798359444477 0.4287655327536757 -1.279743457482825 0.371799844125722
28.02300647002096 0.7639736712150575 0.4365748002394294 -1.267822698114915 0.3255215415595764
28.05442239655685 0.7778061966185662 0.4439598041016459 -1.254704277468406 0.2804596342185237
28.08583832309275 0.7918639714622642 0.4509134890033963 -1.240474735723595 0.2366332114336562
28.11725424962865 0.806133340370957 0.4574292239371728 -1.225217083988406 0.1940553221235666
28.14867017616455 0.8206004460379228 0.4635008096874132 -1.209010677613778 0.1527335674376572
28.18008610270044 0.8352512435204591 0.4691224830352521 -1.191931137279048 0.1126706653220463
28.21150202923634 0.8500715136641875 0.4742889226926329 -1.174050315045061 0.07386498491010775
28.24291795577224 0.8650468770795106 0.4789952540283265 -1.155436296978692 0.03631104846499588
28.27433388230814 0.8801628083427918 0.4832370530372997 -1.136153437206513 1.252248003193697e-15
28.30574980884404 0.8954046502720184 0.4870103498301805 -1.116262418407239 -0.03507995973506101
28.33716573537993 0.9107576280236813 0.4903116328140488 -1.095820334323152 -0.06894317170372276
28.36858166191583 0.9262068637719549 0.4931378505504166 -1.074880789102208 -0.1016061497701071
28.39999758845173 0.9417373909181238 0.4954864157299831 -1.053494011050406 -0.1330872436126932
28.43141351498763 0.957334169066312 0.4973552049620715 -1.031706976006539 -0.1634063319737153
28.46282944152352 0.9729820983779407 0.4987425616259802 -1.009563539109569 -0.1925845448730311
28.49424536805942 0.9886660342900574 0.4996472968202697 -0.9871045713020121 -0.2206440130748363
28.52566129459532 1.004370802245289 0.5000686897775668 -0.9643680988767758 -0.2476076431223424
28.55707722113122 1.020081212406011 0.5000064878745664 -0.9413894442893923 -0.2734989162099982
28.58849314766712 1.035782074350364 0.4994609062478048 -0.918201366722484 -0.2983417091561096
28.61990907420302 1.051458211750087 0.4984326270241496 -0.8948342011502176 -0.3221601357618214
28.65132500073891 1.067094477031209 0.4969227981729904 -0.8713159948826711 -0.3449784068875018
28.68274092727481 1.082675766004307 0.4949330318792038 -0.8476726407860976 -0.3668207076440642
28.71415685381071 1.098187032245726 0.4924654013348463 -0.8239280067036516 -0.3877110902451469
28.74557278034661 1.113613301921752 0.4895224405189968 -0.8001040600455893 -0.4076733808370443
28.77698870688251 1.128939687880245 0.4861071390120218 -0.776220988110766 -0.4267310993435621
28.8084046334184 1.144151403821362 0.4822229385674038 -0.7522973132132205 -0.4449073907965476
28.8398205599543 1.159233779009802 0.4778737313664105 -0.7283500022085507 -0.4622249667678684
28.8712364864902 1.174172271623857 0.4730638530400515 -0.7043945716165885 -0.4787060565437967
28.9026524130261 1.188952483256677 0.4677980801225016 -0.6804451866393837 -0.4943723660700563
28.934068339562 1.203560172186319 0.462081623443551 -0.6565147556688745 -0.5092450446740893
28.96548426609789 1.21798126745443 0.4559201239744903 -0.6326150191013661 -0.5233446579034003
28.99690019263379 1.232201881370534 0.449319644856957 -0.6087566339341555 -0.5366911667007834
29.02831611916969 1.246208324078568 0.4422866681650071 -0.584949252333396 -0.5493039106722655
29.05973204570559 1.259987115295333 0.4348280854819579 -0.5612015969074462 -0.561201596907446
29.09114797224148 1.273524997704266 0.4269511922223337 -0.5375215305256645 -0.5724022918556712
29.12256389877738 1.286808949804858 0.4186636806157768 -0.5139161220660915 -0.582923416676743
29.15397982531328 1.299826197115139 0.4099736302040566 -0.4903917086479742 -0.5927817461179661
29.18539575184918 1.312564225710264 0.4008895020635985 -0.4669539529170974 -0.6019934087020508
29.21681167838507 1.325010793187886 0.3914201290164495 -0.4436078976219537 -0.6105738900650807
29.24822760492097 1.337153939630106 0.3815747062912844 -0.4203580165254718 -0.6185380379639422
29.27964353145687 1.348982001013951 0.3713627850822317 -0.3972082611749058 -0.6259000675082274
29.31105945799277 1.360483617189297 0.3607942596206846 -0.3741621062677904 -0.6326735699928545
29.34247538452867 1.371647745417717 0.3498793608124351 -0.3512225902831952 -0.6388715200176966
29.37389131106456 1.382463669023327 0.3386286443425684 -0.3283923548314876 -0.6445062855198493
29.40530723760046 1.392921007853978 0.327052980951109 -0.3056736808220413 -0.6495896374339653
29.43672316413636 1.403009728024977 0.3151635459778835 -0.2830685224070752 -0.6541327599887045
29.46813909067226 1.412720151682628 0.3029718089093242 -0.2605785386767662 -0.6581462611550036
29.49955501720816 1.422042965436125 0.2904895218778845 -0.2382051235290256 -0.6616401837518792
29.53097094374406 1.430969229923779 0.2777287090790665 -0.2159494333720987 -0.66462401595163
29.56238687027995 1.439490386677364 0.2647016542895644 -0.1938124134911385 -0.667106702875241
29.59380279681585 1.447598268457762 0.2514208907492522 -0.1717948222125222 -0.669096656326162
29.62521872335175 1.455285103952725 0.2378991874461962 -0.1498972543620765 -0.6706017668208402
29.65663464988765 1.462543528068549 0.2241495388618927 -0.1281201625726523 -0.6716294126479148
29.68805057642355 1.469366586029412 0.2101851511661847 -0.1064638780598349 -0.6721864713584603
29.71946650295944 1.475747742074152 0.1960194309597315 -0.08492862973190225 -0.6722793286609187
29.75088242949534 1.481680884151193 0.1816659719745549 -0.06351456263298327 -0.6719138886464109
29.78229835603124 1.487160329867081 0.1671385425003125 -0.04222175529314181 -0.6710955828935221
29.81371428256714 1.492180832441563 0.1524510727380067 -0.02105023626843791 -0.6698293790105189
29.84513020910303 1.496737584742077 0.1376176414599987 -1.964119381084981e-15 -0.6681197894635109
29.87654613563893 1.500826224410113 0.1226524630934371 0.02092897803039968 -0.6659708793125459
29.90796206217483 1.504442836845129 0.1075698741888351 0.04173672670806428 -0.6633862742975132
29.93937798871073 1.507583960468463 0.09238432049397861 0.06242326516214037 -0.6603691672958113
29.97079391524663 1.510246588830406 0.07711034320859643 0.08298858907628268 -0.6569223255672511
30.00220984178253 1.512428173545396 0.06176256552586522 0.1034326573496198 -0.6530480970080206
30.03362576831842 1.514126626411834 0.04635567904422362 0.1237553790529258 -0.6487484161456866
30.06504169485432 1.515340321959255 0.03090443022042505 0.1439566005308273 -0.6440248093424573
30.09645762139022 1.516068099353466 0.0154236066596849 0.1640360926207133 -0.638878399685138
30.12787354792611 1.516309261236006 -7.197669900625833e-05 0.1839935382389009 -0.6333099125795545
30.15928947446201 1.516063577490637 -0.01556749117447051 0.20382851943876 -0.6273196786834803
30.19070540099791 1.515331283086975 -0.03104810818143357 0.2235405049879419 -0.6209076387821282
30.22212132753381 1.514113078380447 -0.04649901289917059 0.2431288375624076 -0.6140733470731106
30.25353725406971 1.512410129838699 -0.06190541812912631 0.2625927205850796 -0.6068159737741657
30.2849531806056 1.510224066963635 -0.07725257786702965 0.2819312053615442 -0.5991343087818823
30.3163691071415 1.507556981727039 -0.09252580101521021 0.3011431774999712 -0.5910267638226461
30.3477850336774 1.504411426732013 -0.1077104650438112 0.3202273430933819 -0.582491374681617
30.3792009602133 1.500790412965697 -0.1227920296209115 0.3391822144868711 -0.5735258031819649
30.4106168867492 1.496697407137904 -0.1377560502042851 0.3580060955698754 -0.5641273389499624
30.4420328132851 1.492136326249962 -0.1525881908453467 0.3766970671270756 -0.5542929018779283
30.47344873982099 1.487111538011518 -0.1672742386456267 0.3952529701157615 -0.5440190420798705
30.50486466635689 1.481627853322209 -0.18180011605473 0.4136713900718542 -0.5333019425923661
30.53628059289279 1.475690523023999 -0.1961518943098311 0.4319496397133945 -0.5221374202477415
30.56769651942869 1.469305233598982 -0.2103158067129972 0.4500847408702166 -0.5105209268145771
30.59911244596458 1.462478100909185 -0.2242782611413766 0.4680734060244191 -0.4984475507484408
30.63052837250049 1.45521566517881 -0.2380258530736511 0.4859120184771118 -0.4859120184771104
30.66194429903638 1.447524883795925 -0.2515453775970234 0.5035966121078321 -0.472908696487181
30.69336022557228 1.439413127363893 -0.2648238432161793 0.5211228488684105 -0.459431592467662
30.72477615210818 1.430888169117871 -0.2778484820170797 0.5384859973025025 -0.4454743588673712
30.75619207864408 1.421958181607487 -0.2906067640578038 0.5556809072137699 -0.4310302944071819
30.78760800517997 1.412631725539646 -0.3030864070216945 0.5727019857676565 -0.4160923485333245
30.81902393171587 1.402917744681122 -0.3152753898166321 0.5895431698759734 -0.4006531245207771
30.85043985825177 1.392825555567627 -0.3271619626915954 0.6061978990311678 -0.3847048848558995
30.88185578478766 1.382364839319483 -0.3387346587723159 0.6226590857357686 -0.3682395567880384
30.91327171132356 1.371545633223459 -0.3499823056276978 0.6389190842920285 -0.3512487389642888
30.94468763785946 1.3603783203252 -0.3608940351278975 0.6549696587162384 -0.3337237097626071
30.97610356439536 1.348873620528958 -0.3714592946894175 0.6708019481552272 -0.3156554365694414
31.00751949093126 1.337042580048106 -0.3816678570358138 0.6864064311631426 -0.2970345870514401
31.03893541746716 1.324896560831401 -0.3915098298471412 0.70177288806969 -0.2778515422016577
31.07035134400305 1.312447230836035 -0.4009756665429242 0.7168903608832178 -0.2580964112587709
31.10176727053895 1.299706552055496 -0.4100561745011216 0.7317471122931947 -0.2377590494456108
31.13318319707485 1.286686769223568 -0.4187425239208432 0.7463305822724962 -0.2168290781505304
31.16459912361075 1.273400399587764 -0.4270262584952448 0.7606273419124018 -0.1952959079056066
31.19601505014665 1.259860218972497 -0.4348993006665943 0.7746230472573173 -0.1731487653245017
31.22743097668254 1.246079251917387 -0.4423539631472153 0.7883023886459926 -0.1503767230674918
31.25884690321844 1.23207075757833 -0.4493829537742149 0.8016490404629573 -0.1269687346104288
31.29026282975434 1.217848218038733 -0.4559793842902811 0.8146456074076416 -0.102913673237663
31.32167875629024 1.203425325593858 -0.46213677765815 0.8272735693939276 -0.07820037630675035
31.35309468282614 1.188815969104074 -0.4678490732950238 0.8395132252306583 -0.05281769522042592
31.38451060936204 1.174034221571499 -0.4731106351546195 0.8513436337723155 -0.02675455152924147
31.41592653589793 1.159094325919597 -0.4779162555273296 0.8627425548016765 -1.056554908226083e-15
31.44734246243383 1.144010682276439 -0.4822611629294978 0.8736863875928482 0.02745670085494758
31.47875838896973 1.128797833463641 -0.4861410249494841 0.8841501098260378 0.05562600996198167
31.51017431550563 1.113470451600889 -0.4895519545358635 0.8941072151234131 0.08451801588736403
31.54159024204152 1.098043323779668 -0.4924905132410571 0.9035296511793689 0.1141423392411168
31.57300616857742 1.082531338079687 -0.494953715867162 0.9123877580737836 0.144508024421471
31.60442209511332 1.066949469162759 -0.4969390333255004 0.9206502080173444 0.175623419853952
31.63583802164921 1.05131276396716 -0.498444396153606 0.9282839468780897 0.2074960457755392
31.66725394818512 1.035636327157572 -0.4994681964123124 0.9352541386675993 0.240132448663147
31.69866987472101 1.019935306656628 -0.5000092905002812 0.9415241137448306 0.2735380413035879
31.73008580125691 1.004224878999117 -0.5000670006705729 0.9470553221535846 0.3077169275899005
31.76150172779281 0.9885202346713774 -0.4996411161737631 0.9518072933196065 0.3426717110731676
31.79291765432871 0.9728365634335598 -0.4987318940228131 0.9557376036594155 0.3784032863499783
31.8243335808646 0.9571890396241242 -0.497340059372701 0.9588018538578046 0.4149106124227393
31.8557495074005 0.9415928074459994 -0.4954668055058614 0.9609536577921575 0.4521904672572503
31.8871654339364 0.9260629662373181 -0.4931137934128799 0.9621446453134964 0.4902371828820145
31.9185813604723 0.9106145559085899 -0.4902831500758655 0.9623244811516389 0.5290423604321065
31.94999728700819 0.895262542113841 -0.4869774681618519 0.9614409031026938 0.5685945650629486
31.98141321354409 0.8800218019203049 -0.4831998027395368 0.9594397816731365 0.6088790002813108
32.01282914007999 0.8649071089556583 -0.4789536703647801 0.9562652054892102 0.6498771625670009
32.04424506661589 0.8499331194986859 -0.4742430442550128 0.9518595943785869 0.6915664760059792
32.07566099315179 0.835114357701963 -0.4690723526802736 0.9461638458115029 0.7339199092918832
32.10707691968769 0.820465201277969 -0.4634464751546051 0.9391175172032004 0.7769055759535289
32.13849284622358 0.8059998678320911 -0.4573707369944307 0.930659047932655 0.8204863198084529
32.16990877275948 0.7917324009716562 -0.4508509047187657 0.9207260262770367 0.8646192894070991
32.20132469929538 0.7776766557156618 -0.4438931826023144 0.9092555061149814 0.9092555061149744
32.23274062583128 0.7638462860186624 -0.4365042046048582 0.8961843743414698 0.9543394276628054
32.26415655236718 0.7502547300436947 -0.4286910308626287 0.8814497781108794 0.9998085178173721
32.29557247890308 0.7369151981144014 -0.4204611389294046 0.8649896099031643 1.045592823634739
32.32698840543897 0.7238406589376256 -0.4118224182200884 0.8467430588280828 1.09161457375908
32.35840433197487 0.7110438268426659 -0.4027831624644838 0.8266512275375341 1.137787804117957
32.38982025851077 0.6985371499745607 -0.3933520608842057 0.8046578165135552 1.184018021524956
32.42123618504667 0.6863327964886805 -0.3835381919989639 0.7807098796973106 1.23020192218942
32.45265211158257 0.6744426439371771 -0.3733510130568851 0.7547586445286902 1.276227170303485
32.48406803811846 0.6628782668519073 -0.3628003518981296 0.7267603995973917 1.321972259258933
32.51548396465436 0.6516509252722427 -0.3518963974942746 0.6966774420674433 1.367306466750013
32.54689989119026 0.6407715535683285 -0.3406496901196799 0.6644790786887987 1.412089921013532
32.57831581772616 0.6302507495707885 -0.3290711111593319 0.630142670842112 1.456173794809428
32.60973174426205 0.6200987640174456 -0.3171718725594794 0.5936547112264934 1.499400643640199
32.64114767079795 0.6103254903267185 -0.3049635059295791 0.5550119167789657 1.541604904049729
32.67256359733385 0.6009404550443672 -0.2924578510610592 0.5142223190018619 1.582613565640105
32.70397952386975 0.591952807795213 -0.2796670447715302 0.4713063311218322 1.622247032248487
32.73539545040565 0.5833713125408255 -0.2666035086869633 0.4262977657946611 1.660320177401333
32.76681137694154 0.5752043385182339 -0.2532799372284925 0.3792447775315779 1.696643603997799
32.79822730347744 0.5674598522326399 -0.2397092848613954 0.3302106992212488 1.731025105765514
32.82964323001334 0.5601454090530262 -0.2259047535496333 0.2792747427934777 1.763271330322798
32.86105915654924 0.5532681463249861 -0.2118797793175121 0.22653253110054 1.793189627677781
32.89247508308513 0.546834775537506 -0.1976480192921119 0.172096431186213 1.820590074258722
32.92389100962103 0.5408515754704175 -0.1832233381276377 0.116095657990277 1.845287642104427
32.95530693615693 0.535324386657389 -0.1686197938619111 0.05867612210656205 1.867104479597381
32.98672286269283 0.5302586053923818 -0.1538516240086268 -9.249782941902187e-16 1.885872270304823
33.01813878922872 0.5256591772633551 -0.1389332316828052 -0.05975499037542058 1.901434624558983
33.04955471576462 0.5215305937418445 -0.1238791706663331 -0.1203966177301403 1.913649439561528
33.08097064230052 0.517876886309118 -0.1087041312664598 -0.1817194700254294 1.922391191656379
33.11238656883641 0.5147016235602069 -0.09342292527515038 -0.2435065828962481 1.927553082992028
33.14380249537231 0.51200790644872 -0.07805047138426095 -0.305531346430278 1.929049001304944
33.17521842190821 0.5097983660792554 -0.06260177999512653 -0.3675596609436553 1.926815219678399
33.20663434844412 0.5080751608187624 -0.04709193820897797 -0.4293523049719839 1.920811795573824
33.23805027498001 0.506839974078514 -0.03153609467236131 -0.4906674687942621 1.911023618232979
33.26946620151591 0.5060940122885695 -0.01594944435430631 -0.5512634002082444 1.897461069208211
33.30088212805181 0.5058380041528887 -0.0003472132088771909 -0.6109011024042189 1.880160265711664
33.33229805458771 0.5060721998467423 0.01525535712524568 -0.669347022713118 1.859182877935516
33.3637139811236 0.5067963704729731 0.03084302466961511 -0.7263756690702426 1.834615518300828
33.3951299076595 0.508009808722426 0.04640056243926179 -0.7817720914356995 1.806568711718395
33.4265458341954 0.509711329092451 0.06191277379208024 -0.8353341730174622 1.775175478396915
33.45796176073129 0.511899269539128 0.07736450769013922 -0.8868746778019022 1.740589559720526
33.48937768726719 0.5145714931012834 0.09274067391721426 -0.9362230138288856 1.702983340103881
33.52079361380309 0.5177253892971089 0.1080262583925875 -0.9832266801546511 1.662545520845583
33.55220954033899 0.5213578782525444 0.1232063379755975 -1.02775236997463 1.61947859756523
33.58362546687489 0.5254654118851527 0.1382660958510898 -1.06968672939976 1.57399622423737
33.61504139341078 0.530043979367847 0.1531908359578104 -1.108936758405384 1.526320505215091
33.64645731994668 0.5350891095703511 0.1679659981350849 -1.145429878296548 1.476679301154428
33.67787324648258 0.5405958769382622 0.1825771722843976 -1.179113672414275 1.425303587477757
33.70928917301848 0.5465589051297749 0.1970101132218812 -1.20995533897051 1.372424934604911
33.74070509955438 0.5529723736228385 0.2112507544614004 -1.237940878391132 1.318273140203232
33.77212102609028 0.5598300223935189 0.2252852227230907 -1.263074063379728 1.263074063379734
33.80353695262617 0.5671251594179303 0.2390998512007129 -1.285375221528858 1.207047676444605
33.83495287916207 0.5748506661641847 0.2526811937338287 -1.304879882345329 1.150406365076347
33.86636880569797 0.5829990056346155 0.2660160377030534 -1.321637318981453 1.093353476743642
33.89778473223387 0.5915622294610201 0.2790914173524097 -1.335709031145571 1.03608212818354
33.92920065876977 0.6005319863041159 0.2918946263149573 -1.347167199792172 0.9787742629829103
33.96061658530567 0.6098995293942506 0.30441323068883 -1.356093150450558 0.9215999533732858
33.99203251184156 0.6196557259946501 0.3166350808018499 -1.362575846687659 0.864716926675541
34.02344843837746 0.6297910663817053 0.328548323201595 -1.366710442479133 0.8082703025225945
34.05486436491336 0.6402956732051527 0.3401414123522075 -1.368596910326288 0.7523925184285318
34.08628029144926 0.6511593113580754 0.3514031218912227 -1.368338759266239 0.6972034213757804
34.11769621798516 0.6623713981821209 0.3623225555487429 -1.366041853481776 0.6428105028895018
34.14911214452106 0.6739210140011846 0.3728891577191201 -1.361813338087079 0.5893092549182328
34.18052807105695 0.6857969129742338 0.383092723676591 -1.35576067535198 0.5367836245983676
34.21194399759285 0.6979875348278725 0.3929234087068448 -1.34799079067544 0.4853065468122251
34.24335992412875 0.7104810147477127 0.4023717394628836 -1.338609331641139 0.4349405374113718
34.27477585066464 0.7232651974338963 0.4114286201702061 -1.327720024527668 0.3857383253460537
34.30619177720054 0.7363276469526348 0.4200853440769911 -1.31542413915491 0.3377435143092697
34.33760770373644 0.7496556604570609 0.4283335998352203 -1.301820040075114 0.2909912549230185
34.36902363027234 0.763236280293686 0.4361654798902932 -1.287002827421561 0.2455089196148045
34.40043955680823 0.7770563068969163 0.443573487694712 -1.271064055241189 0.2013167690060188
34.43185548334413 0.7911023115251952 0.4505505451991405 -1.254091521236669 0.158428602392368
34.46327140988003 0.8053606497780585 0.4570899989162875 -1.236169118614669 0.1168523857534525
34.49468733641593 0.8198174752900937 0.4631856253339819 -1.217376743616154 0.07659085274694326
34.52610326295182 0.8344587525055819 0.4688316384536592 -1.197790253100671 0.03764207515808239
34.55751918948772 0.8492702714807848 0.4740226926166141 -1.177481460944586 5.769453285253079e-15
34.58893511602363 0.8642376609835022 0.4787538893362676 -1.156518172591892 -0.03634504777584752
34.62035104255952 0.8793464031699657 0.4830207799943486 -1.134964247116351 -0.07140589795211241
34.65176696909542 0.8945818474981145 0.4868193704718846 -1.112879684947082 -0.1051981029815302
34.68318289563132 0.9099292251321439 0.4901461242823454 -1.090320734747693 -0.1377395407275816
34.71459882216722 0.9253736633554054 0.4929979655088816 -1.067340015938836 -0.1690500510604575
34.74601474870311 0.9409002000836874 0.4953722812288819 -1.04398665303857 -0.1991511050471196
34.77743067523901 0.9564937984487077 0.4972669234534583 -1.020306418631821 -0.2280655052341563
34.80884660177491 0.972139361463181 0.4986802101854664 -0.9963418821667733 -0.255817115347072
34.84026252831081 0.9878217465666225 0.4996109276967731 -0.9721325623925982 -0.2824306176786677
34.8716784548467 1.003525780462356 0.5000583298780663 -0.9477150809787598 -0.3079312962269596
34.9030943813826 1.019236273763537 0.5000221388231897 -0.9231233161276897 -0.332344843845184
34.9345103079185 1.034938035698137 0.4995025444702283 -0.8983885545003212 -0.3556971915099754
34.96592623445439 1.050615888796419 0.4985002038559613 -0.8735396403868967 -0.3780143579303247
34.99734216099029 1.066254683561858 0.4970162399906543 -0.8486031212012287 -0.3993223177625254
35.02875808752619 1.081839313127191 0.49505224035809 -0.8236033885779246 -0.4196468867702994
35.06017401406209 1.097354727579846 0.4926102532435314 -0.7985628147577303 -0.4390136224812148
35.09158994059798 1.112785948822549 0.4896927879633465 -0.7735018831920973 -0.4574477385241862
35.12300586713388 1.128118084655467 0.4863028095664768 -0.7484393140988246 -0.4749740317678153
35.15442179366978 1.143336343045561 0.4824437357892086 -0.723392184028217 -0.4916168206066807
35.18583772020568 1.158426046587665 0.4781194343425376 -0.6983760394183482 -0.5073998931773768
35.21725364674158 1.173372646272861 0.4733342174691326 -0.6734050046978411 -0.5223464647823765
35.24866957327747 1.188161735524693 0.468092837802616 -0.6484918843439555 -0.5364791431085759
35.28008549981338 1.202779063986806 0.4624004833248939 -0.6236482593437339 -0.5498199005323796
35.31150142634928 1.217210550800613 0.4562627711486104 -0.5988845783023594 -0.5623900527960716
35.34291735288517 1.231442298758642 0.4496857433864536 -0.5742102426555824 -0.5742102426555817
35.37433327942107 1.245460606456346 0.4426758584821789 -0.5496336876333646 -0.5853004291283967
35.40574920595697 1.259251982129502 0.4352399864530851 -0.5251624573227316 -0.5956798800204862
35.43716513249286 1.272803156385425 0.4273854015874241 -0.5008032754718201 -0.6053671684504088
35.46858105902876 1.286101094416801 0.4191197744421279 -0.4765621118850755 -0.6143801726053236
35.49999698556466 1.299133008343115 0.4104511642464375 -0.4524442443673421 -0.6227360779684519
35.53141291210056 1.311886369857254 0.4013880116652371 -0.4284543164460877 -0.6304513815206094
35.56282883863646 1.324348921539239 0.3919391295986949 -0.4045963916791875 -0.6375418983395128
35.59424476517236 1.336508688279893 0.3821136943747934 -0.3808740041978456 -0.6440227695876267
35.62566069170826 1.348353989445465 0.3719212377894723 -0.3572902055934477 -0.6499084712941448
35.65707661824415 1.359873448983992 0.3613716366468065 -0.3338476091865295 -0.6552128250272627
35.68849254478005 1.371056005991855 0.3504751031075561 -0.310548431066503 -0.6599490090205644
35.71990847131595 1.38189092628882 0.3392421759733799 -0.2873945280915592 -0.6641295692914668
35.75132439785185 1.392367811200242 0.3276837091642745 -0.2643874339262052 -0.6677664324103914
35.78274032438774 1.402476608582516 0.3158108624289048 -0.2415283921117658 -0.6708709173446905
35.81415625092364 1.412207620638294 0.3036350892289799 -0.2188183875082629 -0.6734537488654044
35.84557217745954 1.421551514474544 0.291168127031731 -0.1962581750984644 -0.675525069544807
35.87698810399544 1.43049932993405 0.2784219853637374 -0.1738483073433678 -0.6770944528672269
35.90840403053133 1.439042488745375 0.2654089349213425 -0.1515891595297768 -0.6781709154325221
35.93981995706724 1.447172801131163 0.252141495009843 -0.1294809537874531 -0.6787629300114661
35.97123588360314 1.454882475777246 0.238632423118115 -0.1075237812295838 -0.6788784366018862
36.00265181013904 1.462164124083921 0.2248947010886302 -0.08571762328173918 -0.6785248557073311
36.03406773667493 1.469010770119526 0.2109415245940449 -0.06406237124514617 -0.6777090984309637
36.06548366321083 1.475415854922112 0.1967862895203892 -0.04255784517960693 -0.6764375786655471
36.09689958974673 1.481373243749331 0.1824425799659216 -0.02120381153815486 -0.674716223330723
36.12831551628262 1.486877230624176 0.167924155027483 -2.141871966848803e-15 -0.6725504832569196
36.15973144281852 1.491922545499977 0.1532449366426887 0.02105388056026746 -0.6699453422568761
36.19114736935442 1.496504357640362 0.1384189959627687 0.04195812675635598 -0.6669053272934846
36.22256329589032 1.50061827975149 0.1234605402046631 0.06271302608288946 -0.6634345176495851
36.25397922242621 1.504260374547792 0.1083839000785294 0.08331884272493568 -0.6595365523822468
36.28539514896211 1.507427154869118 0.09320351551087551 0.1037758040479316 -0.6552146399942583
36.31681107549801 1.510115589952524 0.07793392297596562 0.1240840872264718 -0.6504715647360282
36.34822700203391 1.512323106504455 0.0625897415812687 0.1442438064050705 -0.6453096945628612
36.3796429285698 1.514047591796201 0.04718565964171659 0.1642549999830688 -0.6397309875705736
36.4110588551057 1.515287395877335 0.03173642103787555 0.1841176180824058 -0.6337369982022087
36.4424747816416 1.516041332105609 0.01625681144306623 0.2038315102832695 -0.6273288835563899
36.47389070817749 1.516308678470514 0.0007616447020376911 0.2233964133127342 -0.6205074087574866
36.50530663471339 1.516089180136651 -0.0147342509019418 0.2428119384451332 -0.6132729512682419
36.53672256124929 1.515383045869031 -0.0302160463963056 0.2620775596753648 -0.6056255071520052
36.56813848778519 1.514190952482926 -0.045668925932382 0.2811926004886571 -0.5975646935297767
36.59955441432108 1.512514040683942 -0.06107810045288711 0.3001562217129901 -0.5890897540266588
36.63097034085699 1.510353914498697 -0.07642882129750639 0.3189674085504756 -0.5801995622560548
36.66238626739289 1.507712641981749 -0.09170639417708569 0.3376249568891892 -0.570892624388011
36.69380219392879 1.50459275109684 -0.1068961925720866 0.3561274601305804 -0.5611670831768281
36.72521812046468 1.500997227630247 -0.1219836712688484 0.3744732951569395 -0.5510207207913005
36.75663404700058 1.496929513633848 -0.1369543801440046 0.3926606075563333 -0.5404509611217635
36.78804997353648 1.492393503038745 -0.1517939773568404 0.4106872968858443 -0.5294548728380357
36.81946590007238 1.487393538626045 -0.1664882428361342 0.4285510009257552 -0.5180291716794305
36.85088182660827 1.481934407804591 -0.1810230914898753 0.446249079474003 -0.5061702229734389
36.88229775314417 1.476021337752476 -0.1953845861751199 0.46377859751746 -0.4938740442136194
36.91371367968007 1.469659991742234 -0.2095589511809468 0.4811363071456387 -0.4811363071456376
36.94512960621596 1.462856462748578 -0.2235325847052033 0.4983186293286362 -0.4679523407528913
36.97654553275186 1.45561726782186 -0.2372920715592672 0.5153216344794402 -0.4543171340040644
37.00796145928776 1.447949343192578 -0.2508241963677006 0.5321410216443671 -0.4402253385075178
37.03937738582366 1.439860035937441 -0.2641159550256314 0.5487720977416037 -0.4256712724538772
37.07079331235956 1.431357099278538 -0.277154568150323 0.5652097542833454 -0.4106489237303149
37.10220923889545 1.42244868320458 -0.2899274918932669 0.5814484445310616 -0.3951519548570548
37.13362516543135 1.413143328980717 -0.3024224311691955 0.5974821578155257 -0.3791737072880522
37.16504109196725 1.403449958865288 -0.3146273497486247 0.6133043943368435 -0.3627072077168604
37.19645701850315 1.39337786969119 -0.3265304830429725 0.6289081369134086 -0.3457451740700387
37.22787294503905 1.382936724120174 -0.3381203494644134 0.6442858220828764 -0.3282800230996685
37.25928887157495 1.372136539615262 -0.3493857597021436 0.6594293106717541 -0.3103038795865465
37.29070479811084 1.360987681100153 -0.3603158291759053 0.6743298550227229 -0.2918085858894431
37.32212072464674 1.349500850586624 -0.370899988024613 0.6889780658412187 -0.2727857137138184
37.35353665118264 1.337687077370644 -0.3811279916316564 0.7033638770015033 -0.2532265774078583
37.38495257771854 1.325557706165884 -0.390989928831232 0.7174765096014135 -0.2331222495539341
37.41636850425444 1.313124389161796 -0.4004762346935757 0.7313044320880561 -0.2124635779686634
37.44778443079034 1.300399072561475 -0.4095776970065807 0.744835321376194 -0.1912412061898777
37.47920035732623 1.287393986280683 -0.4182854663567945 0.75805602040926 -0.1694455960810901
37.51061628386213 1.274121633143715 -0.4265910660283815 0.7709524939977941 -0.147067053655925
37.54203221039803 1.260594775543769 -0.434486398170022 0.7835097842358494 -0.1240957586649951
37.57344813693393 1.246826424857779 -0.4419637541647715 0.7957119624150131 -0.1005217976340222
37.60486406346983 1.232829827698762 -0.449015819941713 0.8075420810197518 -0.07633520150480053
37.63627999000572 1.21861845491512 -0.4556356861777024 0.8189821222572791 -0.05152598770850846
37.66769591654162 1.204205987323253 -0.4618168524725586 0.8300129470270001 -0.02608420769269898
37.69911184307752 1.18960630409515 -0.4675532369361483 0.8406142406589129 -1.235346646968744e-15
37.73052776961342 1.174833468198812 -0.4728391793816329 0.8507644593221527 0.02673635023888587
37.76194369614931 1.159901714161864 -0.4776694500220188 0.8604407737680071 0.05413434497308245
37.79335962268521 1.144825433706553 -0.4820392529187441 0.8696190137738217 0.08220319932430224
37.82477554922111 1.129619162354019 -0.4859442319047178 0.8782736114771686 0.1109517594435275
37.85619147575701 1.114297565779054 -0.4893804764437655 0.8863775448567919 0.140388411358379
37.8876074022929 1.09887542514209 -0.4923445234341914 0.8939022825100263 0.1705209801752454
37.9190233288288 1.083367623506196 -0.4948333634778286 0.9008177286859511 0.2013566186245647
37.9504392553647 1.067789131187375 -0.496844442532122 0.9070921709528671 0.2329016843319152
37.98185518190059 1.052154991639585 -0.4983756665414996 0.9126922300492147 0.2651616047598332
38.0132711084365 1.036480306795281 -0.4994254027690422 0.9175828137398465 0.2981407291088867
38.0446870349724 1.020780222614911 -0.4999924826620297 0.9217270751425718 0.331842166159485
38.0761029615083 1.005069914451385 -0.5000762033897358 0.9250863770962305 0.3662676072496122
38.10751888804419 0.9893645724276212 -0.499676328344773 0.9276202638144514 0.4014171334842626
38.13893481458009 0.9736793867194399 -0.4987930900286071 0.9292864415201392 0.4372890063942148
38.17035074111599 0.9580295328589324 -0.4974271884015495 0.9300407697552326 0.4738794412576808
38.20176666765189 0.9424301570459639 -0.4955797914885523 0.9298372653848802 0.5111823624275446
38.23318259418778 0.9268963614271298 -0.4932525350069591 0.9286281215719437 0.5491891401608318
38.26459852072368 0.911443189392713 -0.4904475214051323 0.9263637441457918 0.5878883085801679
38.29601444725958 0.8960856111286191 -0.487167317481677 0.9229928078332317 0.6272652644697503
38.32743037379548 0.8808385086681439 -0.4834149542977481 0.918462336073619 0.6673019475286395
38.35884630033137 0.865716661783126 -0.479193922846697 0.9127178062487576 0.7079765016773069
38.39026222686727 0.8507347331774546 -0.474508172759276 0.9057032853213355 0.7492629193214427
38.42167815340317 0.8359072545480171 -0.469362107608214 0.8973615978916846 0.7911306687740487
38.45309407993906 0.8212486119252604 -0.4637605825160884 0.8876345321454947 0.8335443080066761
38.48451000647496 0.8067730318967655 -0.4577088989326076 0.8764630859364566 0.8764630859364494
38.51592593301086 0.7924945676189299 -0.4512128001382041 0.8637877581740778 0.9198405354520152
38.54734185954676 0.7784270849026098 -0.4442784663764227 0.8495488892275509 0.9636240621358986
38.57875778608265 0.764584248354547 -0.4369125096263208 0.8336870542657498 1.007754533831946
38.61017371261855 0.7509795085706287 -0.4291219663364375 0.8161435121173313 1.052165875843434
38.64158963915445 0.7376260883681982 -0.4209142919891252 0.796860715152842 1.096784681470094
38.67300556569036 0.724536969641657 -0.4122973542522442 0.7757828812104957 1.141529844479329
38.70442149222625 0.711724880862326 -0.4032794250984487 0.7528566295585857 1.186312222890153
38.73583741876215 0.6992022844497889 -0.3938691731546418 0.7280316827782407 1.231034346063776
38.76725334529805 0.68698136449995 -0.3840756554715644 0.7012616338616092 1.275590176571564
38.79866927183394 0.6750740142001688 -0.3739083095498705 0.6725047775353037 1.319864941393183
38.83008519836984 0.6634918246179375 -0.3633769435906524 0.6417250006211492 1.363735043739312
38.86150112490574 0.6522460730034301 -0.352491727365846 0.60889272787188 1.407068073952444
38.89291705144164 0.6413477116999602 -0.3412631823348387 0.5739859143005633 1.449722933327042
38.92433297797754 0.6308073566851921 -0.3297021720173309 0.5369910744626007 1.491550088918472
38.95574890451343 0.6206352775684608 -0.3178198908852276 0.497904333742714 1.532391971048156
38.98716483104933 0.610841387862458 -0.3056278531344771 0.4567324866697623 1.572083530615595
39.01858075758523 0.6014352332377138 -0.293137882952387 0.413494044614044 1.610452975816608
39.04999668412113 0.5924259845339095 -0.2803621009480189 0.3682202453833456 1.647322682354232
39.08141261065703 0.5838224262407741 -0.2673129140548874 0.3209560067643735 1.682510308919828
39.11282853719293 0.5756329491970892 -0.2540030022279464 0.2717607900284916 1.715830099671668
39.14424446372882 0.5678655416071837 -0.2404453063618537 0.2207093482192807 1.747094388764241
39.17566039026472 0.5605277817958682 -0.226653015093196 0.1678923264374272 1.776115291580037
39.20707631680062 0.5536268290001832 -0.2126395526136673 0.1134166847418002 1.802706581670992
39.23849224333652 0.5471694178469958 -0.1984185644429898 0.05740591132034537 1.826685717009904
39.26990816987241 0.5411618510585551 -0.184003904198363 1.267620584066759e-14 1.847876006122607
39.30132409640831 0.5356099925431945 -0.169409620024625 -0.05864483395647234 1.866108874518666
39.33274002294421 0.530519262831919 -0.1546499400675144 -0.1183567194038028 1.881226184136636
39.36415594948011 0.5258946316253502 -0.1397392589882856 -0.1789489902714248 1.893082577257268
39.39557187601601 0.5217406152003745 -0.1246921227510714 -0.2402213473761661 1.901547766093418
39.42698780255191 0.5180612698366541 -0.1095232147167129 -0.3019613203078395 1.906508743466883
39.45840372908781 0.514860188696569 -0.09424734060616466 -0.3639460162187056 1.90787183063322
39.4898196556237 0.5121404986139748 -0.07887941360503006 -0.4259441344453507 1.905564517119635
39.5212355821596 0.50990485594115 -0.06343443960316328 -0.4877182169717479 1.899537040769855
39.5526515086955 0.5081554442746715 -0.04792750200328397 -0.5490270923643347 1.889763647121094
39.5840674352314 0.5068939724246748 -0.03237374653408467 -0.6096284650945809 1.876243490814998
39.61548336176729 0.506121673005539 -0.01678836602004528 -0.6692815943520778 1.859001143671493
39.64689928830319 0.5058392999400799 -0.001186585159892764 -0.7277500042568519 1.838086692746867
39.67831521483909 0.5060471297983037 0.01441635486876243 -0.7848041560735112 1.813575399686137
39.70973114137499 0.5067449587846083 0.03000521172077592 -0.8402240302227675 1.785566953909482
39.74114706791088 0.5079321057883917 0.04556475719931616 -0.8938015426980686 1.754184297535958
39.77256299444678 0.5096074108313394 0.06107979264451924 -0.945342755741743 1.719572089060315
39.80397892098268 0.5117692376369478 0.07653516415007129 -0.9946698205246316 1.681894814503407
39.83539484751857 0.5144154742520413 0.09191577791503855 -1.04162262178851 1.641334617178205
39.86681077405447 0.517543536130957 0.1072066152917146 -1.086060086952567 1.59808888824627
39.89822670059037 0.5211503679524815 0.1223927480013009 -1.127861148024872 1.552367692943307
39.92964262712627 0.5252324475612719 0.137459352931992 -1.166925342291377 1.504391086355179
39.96105855366216 0.5297857882163385 0.1523917273341934 -1.203173063389899 1.454386395244627
39.99247448019806 0.5348059437863864 0.1671753032682718 -1.236545466644609 1.402585514139451
40.02389040673396 0.5402880130508317 0.181795662184339 -1.267004059674153 1.349222284805403
40.05530633326987 0.5462266435399934 0.1962385497562893 -1.294530007917452 1.29453000791744
40.08672225980576 0.5526160387434524 0.2104898894231933 -1.319123181945555 1.238739120719739
40.11813818634166 0.5594499621483683 0.2245357971325385 -1.340801001665861 1.182075091727808
40.14955411287756 0.5667217443275052 0.2383625948647486 -1.359597104731022 1.124756542569371
40.18097003941346 0.574424290116153 0.251956823938322 -1.3755598883465 1.066993621612065
40.21238596594935 0.5825500846088517 0.2653052589463892 -1.388750968799797 1.008986639641702
40.24380189248525 0.5910912012036322 0.2783949206282497 -1.399243589805409 0.9509249616769233
40.27521781902115 0.600039310082758 0.2912130883211296 -1.407121019097175 0.8929861526990515
40.30663374555704 0.6093856857016002 0.3037473130296887 -1.412474968152474 0.8353353675584013
40.33804967209294 0.6191212157600091 0.3159854295495356 -1.415404056163933 0.7781249646086432
40.36946559862884 0.6292364105211048 0.3279155682406671 -1.41601234335832 0.7214943257393088
40.40088152516474 0.6397214121224134 0.3395261667576749 -1.414407952149142 0.6655698613439519
40.43229745170063 0.6505660047167831 0.3508059810363119 -1.410701787412814 0.6104651761010459
40.46371337823653 0.6617596237972957 0.3617440970335312 -1.405006368555739 0.5562813738503959
40.49512930477243 0.6732913674942589 0.372329940626153 -1.397434772490601 0.503107475602947
40.52654523130833 0.6851500077486934 0.3825532873764668 -1.388099694284747 0.45102093100799
40.55796115784423 0.6973239999602308 0.3924042740723701 -1.377112627317729 0.400088202980459
40.58937708438012 0.7098014965137127 0.4018734057938739 -1.364583148790132 0.350365402702492
40.62079301091602 0.7225703565446954 0.410951567363795 -1.350618321246314 0.3018989630846434
40.65220893745192 0.7356181592819607 0.4196300304011736 -1.335322189011078 0.2547263308027029
40.68362486398782 0.7489322158401031 0.4279004622052721 -1.318795372538772 0.2088766669821499
40.71504079052372 0.7624995822066264 0.4357549328672919 -1.301134747436004 0.1643715439182302
40.74645671705962 0.7763070710465537 0.4431859243218964 -1.282433204248604 0.1212256294299122
40.77787264359552 0.7903412659203147 0.4501863352986088 -1.262779474466789 0.07944735045081829
40.80928857013141 0.8045885336429568 0.4567494893749086 -1.242258022047915 0.0390395310953645
40.84070449666731 0.8190350382427268 0.4628691400457876 -1.220948986682598 -2.393881517102913e-15
40.87212042320321 0.8336667540806457 0.468539477454978 -1.198928175405017 -0.0376778358071519
40.90353634973911 0.8484694802796864 0.4737551320234174 -1.176267092246248 -0.07400445271008851
40.93495227627501 0.8634288538192793 0.4785111814046866 -1.153033003471363 -0.1089937090962811
40.96636820281091 0.878530364545372 0.4828031521572684 -1.129289027850374 -0.1426623809743489
40.9977841293468 0.8937593685478092 0.4866270260817082 -1.105094251711113 -0.1750297345631221
41.0292000558827 0.9091011030356632 0.4899792418284044 -1.08050385974524 -0.2061171347829409
41.0606159824186 0.9245407004724919 0.4928566988438149 -1.055569280443792 -0.235947688711874
41.0920319089545 0.9400632032886299 0.4952567588078235 -1.030338340805416 -0.2645459223325216
41.12344783549039 0.9556535781928862 0.4971772491107844 -1.00485542835808 -0.291937489070871
41.15486376202629 0.9712967310921921 0.4986164624299356 -0.9791616566296091 -0.3181489080349982
41.18627968856219 0.9869775214895309 0.4995731599506831 -0.9532950330360753 -0.3432073303291364
41.21769561509809 1.00268077737323 0.5000465703425554 -0.927290626159236 -0.3671403311920182
41.24911154163398 1.018391309846409 0.5000363905423706 -0.9011807316211256 -0.3899757262212617
41.28052746816988 1.034093927842093 0.4995427854192553 -0.8749950348844804 -0.4117414096547001
41.31194339470578 1.049773452820887 0.4985663870515373 -0.8487607700443472 -0.4324652128700809
41.34335932124167 1.065414733378081 0.4971082929505771 -0.8225028738483706 -0.4521747813400563
41.37477524777757 1.08100265996522 0.4951700657142018 -0.7962441341556364 -0.4708974682511358
41.40619117431347 1.096522179300851 0.492753729364883 -0.7700053327150808 -0.4886602433528874
41.43760710084938 1.111958309022349 0.4898617682125012 -0.7438053815180726 -0.5054896152953126
41.46902302738527 1.12729615189031 0.4864971226513471 -0.7176614530426152 -0.5214115663455805
41.50043895392117 1.142520910256909 0.4826631867401019 -0.6915891037810545 -0.5364514978681284
41.53185488045707 1.15761790000871 0.4783638033890106 -0.665602391574967 -0.5506341857221585
41.56327080699297 1.172572565065554 0.4736032617078938 -0.6397139861348551 -0.5639837439712593
41.59468673352886 1.187370490724158 0.4683862903854561 -0.6139352738813872 -0.5765235967008012
41.62610266006476 1.201997417867362 0.462718054120184 -0.5882764560685401 -0.5882764560685393
41.65751858660066 1.216439256365328 0.4566041475246414 -0.5627466413523087 -0.5992643065462566
41.68893451313656 1.230682098425845 0.4500505891809141 -0.5373539325627051 -0.609508394239196
41.72035043967245 1.244712232106113 0.4430638160207658 -0.5121055078491036 -0.6190292204906206
41.75176636620835 1.258516153990291 0.435650675967796 -0.4870076968894482 -0.627846539649411
41.78318229274425 1.272080582353297 0.4278184216474563 -0.4620660518259733 -0.6359793597967661
41.81459821928014 1.2853924692967 0.4195747022533395 -0.4372854138158113 -0.643445946689803
41.84601414581604 1.298439013585713 0.410927556692137 -0.4126699747716941 -0.650263829619809
41.87743007235194 1.311207672555374 0.4018854051743661 -0.3882233351779564 -0.6564498096067938
41.90884599888784 1.323686173812466 0.3924570406641587 -0.3639485579230417 -0.662019969219694
41.94026192542373 1.335862527076819 0.3826516205473429 -0.3398482183140433 -0.6669896835403393
41.97167785195963 1.347725035147776 0.3724786572035639 -0.3159244508049007 -0.6713736325056873
42.00309377849553 1.359262305558918 0.3619480094227702 -0.2921789922449731 -0.6751858136068937
42.03450970503143 1.370463260379673 0.3510698717608551 -0.2686132224972554 -0.6784395560014252
42.06592563156732 1.381317147273497 0.3398547653797689 -0.245228201875227 -0.6811475343018609
42.09734155810323 1.391813549820159 0.328313528007659 -0.2220247061216459 -0.6833217828767677
42.12875748463913 1.401942396002248 0.3164573023514177 -0.1990032592172057 -0.6849737110563878
42.16017341117502 1.411693969596846 0.3042975270926535 -0.1761641634240869 -0.6861141167906528
42.19158933771092 1.421058917514686 0.2918459244205062 -0.1535075278779133 -0.6867532020738062
42.22300526424682 1.430028259523534 0.2791144896488981 -0.1310332948582124 -0.6869005868848871
42.25442119078272 1.438593395892441 0.2661154792635252 -0.1087412645483354 -0.6865653237497444
42.28583711731861 1.446746116956351 0.2528614002632337 -0.08663111799323964 -0.6857559109276737
42.31725304385451 1.454478608552119 0.2393649968958203 -0.06470243891190457 -0.6844803070662729
42.34866897039041 1.461783461328635 0.2256392398538781 -0.04295473385110112 -0.682745943452631
42.38008489692631 1.468653676514141 0.2116973133498272 -0.02138745136476276 -0.6805597373630432
42.41150082346221 1.475082672433996 0.1975526027625001 -2.325042577166223e-15 -0.6779281044295136
42.4429167499981 1.481064291003106 0.1832186822555402 0.02120823469239973 -0.6748569703809272
42.474332676534 1.486592804378725 0.1687093023585033 0.04223787397891683 -0.6713517820674276
42.5057486030699 1.491662917703429 0.1540383761001386 0.06308953061821647 -0.6674175195934027
42.5371645296058 1.496269776339556 0.139219966932742 0.08376379416746144 -0.6630587057245569
42.5685804561417 1.500408970107947 0.1242682754121046 0.1042612168794043 -0.658279415994213
42.5999963826776 1.504076536509853 0.1091976256932538 0.1245823001936685 -0.6530832885725654
42.63141230921349 1.50726896481239 0.09402245233739558 0.1447274816168517 -0.6474735330732571
42.66282823574939 1.509983199098139 0.07875728685329833 0.1646971220033335 -0.6414529391500075
42.69424416228529 1.512216641591478 0.06341674428731688 0.1844914930612138 -0.6350238843201181
42.72566008882119 1.513967154945959 0.04801550959641461 0.2041107651281749 -0.6281883415952321
42.75707601535708 1.51523306412293 0.03256832398959133 0.2235549951131498 -0.6209478866532276
42.78849194189299 1.516013156723169 0.01708997120585761 0.2428241147196722 -0.6133037050271669
42.81990786842888 1.516306687200543 0.001595263994690765 0.2619179180486313 -0.6052565971191287
42.85132379496478 1.516113374243488 -0.01390096981725938 0.2808360501255605 -0.5968069854390072
42.88273972150068 1.515433402713336 -0.0293839009541993 0.2995779946031877 -0.5879549194263827
42.91415564803658 1.514267423953198 -0.04483871252176577 0.3181430614442153 -0.578700080436352
42.94557157457248 1.512616552789857 -0.06025061357353007 0.3365303750058149 -0.56904178750153
42.97698750110837 1.510482369777475 -0.07560485306610766 0.3547388607110538 -0.5589790006131643
43.00840342764427 1.507866917417177 -0.09088673337591614 0.3727672325452441 -0.5485103258921996
43.03981935418017 1.504772698898538 -0.1060816239700879 0.3906139795882259 -0.5376340193885301
43.07123528071607 1.501202676054317 -0.1211749750539795 0.4082773521720004 -0.526347990833917
43.10265120725196 1.497160265375384 -0.136152330786823 0.4257553479679512 -0.5146498077696448
43.13406713378786 1.492649337665096 -0.1509993434419042 0.4430456964246667 -0.5025366981395883
43.16548306032376 1.487674210955562 -0.1657017858635746 0.4601458443572737 -0.4900055550154231
43.19689898685966 1.482239648790102 -0.180245565317757 0.4770529392893609 -0.4770529392893599
43.22831491339555 1.476350855768552 -0.1946167367377016 0.4937638126960852 -0.4636750832323889
43.25973083993145 1.470013470839583 -0.2088015150196014 0.510274963128086 -0.4498678947111639
43.29114676646735 1.46323356390485 -0.2227862885961518 0.5265825373220407 -0.4356269603655296
43.32256269300324 1.456017630427159 -0.2365576324354564 0.5426823108892402 -0.4209475495658459
43.35397861953914 1.448372583110227 -0.2501023195217256 0.5585696690265055 -0.4058246194016395
43.38539454607504 1.440305748216421 -0.2634073346920215 0.5742395844068258 -0.3902528185756256
43.41681047261094 1.431824856068945 -0.2764598854372562 0.5896865960408764 -0.3742264933506624
43.44822639914683 1.422938036699763 -0.2892474156894879 0.6049047848915958 -0.3577396925385476
43.47964232568274 1.413653809180996 -0.3017576157572572 0.6198877507015349 -0.3407861747854799
43.51105825221864 1.403981076752001 -0.3139784360891666 0.6346285850587403 -0.3233594150640658
43.54247417875454 1.393929116293953 -0.3258980972499463 0.6491198453990901 -0.3054526134708272
43.57389010529043 1.38350756965591 -0.3375051009955808 0.6633535267987249 -0.2870587045169226
43.60530603182633 1.372726436703505 -0.3487882430705977 0.677321031363712 -0.2681703672646531
43.63672195836223 1.361596063837979 -0.3597366222151629 0.6910131381418159 -0.2487800378112705
43.66813788489812 1.350127134732095 -0.3703396509315952 0.7044199704080981 -0.2288799228053948
43.69955381143402 1.338330661310825 -0.3805870667850951 0.7175309610977489 -0.2084620147355615
43.73096973796992 1.326217972062245 -0.3904689409641838 0.7303348179051606 -0.1875181096951558
43.76238566450582 1.31380070260077 -0.3999756893197501 0.7428194854872926 -0.1660398270184434
43.79380159104171 1.301090783557934 -0.4090980803695591 0.7549721073594472 -0.1440186318692689
43.82521751757761 1.288100430009507 -0.4178272451296354 0.766778985228541 -0.1214458604280404
43.85663344411351 1.274842130316301 -0.4261546864961131 0.7782255368892804 -0.09831274836611242
43.88804937064941 1.261328633401241 -0.4340722863416867 0.7892962533630059 -0.07461046298833758
43.9194652971853 1.247572937135968 -0.4415723141771508 0.799974653762067 -0.05033013915279808
43.9508812237212 1.233588276281749 -0.4486474353737862 0.8102432388368827 -0.02546291958351706
43.9822971502571 1.219388109675677 -0.4552907181487301 0.8200834435444611 -1.406037589838649e-15
44.013713076793 1.204986107507497 -0.4614956407011191 0.8294755882565339 0.02606732051300903
44.0451290033289 1.190396137961468 -0.4672560969468764 0.838398829264832 0.05274758336904168
44.0765449298648 1.175632255047991 -0.4725664052740006 0.8468311075408866 0.08004910797098592
44.10796085640069 1.160708684127632 -0.4774213118715659 0.8547490984442263 0.1079799223338283
44.13937678293659 1.14563980889196 -0.4818159975283981 0.8621281601155356 0.1365476861279143
44.17079270947249 1.130440157571596 -0.4857460826643498 0.8689422824812162 0.1657596055223804
44.20220863600839 1.115124389039284 -0.4892076320809249 0.8751640368833929 0.1956223391226178
44.23362456254429 1.099707278645727 -0.4921971586281475 0.8807645270125208 0.2261418942967409
44.26504048908019 1.084203704393783 -0.4947116287217989 0.8857133413078291 0.2573235130156852
44.29645641561608 1.06862863220914 -0.4967484633921942 0.8899785085573331 0.2891715466542637
44.32787234215198 1.052997102013742 -0.4983055439886239 0.8935264562028643 0.3216893186101781
44.35928826868788 1.037324212961716 -0.4993812129863018 0.8963219736610617 0.3548789742732638
44.39070419522378 1.021625108990104 -0.4999742762677079 0.8983281808639183 0.3887413172796496
44.42212012175968 1.005914964278437 -0.5000840062234581 0.8995065036288336 0.4232756313258468
44.45353604829558 0.9902089685001113 -0.4997101420366887 0.8998166574253434 0.4584794868372237
44.48495197483147 0.9745223122303408 -0.4988528895392132 0.8992166408568996 0.4943485316402306
44.51636790136737 0.9588701721489137 -0.4975129242419035 0.8976627410100214 0.5308762651460536
44.54778382790327 0.9432676963990965 -0.4956913890125215 0.8951095523839299 0.5680537953589447
44.57919975443917 0.927729989885817 -0.4933898942948545 0.8915100118476897 0.6058695784118295
44.61061568097506 0.9122720995455379 -0.490610517427475 0.8868154520761674 0.6443091404256285
44.64203160751096 0.8969089998238579 -0.4873558005231242 0.8809756759391083 0.6833547815590447
44.67344753404686 0.8816555779086308 -0.4836287495142952 0.8739390552073859 0.7229852628627579
44.70486346058276 0.8665266193962735 -0.4794328308848686 0.865652656063904 0.7631754761145143
44.73627938711865 0.8515367937297689 -0.4747719694184813 0.8560623954115956 0.8038960981713281
44.76769531365455 0.8367006399137952 -0.46965054467874 0.8451132310110382 0.8451132310110309
44.79911124019045 0.8220325522551682 -0.4640733873626827 0.8327493893650572 0.8867880297702972
44.83052716672634 0.8075467663075943 -0.4580457749697832 0.8189146349349193 0.9288763213804228
44.86194309326225 0.7932573448203921 -0.4515734273572725 0.8035525846823565 0.9713282175159029
44.89335901979815 0.7791781638654002 -0.4446625017034467 0.7866070714975172 1.014087726041804
44.92477494633405 0.7653228997325796 -0.4373195859093092 0.7680225594946331 1.057092365402417
44.95619087286994 0.7517050144082399 -0.4295516946439938 0.7477446166760211 1.100272791083692
44.98760679940584 0.7383377433660276 -0.4213662608616495 0.7257204440561331 1.14355243665695
45.01902272594174 0.7252340819168558 -0.412771130034766 0.7018994672794887 1.186847182814312
45.05043865247764 0.712406772491198 -0.4037745525932582 0.6762339897711528 1.230065060975669
45.08185457901353 0.6998682920634314 -0.3943851761414415 0.6486799086168665 1.273106003361575
45.11327050554943 0.687630839903818 -0.3846120371756812 0.6191974921087443 1.315861651278732
45.14468643208533 0.6757063253166666 -0.3744645527470273 0.5877522168357068 1.35821523537445
45.17610235862122 0.6641063558538363 -0.3639525114287813 0.5543156595924876 1.400041541076419
45.20751828515712 0.6528422258946589 -0.3530860638268953 0.5188664378764503 1.441206974112062
45.23893421169302 0.6419249056657801 -0.3418757126121446 0.4813911902272252 1.481569741103522
45.27035013822892 0.6313650292312313 -0.3303323034288768 0.4418855861860724 1.520980163957172
45.30176606476481 0.6211728857476237 -0.3184670126522151 0.400355348520316 1.559281133082417
45.33318199130071 0.6113584071151373 -0.3062913384197306 0.3568172758528265 1.596308729185353
45.36459791783661 0.6019311600686272 -0.2938170877085607 0.3113002399881797 1.631893006862605
45.39601384437251 0.5929003351306595 -0.2810563660304591 0.263846140356385 1.665858968316281
45.4274297709084 0.5842747380588041 -0.2680215650300192 0.214510786450768 1.698027719991251
45.4588456974443 0.5760627810204265 -0.25472535032961 0.1633646824948792 1.72821782174429
45.4902616239802 0.568272474519252 -0.2411806488670887 0.1104936845347581 1.756246823801529
45.5216775505161 0.5609114182140675 -0.2274006367906933 0.05599950020297539 1.781932989612056
45.553093477052 0.5539867948974124 -0.2133987255103053 -1.117320200209792e-18 1.805097177785944
45.5845094035879 0.5475053617673866 -0.1991885492088941 -0.05737068761616088 1.825564880568937
45.6159253301238 0.5414734452232797 -0.1847839505323641 -0.1159623248069433 1.84316837184274
45.64734125665969 0.5358969327934213 -0.1701989675820803 -0.1756089791892672 1.857748950742458
45.67875718319559 0.5307812688653674 -0.1554478192240527 -0.236129722196535 1.869159217760806
45.71017310973149 0.5261314478797843 -0.1405448914110246 -0.2973296229880093 1.877265357498292
45.74158903626739 0.5219520100527942 -0.1255047225056964 -0.3590010402810287 1.881949358963733
45.77300496280328 0.5182470370090781 -0.1103419887076044 -0.4209252071280407 1.883111127023487
45.80442088933918 0.5150201471034473 -0.09507148951168948 -0.4828740944670294 1.8806704292562
45.83583681587508 0.5122744917022135 -0.07970813283696324 -0.5446125281627484 1.87456861747308
45.86725274241098 0.5100127527444346 -0.06426691991485234 -0.6059005244713744 1.864770069331435
45.89866866894688 0.5082371394484672 -0.04876293034251675 -0.6664958027523966 1.851263309830642
45.93008459548278 0.5069493862898933 -0.03321130688190277 -0.7261564223971032 1.83406176441561
45.96150052201867 0.5061507512322893 -0.0176272402341682 -0.7846434874745764 1.813204116460539
45.99291644855457 0.5058420143999475 -0.002025953756173786 -0.8417238573394219 1.788754248773441
46.02433237509047 0.5060234774718773 0.01357731186501688 -0.8971727991904759 1.76080076094471
46.05574830162637 0.5066949631531855 0.02916731394632166 -0.9507765206579872 1.729456070750278
46.08716422816227 0.5078558154407865 0.04472882315989208 -1.002334521479398 1.694855116027125
46.11858015469816 0.5095049004999694 0.0602466388371227 -1.051661710129171 1.657153689147038
46.14999608123406 0.5116406071395541 0.07570560433438998 -1.098590240900902 1.61652644988159
46.18141200776996 0.5142608493614799 0.09109062218192751 -1.142971029239889 1.573164660268124
46.21282793430586 0.5173630678922072 0.1063866693132215 -1.184674925000019 1.527273710500565
46.24424386084176 0.5209442329725649 0.1215788121247113 -1.223593523843192 1.479070491632389
46.27565978737766 0.5250008466689821 0.1366522216622556 -1.259639616811163 1.428780685573657
46.30707571391356 0.5295289477173946 0.1515921881853912 -1.292747278273497 1.376636028235522
46.33849164044945 0.5345241145266862 0.1663841361399426 -1.322871619763458 1.322871619763465
46.36990756698535 0.5399814702159318 0.18101363857261 -1.349988226688418 1.267723326978142
46.40132349352125 0.5458956864213416 0.1954664319675513 -1.374092318896797 1.211425335962864
46.43273942005715 0.5522609902314718 0.2097284299082905 -1.395197662708064 1.154207885444745
46.46415534659304 0.5590711688187741 0.2237857375603684 -1.413335289754177 1.096295226505691
46.49557127312894 0.5663195759620115 0.2376246654222134 -1.42855205561394 1.037903821873011
46.52698719966484 0.573999138798204 0.2512317429010286 -1.440909085693474 0.9792408034426298
46.55840312620074 0.5821023652817719 0.2645937314497127 -1.45048014895681 0.9205026932326993
46.58981905273663 0.5906213505650744 0.2776976383433356 -1.457350002976408 0.8618743891722704
46.62123497927253 0.5995477862751888 0.2905307287154001 -1.461612735638795 0.8035284011216339
46.65265090580843 0.6088729680020325 0.3030805385983606 -1.463370146177015 0.7456243315075735
46.68406683234432 0.6185878040965618 0.3153348871518586 -1.462730183934847 0.6883085776107771
46.71548275888022 0.6286828248038762 0.3272818885955066 -1.459805468632425 0.6317142364413714
46.74689868541612 0.6391481917377811 0.3389099638328094 -1.454711908611177 0.5759611893507615
46.77831461195202 0.6499737079702439 0.3502078514880727 -1.447567428369424 0.5211563423128501
46.80973053848791 0.6611488277530974 0.3611646192395855 -1.438490815339263 0.4673939987538707
46.84114646502381 0.6726626670393098 0.3717696744498858 -1.427600687137321 0.4147563403023385
46.87256239155971 0.6845040147521148 0.3820127739358968 -1.415014580271514 0.3633139934977866
46.90397831809562 0.6966613435753609 0.3918840341691306 -1.40084816093026 0.3131266624856736
46.93539424463151 0.7091228212500998 0.4013739409711355 -1.385214551404554 0.264243807942035
46.96681017116741 0.7218763227544094 0.4104733580578866 -1.368223765570381 0.2167053553485932
46.99822609770331 0.7349094420111308 0.4191735360922447 -1.349982248968645 0.1705424184254848
47.0296420242392 0.7482095042757123 0.4274661208229703 -1.33059251307802 0.1257780244446599
47.0610579507751 0.7617635787872828 0.4353431607274477 -1.310152856109393 0.08242783099354328
47.092473877311 0.7755584911750387 0.4427971150517135 -1.288757162404852 0.04050082545100905
47.1238898038469 0.7895808367322645 0.4498208604156563 -1.26649476972943 -2.172980143718021e-15
47.15530573038279 0.8038169939709175 0.4564076966181704 -1.243450397120982 -0.03907700299162991
47.18672165691869 0.8182531370919233 0.4625513546957978 -1.219704127227993 -0.07673727931244979
47.21813758345459 0.8328752504706968 0.468246000836546 -1.195331430535895 -0.1129920876689861
47.24955350999049 0.8476691423117638 0.4734862416337708 -1.170403229034363 -0.1478563124552303
47.28096943652638 0.86262045803395 0.4782671303140235 -1.144985991691222 -0.1813479654734431
47.31238536306228 0.8777146948352635 0.4825841698299382 -1.119141853849277 -0.2134877263515464
47.34380128959818 0.89293721578955 0.4864333169158027 -1.092928757679593 -0.2442985212612685
47.37521721613408 0.9082732640520595 0.4898109859114816 -1.066400608124821 -0.2738051388360519
47.40663314266997 0.923707977476019 0.4927140508223417 -1.03960743989772 -0.3020338817485933
47.43804906920587 0.9392264028777627 0.4951398487701361 -1.012595592906188 -0.3290122524538543
47.46946499574177 0.9548135106467088 0.4970861822153242 -0.9854078921830025 -0.3547686710212735
47.50088092227767 0.9704542096183201 0.4985513185926998 -0.958083829894391 -0.3793322230313726
47.53229684881357 0.9861333614059777 0.4995339940156229 -0.9306597480643962 -0.4027324357717117
47.56371277534947 1.001835795331951 0.5000334119291612 -0.9031690189969843 -0.4249990802374854
47.59512870188537 1.017546323036711 0.5000492440291636 -0.8756422228811104 -0.4461619972098034
47.62654462842126 1.033249753178462 0.499581629675483 -0.8481073209533198 -0.4662509452528329
47.65796055495716 1.048930906165218 0.4986311762201285 -0.8205898233571235 -0.4852954687085865
47.68937648149306 1.064574628828109 0.4971989567803884 -0.7931129510680298 -0.5033247838799616
47.72079240802896 1.080165808872519 0.4952865077050354 -0.7656977914695058 -0.52036768173475
47.75220833456486 1.095689389734823 0.4928958292755031 -0.7383634467526836 -0.5364524451904443
47.78362426110075 1.111130384832047 0.4900293807686799 -0.7111271756780611 -0.5516067799240504
47.81504018763665 1.126473891933472 0.4866900779229457 -0.6840045280173204 -0.5658577569468748
47.84645611417255 1.141705107718312 0.482881290733736 -0.6570094716748296 -0.5792317655872409
47.87787204070845 1.15680934170229 0.4786068383648105 -0.6301545130580529 -0.5917544760844937
47.90928796724435 1.171772030362199 0.4738709853554779 -0.6034508102808863 -0.603450810280885
47.94070389378025 1.186578751246884 0.4686784375200374 -0.5769082795468486 -0.6143449195052541
47.97211982031614 1.201215236335427 0.4630343357114788 -0.5505356952856623 -0.6244601691190964
48.00353574685204 1.215667386165094 0.4569442518408526 -0.5243407835094512 -0.6338191281140014
48.03495167338794 1.229921282750096 0.4504141817325683 -0.4983303096296712 -0.6424435640376168
48.06636759992384 1.243963203298565 0.4434505400317269 -0.4725101600544677 -0.6503544415379096
48.09778352645973 1.257779632928726 0.4360601528691371 -0.446885418666965 -0.6575719248599302
48.12919945299563 1.271357277620828 0.4282502511824397 -0.4214604379201154 -0.6641153831140666
48.16061537953153 1.284683076417435 0.4200284627678309 -0.3962389052169389 -0.6700033983511897
48.19203130606742 1.297744214773572 0.4114028061996632 -0.3712239042312183 -0.6752537750258866
48.22344723260332 1.310528135691305 0.4023816811910467 -0.3464179725527769 -0.6798835522278643
48.25486315913922 1.323022551848502 0.3929738607560488 -0.3218231548435711 -0.6839090166693006
48.28627908567513 1.335215457814292 0.3831884832969435 -0.297441052161646 -0.6873457166128975
48.31769501221102 1.347095139865229 0.3730350417589015 -0.2732728682559931 -0.690208477762952
48.34911093874692 1.358650189138475 0.3625233768760129 -0.2493194517273694 -0.692511417932265
48.38052686528282 1.369869510564651 0.3516636654333558 -0.2255813360263571 -0.6942679641823221
48.41194279181872 1.380742334136297 0.3404664113638069 -0.2020587760233664 -0.6954908688865846
48.44335871835461 1.391258224662694 0.3289424352175085 -0.1787517822043072 -0.6961922265461972
48.47477464489051 1.401407092096186 0.317102864206643 -0.1556601523046744 -0.6963834901670133
48.50619057142641 1.411179199913633 0.3049591206005063 -0.1327835009169578 -0.6960754883496063
48.5376064979623 1.420565175763165 0.2925229120415565 -0.1101212867309623 -0.6952784408955573
48.5690224244982 1.429556019118102 0.279806219423528 -0.08767283820162967 -0.6940019754710391
48.6004383510341 1.438143110174337 0.2668212858498231 -0.06543737730461853 -0.6922551431494145
48.63185427757 1.446318216782781 0.2535806043152609 -0.04341404180677859 -0.690046434351288
48.66327020410589 1.454073504458626 0.2400969073103434 -0.02160190594341946 -0.687383792704388
48.69468613064179 1.461401541408099 0.226383153362498 -2.514407761290652e-15 -0.6842746306648023
48.72610205717769 1.468295306014896 0.2124525152469034 0.02139267145338647 -0.6807258432763739
48.75751798371359 1.474748195092068 0.1983183683709625 0.04257711230858154 -0.676743820911044
48.78893391024948 1.480754027542594 0.1839942769876191 0.06355431865661518 -0.6723344634458156
48.82034983678538 1.486307051248026 0.1694939820778057 0.08432526338286543 -0.6675031922114726
48.85176576332128 1.49140194887091 0.1548313886225894 0.1048908814680438 -0.6622549617444738
48.88318168985717 1.496033841845048 0.1400205522485831 0.1252520560327836 -0.6565942716357553
48.91459761639307 1.500198296060729 0.1250756664777723 0.1454096048298041 -0.6505251769058424
48.94601354292898 1.503891323893021 0.1100110489197053 0.1653642674931392 -0.6440512992796086
48.97742946946488 1.507109391083589 0.09484112876788382 0.1851166927164075 -0.6371758356482043
49.00884539600077 1.509849417126429 0.07958043263484245 0.2046674263471069 -0.6299015686645236
49.04026132253667 1.512108779521517 0.06424357140507167 0.2240168993347683 -0.6222308749850342
49.07167724907257 1.513885316084374 0.04884522661016643 0.2431654160150149 -0.6141657336984377
49.10309317560847 1.515177326252501 0.03340013673267114 0.2621131426359528 -0.6057077345223145
49.13450910214436 1.515983573655687 0.0179230836523221 0.280860095692418 -0.5968580848696757
49.16592502868026 1.516303287431615 0.002428878870781402 0.2994061303583507 -0.5876176168539452
49.19734095521616 1.516136160276174 -0.0130676502445454 0.3177509294507964 -0.5779867949882803
49.22875688175206 1.515482353480105 -0.0285516741593923 0.335893990834949 -0.5679657206349928
49.26017280828795 1.514342491968932 -0.04400837491339228 0.3538346165551476 -0.5575541398196061
49.29158873482385 1.512717666605069 -0.05942295987278448 0.3715719002036845 -0.5467514477640407
49.32300466135975 1.510609432708907 -0.07478067549579019 0.3891047146703068 -0.5355566944423049
49.35442058789565 1.508019807759337 -0.0900668209109283 0.4064316997027037 -0.5239685900079327
49.38583651443155 1.504951270189981 -0.1052667616145002 0.4235512487179867 -0.5119855094567443
49.41725244096745 1.501406757207699 -0.1203659431061334 0.4404614952936214 -0.4996054973307236
49.44866836750334 1.497389661726309 -0.1353499043568035 0.4571602993034478 -0.486826272448682
49.48008429403924 1.492903829012923 -0.1502042911775328 0.4736452324956975 -0.4736452324957036
49.51150022057514 1.487953553771984 -0.1649148697542804 0.4899135632113396 -0.4600594583032214
49.54291614711104 1.4825435757974 -0.1794675398349413 0.505962240757074 -0.4460657184851795
49.57433207364694 1.476679075348773 -0.1938483477929106 0.5217878790581513 -0.431660474093289
49.60574800018283 1.470365668969062 -0.208043499907125 0.5373867392658171 -0.4168398831582611
49.63716392671873 1.463609403866005 -0.2220393751491386 0.5527547119046898 -0.401599805754107
49.66857985325463 1.456416751213358 -0.235822537388383 0.5678872984573357 -0.3859358095022249
49.69999577979053 1.448794603012286 -0.2493797494297122 0.5827795905275428 -0.3698431743636573
49.73141170632643 1.440750262001346 -0.2626979835994812 0.5974262505482987 -0.3533168996570318
49.76282763286233 1.432291438462673 -0.2757644359905334 0.6118214886381178 -0.3363517096903106
49.79424355939823 1.423426239813501 -0.2885665366980343 0.6259590411267882 -0.3189420617952264
49.82565948593412 1.4141631656521 -0.3010919633335771 0.6398321455705459 -0.3010821536768989
49.85707541247002 1.404511097651065 -0.3133286512742177 0.6534335166299886 -0.2827659327854232
49.88849133900592 1.394479292997772 -0.3252648063616945 0.6667553190334372 -0.263987105820198
49.91990726554182 1.384077374872112 -0.3368889155663017 0.6797891404309407 -0.2447391499890595
49.95132319207771 1.373315323470643 -0.3481897580029983 0.6925259625674621 -0.2250153253908237
49.98273911861361 1.362203466818954 -0.3591564158398535 0.7049561310539316 -0.2048086888889933
50.01415504514951 1.350752471228061 -0.3697782849844826 0.7170693237733083 -0.1841121097033821
50.0455709716854 1.338973330338254 -0.3800450843153543 0.72885451847813 -0.1629182870591162
50.0769868982213 1.326877356685931 -0.3899468677118703 0.740299957474663 -0.1412197695902665
50.1084028247572 1.314476169272368 -0.3994740318306882 0.7513931128488052 -0.1190089776422713
50.1398187512931 1.301781683120153 -0.4086173259409988 0.7621206490911325 -0.09627822790062826
50.17123467782899 1.288806098442891 -0.4173678615305404 0.7724683843488146 -0.07301976102706277
50.20265060436489 1.275561889097842 -0.425717121128329 0.782421250555031 -0.04922577263085835
50.23406653090079 1.262061790485695 -0.4336569663259597 0.7919632524340027 -0.02488844786755145
50.26548245743669 1.248318786983263 -0.4411796448738986 0.8010774254360461 -1.56965904788713e-15
50.29689838397258 1.234346101416848 -0.448277801523812 0.8097457910860214 0.0254472866581471
50.32831431050849 1.22015718058999 -0.4549444820894204 0.8179493136660392 0.05146100889965106
50.35973023704439 1.20576568358777 -0.4611731423514458 0.8256678541727723 0.07804859152940626
50.39114616358028 1.19118546873156 -0.4669576547770458 0.8328801243444789 0.105217228428553
50.42256209011618 1.176430579887979 -0.4722923136048617 0.8395636406265351 0.1329738173374629
50.45397801665208 1.161515233653431 -0.4771718420747421 0.8456946773216237 0.1613248876610389
50.48539394318798 1.146453805700202 -0.4815913979105958 0.8512482204572573 0.1902765207912696
50.51680986972387 1.131260816825566 -0.4855465778109275 0.8561979224619272 0.2198342623257305
50.54822579625977 1.115950919072605 -0.4890334219565064 0.8605160578880855 0.2500030254655637
50.57964172279567 1.10053888196586 -0.4920484192578475 0.864173480719109 0.280786984847786
50.61105764933157 1.085039578404273 -0.4945885119557546 0.8671395842886611 0.3121894601701645
50.64247357586746 1.069467969880101 -0.4966510961898024 0.8693822648961532 0.3442127890243828
50.67388950240336 1.053839092726464 -0.4982340286138381 0.8708678886732053 0.3768581877213227
50.70530542893926 1.038168043248577 -0.4993356263334441 0.871561264431417 0.4101255999296098
50.73672135547515 1.02246996341574 -0.4999546713096903 0.8714256223349657 0.4440135319211788
50.76813728201105 1.006760026104079 -0.5000904102137995 0.8704226005426174 0.4785188740220276
50.79955320854695 0.9910534205465077 -0.4997425566106978 0.8685122407723457 0.513636707363022
50.83096913508285 0.9753653376048258 -0.4989112924197212 0.8656529947797875 0.5493600954641349
50.86238506161875 0.9597109551382453 -0.4975972666805489 0.8618017433753538 0.5856798600065549
50.89380098815464 0.9441054231581064 -0.4958015977862429 0.8569138303100999 0.6225843405562496
50.92521691469054 0.9285638492775991 -0.4935258709068633 0.8509431128407755 0.6600591376993631
50.95663284122644 0.9131012839597991 -0.4907721381154209 0.8438420318875753 0.6980868398129989
50.98804876776234 0.8977327057895678 -0.4875429172105673 0.8355617042722446 0.7366467335530719
51.01946469429824 0.8824730072335892 -0.483841188242326 0.8260520394913951 0.7757144981404408
51.05088062083414 0.8673369795083149 -0.4796703938779892 0.8152618853947609 0.8152618853947649
51.08229654737004 0.8523392988963616 -0.475034433535243 0.8031392038535135 0.8552563848285631
51.11371247390593 0.8374945115695522 -0.4699376631059536 0.7896312825791364 0.8956608780930063
51.14512840044183 0.8228170200664782 -0.4643848888327021 0.774684983664035 0.9364332822302789
51.17654432697773 0.8083210688514915 -0.4583813642664725 0.7582470348370708 0.9775261870860159
51.20796025351363 0.7940207302258823 -0.4519327858094729 0.7402643657996983 1.018886489455756
51.23937618004953 0.7799298909567594 -0.4450452866266453 0.7206844927594848 1.060455027899957
51.27079210658543 0.7660622379556165 -0.4377254325387484 0.6994559559663891 1.102166225756363
51.30220803312132 0.7524312454067391 -0.4299802147722089 0.6765288109150752 1.143947745735434
51.33362395965722 0.7390501611029425 -0.4218170442946815 0.6518551777091293 1.185720166458093
51.36503988619312 0.7259319938031825 -0.4132437442463368 0.6253898486565905 1.227396687009692
51.39645581272902 0.7130894997683088 -0.4042685436260091 0.5970909566098148 1.268882872009766
51.42787173926492 0.7005351705634597 -0.3949000688834494 0.5669207019475458 1.310076444764088
51.45928766580081 0.6882812206304754 -0.3851473359007347 0.5348461379601138 1.350867142701585
51.49070359233671 0.6763395753728941 -0.3750197412422139 0.5008400108163631 1.391136646758365
51.52211951887261 0.6647218588074242 -0.3645270538236322 0.4648816497916226 1.430758600298539
51.5535354454085 0.6534393822655602 -0.3536794052128765 0.4269578994029066 1.469598729032028
51.5849513719444 0.6425031338444757 -0.3424872792294341 0.3870640843053979 1.50751507674838
51.6163672984803 0.6319237660177445 -0.3309615032927553 0.3452049964368982 1.544358377417542
51.6477832250162 0.6217115863680689 -0.319113236593779 0.3013958862828605 1.579972566487042
51.6791991515521 0.6118765470162616 -0.3069539596210572 0.255663443554202 1.614195453987368
51.710615078088 0.6024282339233851 -0.2944954635741738 0.2080467456647181 1.646859568405706
51.7420310046239 0.5933758582445866 -0.2817498380676016 0.1585981499094311 1.677793174040314
51.7734469311598 0.5847282467218733 -0.268729459615735 0.1073841051485514 1.706821474802096
51.80486285769569 0.5764938330511122 -0.2554469793368347 0.05448585444858563 1.733768000736124
51.83627878423159 0.5686806492288007 -0.2419153106283433 4.296090952350788e-16 1.758456176337493
51.86769471076749 0.5612963175781037 -0.2281476163555961 -0.05596109950206269 1.780711059496041
51.89911063730338 0.5543480429884229 -0.2141572958729528 -0.1132691281650661 1.800361237045289
51.93052656383928 0.5478426065506617 -0.1999579713302712 -0.1717798363859258 1.817240851111159
51.96194249037518 0.5417863570821406 -0.185563474929113 -0.2313333141855055 1.831191738857431
51.99335841691108 0.5361852064962003 -0.170987834341931 -0.2917545339650099 1.842065630734885
52.02477434344697 0.5310446227574004 -0.1562452592235785 -0.352854179395998 1.849726385756913
52.05619026998287 0.526369625045198 -0.141350126765953 -0.4144297676329783 1.854052201159876
52.08760619651877 0.5221647779640909 -0.1263169675663582 -0.4762670667571445 1.854937755290804
52.11902212305467 0.5184341877505956 -0.1111604508242724 -0.5381417981899067 1.85229621881903
52.15043804959056 0.5151814976171623 -0.09589536979885584 -0.5998216081210597 1.846061088556207
52.18185397612646 0.5124098847515393 -0.08053662683039625 -0.6610682781998578 1.836187780433719
52.21326990266236 0.510122055967647 -0.0650992186046869 -0.7216401415664783 1.822654941128875
52.24468582919825 0.5083202461062507 -0.04959822086548301 -0.7812946536694907 1.805465418137511
52.27610175573415 0.5070062153086281 -0.03404877336124831 -0.8397910690421888 1.784646864566009
52.30751768227005 0.5061812468857564 -0.01846606462516266 -0.8968931633336605 1.760251944674409
52.33893360880595 0.5058461471684276 -0.002865316624770069 -0.952371935218688 1.732358119062807
52.37034953534185 0.5060012429827653 0.01273823048503633 -1.006008231817147 1.701067020962361
52.40176546187775 0.5066463834787513 0.02832933373029417 -1.057595223121669 1.666503409547037
52.43318138841365 0.5077809378825333 0.04389276268623753 -1.106940682326599 1.628813751306852
52.46459731494955 0.5094037980379678 0.0594133147680227 -1.153869002462102 1.588164433580934
52.49601324148544 0.5115133786869385 0.0748758305451864 -1.198222918873237 1.544739678958212
52.52742916802134 0.5141076193492414 0.09026520896075013 -1.239864895516511 1.498739201241769
52.55884509455724 0.5171839858423034 0.1055664226104027 -1.278678155988565 1.450375669325497
52.59026102109314 0.5207394734212732 0.12076453276394 -1.314567342919477 1.399872037032386
52.62167694762903 0.5247706099908551 0.1358447042847053 -1.347458809095402 1.34745880909541
52.65309287416493 0.5292734587325244 0.1507922207257811 -1.377300553039454 1.293371308601051
52.68450880070083 0.5342436227386625 0.1655924989303052 -1.404061813195276 1.237846999340126
52.71592472723673 0.5396762493007212 0.1802311036554481 -1.427732355785842 1.181122924298833
52.74734065377262 0.5455660345005072 0.1946937621224809 -1.448321490723143 1.123433305766782
52.77875658030852 0.5519072290225445 0.2089663780953916 -1.46585685389147 1.065007344320298
52.81017250684442 0.5586936433766362 0.2230350461689452 -1.480383004316725 1.006067250837164
52.84158843338032 0.5659186549077656 0.2368860652482124 -1.491959874762605 0.946826527685912
52.87300435991622 0.5735752134703592 0.2505059526295529 -1.500661128287096 0.8874885172782678
52.90442028645212 0.5816558489121502 0.2638814572183811 -1.506572454627228 0.8282452157968051
52.93583621298801 0.5901526788722758 0.276999572458372 -1.509789849452169 0.7692763516842445
52.96725213952391 0.5990574163660228 0.2898475493470113 -1.510417912785123 0.710748719459853
52.99866806605981 0.6083613779529747 0.3024129091084527 -1.508568194733295 0.6528157523265459
53.03008399259571 0.61805549250555 0.3146834554381527 -1.504357613778347 0.5956173145429583
53.06149991913161 0.6281303104714538 0.3266472863191396 -1.497906968138555 0.5392796918063829
53.09291584566751 0.6385760133853439 0.3382928055648211 -1.489339556074502 0.4839157561473794
53.1243317722034 0.6493824227866906 0.3496087349230135 -1.47877991762703 0.4296252812664613
53.1557476987393 0.6605390117751293 0.3605841237838027 -1.466352696604045 0.3764953813954516
53.1871636252752 0.6720349142137945 0.3712083609722125 -1.452181637140773 0.3246010538779049
53.2185795518111 0.6838589361513095 0.3814711844546734 -1.436388703578115 0.2740057995590277
53.249995478347 0.6959995670171497 0.3913626911052868 -1.419093326204326 0.224762302239156
53.2814114048829 0.708444990853291 0.4008733464048555 -1.400411766790135 0.1769131480672108
53.31282733141879 0.721183098013725 0.4099939935879349 -1.380456596036493 0.1304915680604687
53.34424325795469 0.7342014971361609 0.418715862416939 -1.359336275288449 0.08552218944559074
53.37565918449059 0.7474875277169588 0.4270305770268097 -1.337154833096027 0.04202178352602869
53.40707511102648 0.7610282722256154 0.4349301644000146 -1.314011629391265 7.403947321001179e-15
53.43849103756238 0.7748105693358713 0.4424070610571399 -1.290001195030752 -0.04053992075127213
53.46990696409828 0.7888210264002924 0.4494541209431006 -1.265213140910644 -0.07960046376533514
53.50132289063418 0.8030460328972124 0.4560646216597817 -1.239732124709355 -0.1171891889920575
53.53273881717007 0.8174717740327462 0.4622322701612122 -1.213637868400257 -0.1533181175736563
53.56415474370597 0.8320842438999172 0.4679512093999774 -1.187005219526711 -0.1880031573570357
53.59557067024187 0.8468692598271249 0.4732160221726888 -1.159904246529397 -0.2212635686221182
53.62698659677777 0.8618124757646896 0.4780217371608275 -1.1324003647926 -0.2531214707735365
53.65840252331366 0.8768993963348722 0.4823638335840216 -1.104554485015004 -0.2836013894002929
53.68981844984956 0.8921153915400187 0.4862382434547419 -1.07642317886617 -0.3127298426693594
53.72123437638546 0.9074457106542736 0.4896413562542129 -1.048058859200996 -0.3405349661657894
53.75265030292137 0.9228754967472971 0.4925700215596496 -1.019509968864042 -0.3670461740930256
53.78406622945726 0.9383898011960399 0.49502155142342 -0.9908211754893224 -0.3922938550861041
53.81548215599316 0.9539735981642812 0.4969937229963878 -0.962033569325193 -0.41630910058623
53.84689808252906 0.9696117994018451 0.4984847788247552 -0.9331848612240565 -0.4391234634600557
53.87831400906495 0.9852892686792979 0.4994934299643812 -0.9043095794422819 -0.4607687449474431
53.90972993560085 1.000990836713205 0.5000188540323469 -0.8754392626822174 -0.4812768073717559
53.94114586213675 1.016701315681318 0.5000606980884754 -0.8466026489078928 -0.5006794108545533
53.97256178867265 1.032405514056305 0.4996190768605998 -0.8178258581598065 -0.5190080716188186
54.00397771520854 1.048088251226008 0.4986945716752961 -0.7891325690437625 -0.5362939401282544
54.03539364174444 1.063734372205977 0.4972882307055227 -0.7605441880167936 -0.5525676970215031
54.06680956828034 1.079328762187853 0.4954015659864473 -0.7320800112599682 -0.5678594651833268
54.09822549481624 1.094856361208098 0.4930365525560673 -0.7037573786625132 -0.5821987361386269
54.12964142135213 1.110302178562914 0.4901956251381506 -0.6755918200587032 -0.5956143094122335
54.16105734788803 1.125651307078485 0.4868816748140298 -0.647597193586865 -0.6081342433700536
54.19247327442393 1.140888937801673 0.4830980474871989 -0.6197858159174023 -0.6197858159174009
54.22388920095982 1.156000373860092 0.4788485383653602 -0.5921685852426398 -0.6305954945215545
54.25530512749572 1.170971044457618 0.4741373878278274 -0.5647550965958931 -0.6405889139452634
54.28672105403162 1.185786519067336 0.4689692777535553 -0.5375537497677487 -0.6497908606532512
54.31813698056752 1.200432521354902 0.4633493266755969 -0.5105718503537401 -0.6582252632441666
54.34955290710342 1.214894942184946 0.4572830827608154 -0.483815704455373 -0.6659151884523896
54.38096883363932 1.229159853797944 0.450776519903792 -0.4572907064246939 -0.6728828408436763
54.41238476017521 1.24321352212236 0.4438360294261352 -0.4310014212717538 -0.6791495672124068
54.44380068671112 1.25704242099753 0.4364684160036819 -0.4049516605385647 -0.6847358630275192
54.47521661324701 1.270633244140843 0.4286808888742863 -0.3791445535705788 -0.6896613826882757
54.50663253978291 1.283972917753721 0.4204810547074607 -0.3535826133574465 -0.6939449515392913
54.53804846631881 1.297048613839534 0.4118769114307283 -0.3282677973839973 -0.697604579205049
54.56946439285471 1.309847761154182 0.4028768383183379 -0.303201564649646 -0.7006574755491384
54.6008803193906 1.322358057490725 0.3934895884205723 -0.2783849280453011 -0.7031200669299602
54.6322962459265 1.33456748208639 0.3837242808764209 -0.2538185028423794 -0.7050080131454303
54.6637121724624 1.346464305344582 0.3735903898928633 -0.2295025520902047 -0.7063362263077323
54.6951280989983 1.358037101424377 0.3630977373979563 -0.2054370280065349 -0.7071188884823087
54.7265440255342 1.369274758348659 0.3522564826135479 -0.1816216107458056 -0.7073694707530712
54.7579599520701 1.380166488304902 0.3410771120635453 -0.1580557441765329 -0.7071007521254572
54.78937587860599 1.390701837557296 0.3295704292834545 -0.1347386690125115 -0.7063248384384331
54.82079180514189 1.400870697548937 0.3177475455465276 -0.1116694533720668 -0.7050531803707987
54.85220773167779 1.410663312776564 0.3056198677251311 -0.08884702141832697 -0.7032965926942055
54.88362365821369 1.420070290900818 0.2931990882290195 -0.06627017966752795 -0.7010652718968914
54.91503958474958 1.429082610896758 0.2804971733374984 -0.0439376415684738 -0.698368814243708
54.94645551128548 1.437691631860601 0.2675263521086536 -0.02184805029259529 -0.6952162328942619
54.97787143782138 1.445889101804444 0.2542991051690246 -2.71078102256713e-15 -0.691615974386983
55.00928736435728 1.45366716377847 0.2408281518750248 0.02160794428105606 -0.6875759357236541
55.04070329089317 1.461018364268236 0.2271264389920462 0.0429772281204383 -0.6831034796254206
55.07211921742907 1.467935660260903 0.2132071284857003 0.06410929025443925 -0.678205449703521
55.10353514396498 1.474412424573657 0.1990835845380243 0.08500554626060496 -0.6728881856793623
55.13495107050088 1.480442453994898 0.1847693619208725 0.1056673730330446 -0.6671575365391006
55.16636699703677 1.486019972848384 0.1702781922995375 0.1260960942715683 -0.6610188750329198
55.19778292357267 1.491139640590978 0.1556239722864051 0.1462929664388017 -0.6544771095696751
55.22919885010857 1.495796555086166 0.1408207497704909 0.166259165605934 -0.6475366973103069
55.26061477664446 1.49998625754896 0.1258827110007188 0.1859957747180356 -0.6402016557445693
55.29203070318036 1.503704737211219 0.1108241675058438 0.2055037712709812 -0.6324755736681323
55.32344662971626 1.506948434362905 0.09565954258032396 0.2247840155117847 -0.6243616221360643
55.35486255625216 1.509714244562985 0.08040335806600987 0.2438372387426466 -0.6158625642148539
55.38627848278805 1.511999520593809 0.06507022064601484 0.262664032114775 -0.6069807649962432
55.41769440932395 1.513802075180936 0.04967480836150569 0.2812648354403789 -0.5977182006160695
55.44911033585985 1.515120182847495 0.03423185699120204 0.2996399261782142 -0.5880764669861528
55.48052626239575 1.515952582985232 0.01875614647693529 0.3177894081311173 -0.5780567874479488
55.51194218893164 1.516298478435147 0.003262487018633957 0.3357132009231511 -0.5676600215890546
55.54335811546754 1.516157538282752 -0.01223429449313928 0.3534110285042596 -0.5568866718549114
55.57477404200344 1.515529897843583 -0.02771936830459858 0.3708824079629877 -0.545736890741251
55.60618996853934 1.51441615677406 -0.04317791544672357 0.3881266385486444 -0.5342104881516047
55.63760589507523 1.512817381873785 -0.05859514164427632 0.4051427892068647 -0.5223069366092311
55.66902182161113 1.510735102940522 -0.07395629086775352 0.4219296874137582 -0.5100253785564729
55.70043774814703 1.508171312584088 -0.08924665905161812 0.4384859066113408 -0.4973646318369676
55.73185367468292 1.505128464475733 -0.1044516077610641 0.4548097535097274 -0.4843231954126465
55.76326960121882 1.501609471188796 -0.1195565778296157 0.4708992549352661 -0.4708992549352723
55.79468552775473 1.497617701630201 -0.1345471029606572 0.4867521441739832 -0.4570906882200561
55.82610145429063 1.493156976258033 -0.1494088227315057 0.5023658473674339 -0.4428950712074146
55.85751738082652 1.488231566232104 -0.1641274966671581 0.5177374679174218 -0.4283096825869094
55.88893330736242 1.482846187387191 -0.1786890169729292 0.5328637717766006 -0.4133315099477264
55.92034923389832 1.477005996153443 -0.193079421710048 0.5477411713167488 -0.397957255301087
55.95176516043422 1.470716585944787 -0.2072849083049011 0.5623657081036096 -0.3821833405727496
55.98318108697011 1.463983980510073 -0.2212918459115248 0.5767330358408962 -0.3660059140758555
56.01459701350601 1.45681462924004 -0.2350867885487554 0.5908384016248909 -0.3494208566644598
56.04601294004191 1.449215400734384 -0.2486564875370221 0.6046766268146191 -0.3324237886635679
56.0774288665778 1.441193576821316 -0.2619879041849001 0.6182420866415198 -0.3150100770923978
56.1088447931137 1.432756844848855 -0.2750682215390914 0.6315286894067994 -0.2971748437956283
56.1402607196496 1.423913292229191 -0.287884857537589 0.6445298535328651 -0.2789129737057456
56.1716766461855 1.414671396327397 -0.3004254752664651 0.6572384854193187 -0.2602191248373011
56.2030925727214 1.405040019744759 -0.3126779968394555 0.6696469536327835 -0.2410877380608932
56.2345084992573 1.395028399072547 -0.324630612819283 0.6817470647389261 -0.2215130491826504
56.26592442579319 1.384646138321507 -0.3362717950162201 0.6935300356530281 -0.20148910130745
56.29734035232909 1.37390319828778 -0.3475903061756982 0.7049864665397992 -0.1810097592572636
56.32875627886499 1.362809888651772 -0.3585752119736431 0.7161063109867957 -0.1600687250753352
56.36017220540089 1.351376858008344 -0.3692158913985822 0.7268788457546778 -0.1386595556045642
56.39158813193679 1.339615082670986 -0.3795020457444234 0.7372926397826449 -0.1167756821073765
56.42300405847268 1.327535858207116 -0.3894237105415043 0.7473355203032804 -0.09441043177061878
56.45441998500858 1.315150787300714 -0.3989712636371018 0.7569945394979569 -0.07155705203330658
56.48583591154448 1.302471769327856 -0.4081354350736215 0.7662559388471858 -0.04820873742370239
56.51725183808038 1.28951098961822 -0.4169073168525084 0.7751051122578269 -0.02435865946937346
56.54866776461628 1.276280907485375 -0.4252783711567473 0.7835265685908251 -1.727177947688994e-15
56.58008369115218 1.262794244537983 -0.4332404389197549 0.7915038928067176 0.02487401190969151
56.61149961768808 1.249063972321858 -0.4407857473599238 0.7990197063910676 0.05027005895670374
56.64291554422397 1.235103300960572 -0.4479069193691165 0.8060556261397774 0.07619469014885347
56.67433147075987 1.220925665375202 -0.4545969786741009 0.8125922236302504 0.1026542705413481
56.70574739729577 1.206544713828151 -0.460849359369208 0.8186089825559628 0.1296549255467632
56.73716332383167 1.191974293957664 -0.4666579106370088 0.8240842572764215 0.1572024795631878
56.76857925036756 1.177228440334394 -0.472016904706689 0.828995230238863 0.1853023881538008
56.79999517690346 1.162321360596001 -0.4769210416773233 0.8333178705689221 0.2139596634766576
56.83141110343936 1.147267421891536 -0.4813654548166864 0.8370268930792761 0.2431787922464022
56.86282702997526 1.132081137752696 -0.485345717626016 0.8400957180358148 0.2729636455107619
56.89424295651115 1.116777153536576 -0.4888578464120563 0.8424964335764524 0.3033173799916848
56.92565888304705 1.101370232781673 -0.4918983057617239 0.8441997597301727 0.3342423298974777
56.95707480958295 1.085875243167624 -0.4944640133077934 0.8451750156922129 0.3657398887520923
56.98849073611885 1.070307141825396 -0.4965523409605513 0.845390091411376 0.3978103807089525
57.01990666265474 1.054680961373408 -0.4981611200474459 0.8448114233787822 0.4304529202350951
57.05132258919064 1.039011795334962 -0.4992886436447582 0.8434039767193955 0.4636652598793649
57.08273851572654 1.023314783533261 -0.4999336679952271 0.8411312343519645 0.49744362530635
57.11415444226243 1.007605097570536 -0.5000954147917278 0.8379551944881997 0.5317825368995607
57.14557036879833 0.9918979261776637 -0.4997735726787383 0.8338363781662183 0.5666746174358338
57.17698629533424 0.9762084604990864 -0.4989682983167377 0.8287338484664811 0.6021103853084505
57.20840222187014 0.9605518794733173 -0.4976802155088261 0.8226052431534884 0.6380780327961499
57.23981814840603 0.9449433349778847 -0.4959104175228396 0.815406823091486 0.6745631892981243
57.27123407494193 0.9293979372689187 -0.4936604644780349 0.8070935382476726 0.7115486690953375
57.30265000147783 0.9139307402856041 -0.4909323831797047 0.7976191141066202 0.749014203980892
57.33406592801373 0.8985567269134855 -0.4877286661941763 0.7869361610762581 0.7869361610762617
57.36548185454962 0.8832907944191115 -0.4840522696554055 0.774996309543651 0.8252872463148552
57.39689778108552 0.8681477400612295 -0.4799066104621889 0.7617503735908032 0.8640361945508882
57.42831370762142 0.853142246423388 -0.4752955644054705 0.7471485469403845 0.9031474481611913
57.45972963415732 0.8382888672866083 -0.4702234621090483 0.7311406337016573 0.9425808253105904
57.49114556069321 0.8236020131586909 -0.4646950860695104 0.713676318053417 0.9822911812371499
57.52256148722911 0.809095937359445 -0.4587156658914154 0.6947054754551613 1.022228064787731
57.55397741376501 0.7947847218809381 -0.4522908741108804 0.6741785293895802 1.062335374922441
57.5853933403009 0.7806822636167651 -0.4454268209569477 0.6520468562870591 1.102551021226321
57.6168092668368 0.7668022608002366 -0.4381300486566134 0.6282632416849686 1.142806594139858
57.6482251933727 0.7531581994539639 -0.4304075256538996 0.602782390298201 1.183027051732746
57.6796411199086 0.7397633395743407 -0.4222666410414666 0.5755614921524324 1.223130431127684
57.71105704644449 0.7266307033407026 -0.413715195571133 0.5465608441934671 1.263027589481946
57.74247297298039 0.7137730607810421 -0.4047613968137257 0.5157445312966349 1.302621991464411
57.77388889951629 0.7012029181529458 -0.3954138498473393 0.4830811616380208 1.341809545562958
57.80530482605219 0.6889325052111079 -0.3856815497216003 0.4485446571870756 1.38047850711257
57.83672075258809 0.6769737627304474 -0.3755738733252214 0.4121150942600466 1.418509458629202
57.86813667912399 0.6653383317407495 -0.3651005691763439 0.3737795874682243 1.455775377610502
57.89955260565989 0.6540375404349628 -0.3542717498647903 0.3335332116432729 1.49214181389301
57.93096853219578 0.6430823946138324 -0.3430978804701043 0.291379947818738 1.527467178320978
57.96238445873168 0.6324835652142364 -0.3315897700711471 0.2473336441354715 1.561603170290417
57.99380038526758 0.6222513785364854 -0.3197585603847103 0.2014189729222997 1.594395344929406
58.02521631180348 0.6123958058508351 -0.3076157150761615 0.1536723674777012 1.625683838934676
58.05663223833938 0.6029264533483339 -0.2951730086835843 0.1041429169024046 1.65530426287611
58.08804816487527 0.5938525525328754 -0.2824425151132465 0.05289319536332463 1.683088766904642
58.11946409141117 0.5851829509549313 -0.2694365958204783 8.360457840133357e-16 1.708867283929153
58.15088001794707 0.5769261039320865 -0.2561678873032252 -0.05444503007239025 1.732468948022136
58.18229594448297 0.5690900648411511 -0.2426492894384384 -0.110334942408168 1.753723689952045
58.21371187101887 0.5616824785840189 -0.2288939517961716 -0.1675471763971616 1.772463985547236
58.24512779755477 0.5547105727693366 -0.2149152613222207 -0.2259434734380301 1.788526756145003
58.27654372409066 0.5481811509905719 -0.2007268287494449 -0.2853700182093907 1.801755384712463
58.30795965062656 0.5421005857498363 -0.1863424751925649 -0.3456578345631794 1.812001825030285
58.33937557716246 0.5364748128317592 -0.1717762180823807 -0.4066234540352032 1.819128761679255
58.37079150369836 0.5313093239245558 -0.1570422577647179 -0.4680698718552247 1.823011789016086
58.40220743023425 0.5266091624568338 -0.1421549627798819 -0.5297877931664189 1.823541544922627
58.43362335677015 0.5223789178938744 -0.1271288557550839 -0.5915571700727043 1.82062576363078
58.46503928330605 0.5186227209849293 -0.1119785988808129 -0.6531490166917133 1.814191185390753
58.49645520984195 0.5153442404016246 -0.09671897902190769 -0.7143274802058213 1.804185266849295
58.52787113637785 0.5125466776747566 -0.0813648931988645 -0.7748521411483916 1.790577650112787
58.55928706291375 0.5102327655848145 -0.06593133328566596 -0.8344804965182056 1.773361323491117
58.59070298944965 0.508404764242958 -0.05043337119041873 -0.8929705849935631 1.752553451215437
58.62211891598555 0.5070644593185115 -0.03488614360718058 -0.9500836930065848 1.72819582193082
58.65353484252144 0.506213160061926 -0.0193048368169113 -1.005587084476622 1.700354899700056
58.68495076905734 0.5058516982307347 -0.003704671395099646 -1.059256688972485 1.669121460805872
58.71636669559324 0.5059804266677079 0.01189911309227746 -1.110879686698372 1.634609820228736
58.74778262212913 0.5065992198203195 0.02749127344385033 -1.160256923611026 1.596956652759733
58.77919854866503 0.5077074731086541 0.04305657815886169 -1.20720510553093 1.556319444221755
58.81061447520093 0.5093041037913245 0.05857982278276466 -1.251558715124469 1.51287460093094
58.84203040173683 0.5113875527034807 0.07404584511623689 -1.293171610899773 1.466815266943734
58.87344632827272 0.5139557840563134 0.08943954069070947 -1.331918283954326 1.418348912562375
58.90486225480862 0.5170062897596784 0.1047458776559768 -1.367694736393307 1.367694736393316
58.93627818134452 0.5205360904408198 0.1199499120768559 -1.400418992665961 1.31508096844731
58.96769410788042 0.5245417384240285 0.1350368030087385 -1.430031234281085 1.260742123802284
58.99911003441631 0.5290193220494038 0.1499918271916418 -1.456493573412106 1.204916272773051
59.03052596095221 0.5339644690647432 0.1648003939245661 -1.479789495656277 1.147842392447024
59.06194188748811 0.5393723511675727 0.1794480596385727 -1.499922998692234 1.089757847283242
59.093357814024 0.5452376886870631 0.1939205424069814 -1.516917468170944 1.030896046833517
59.1247737405599 0.5515547559236555 0.2082037362185621 -1.530814332455654 0.9714843163335343
59.1561896670958 0.5583173872346284 0.2222837248993864 -1.541671541463604 0.9117420080210662
59.1876055936317 0.5655189826479357 0.2361467962317964 -1.549561919107864 0.8518788738903113
59.2190215201676 0.5731525150584305 0.2497794553211399 -1.554571428684271 0.7920937059715523
59.2504374467035 0.5812105367536236 0.2631684382578219 -1.556797399992041 0.7325732495203563
59.2818533732394 0.5896851874469143 0.2763007249341996 -1.556346751149488 0.6734913799586186
59.3132692997753 0.5985682015635 0.2891635522579873 -1.553334245721063 0.6150085349056448
59.34468522631119 0.6078509166568601 0.3017444266903566 -1.547880809539627 0.5572713817860628
59.37610115284709 0.6175242824050869 0.314031136300618 -1.540111933074195 0.5004127014591424
59.40751707938299 0.6275788694817718 0.32601176284446 -1.530156180162525 0.4445514653315325
59.43893300591888 0.6380048786586874 0.3376746936973552 -1.518143816023688 0.3897930807170213
59.47034893245478 0.6487921508291543 0.3490086330187559 -1.504205562122674 0.3362297788556149
59.50176485899068 0.6599301775840203 0.3600026122845625 -1.488471483945173 0.2839411212739534
59.53318078552658 0.6714081107081868 0.3706460018444449 -1.471070016645085 0.2329946012645376
59.56459671206247 0.6832147736419064 0.3809285205844237 -1.452127119596618 0.1834463164433858
59.59601263859837 0.6953386724937953 0.3908402458990174 -1.431765561136632 0.1353416932514387
59.62742856513427 0.707768007354169 0.4003716233214283 -1.410104325228219 0.08871624441466849
59.65884449167017 0.7204906842680836 0.4095134752912125 -1.387258131423432 0.04359634310891547
59.69026041820607 0.7334943266481734 0.4182570106441775 -1.363337061609828 8.015798328049841e-15
59.72167634474197 0.7467662881327545 0.4265938321221172 -1.338446279979965 -0.0420623688793783
59.75309227127786 0.7602936647193782 0.4345159447979781 -1.312685840670052 -0.08258719287433029
59.78450819781376 0.7740633077470805 0.4420157631947566 -1.286150570165475 -0.1215770239677287
59.81592412434966 0.7880618367046623 0.449086118613169 -1.258930016790406 -0.159039846528272
59.84734005088556 0.8022756525805698 0.4557202654543805 -1.23110845682301 -0.1949884239127097
59.87875597742146 0.8166909512561038 0.4619118873223044 -1.202764949480451 -0.2294396849842909
59.91017190395736 0.8312937365885414 0.4676551039501232 -1.173973433197884 -0.2624141525374121
59.94158783049325 0.8460698351924539 0.4729444740221198 -1.144802852956351 -0.2939354138636624
59.97300375702915 0.8610049092408121 0.4777750027281691 -1.115317317439779 -0.3240296344944537
60.00441968356505 0.876084471227807 0.4821421443853218 -1.085576274354315 -0.3527251133008578
60.03583561010095 0.8912938980309459 0.4860418065186541 -1.055634702574345 -0.3800518785034114
60.06725153663685 0.9066184450173476 0.4894703540011969 -1.025543315380552 -0.4060413227944345
60.09866746317275 0.9220432605520167 0.4924246118148333 -0.9953487704411307 -0.4307258754833405
60.13008338970864 0.9375534005858406 0.4949018670792479 -0.9650938836130586 -0.4541387096447219
60.16149931624454 0.953133843097296 0.4968998716873204 -0.9348178439378061 -0.4763134821278196
60.19291524278044 0.9687695028009982 0.4984168432812108 -0.9045564270037438 -0.4972841039161761
60.22433116931634 0.9844452456980767 0.4994514673557656 -0.8743422051813413 -0.5170845387032234
60.25574709585223 1.000145903877539 0.5000028968901713 -0.8442047527551545 -0.5357486271769007
60.28716302238813 1.015856290159781 0.5000707538491277 -0.8141708451147899 -0.5533099349748762
60.31857894892403 1.031561212826863 0.499655126634184 -0.7842646508178994 -0.5698016220304756
60.34999487545993 1.04724549034327 0.4987565730302232 -0.7545079159201642 -0.5852563313040147
60.38141080199582 1.062893965905045 0.4973761148645621 -0.7249201401945188 -0.5997060950533517
60.41282672853172 1.07849152224988 0.4955152402184988 -0.6955187446125017 -0.6131822565874805
60.44424265506762 1.09402309604703 0.4931758987914405 -0.666319230421509 -0.6257154061940013
60.47565858160352 1.109473692526482 0.4903605008313269 -0.6373353293094604 -0.6373353293094585
60.50707450813941 1.124828399619312 0.4870719127614634 -0.6085791451926112 -0.6480709659074394
60.53849043467531 1.140072402780811 0.4833134563647717 -0.5800612870819564 -0.6579503791169931
60.56990636121121 1.155190998595029 0.4790889022233614 -0.5517909943238333 -0.6670007329635566
60.60132228774711 1.170169609330505 0.4744024676117872 -0.5237762532592551 -0.6752482768953163
60.63273821428301 1.184993796683171 0.4692588110254273 -0.4960239065703974 -0.6827183371249765
60.66415414081891 1.199649275217767 0.4636630263829415 -0.468539755296478 -0.6894353136039916
60.69557006735481 1.214121926894047 0.4576206400275563 -0.4413286533336405 -0.6954226810333346
60.7269859938907 1.228397813393136 0.451137602056212 -0.4143945961156317 -0.7007029950878545
60.7584019204266 1.242463190536577 0.444220282869573 -0.3877408021187843 -0.7052979007494105
60.7898178469625 1.256304520184922 0.4368754641052817 -0.3613697892870124 -0.7092281448268737
60.8212337734984 1.269908483856219 0.4291103333882518 -0.3352834452071259 -0.7125135897339718
60.85264970003429 1.283261995281949 0.4209324767977701 -0.309483092380933 -0.7151732296742234
60.88406562657019 1.296352212718237 0.4123498710506476 -0.28396954860962 -0.7172252083703877
60.91548155310609 1.309166550834806 0.4033708751630053 -0.2587431828511745 -0.718686838091197
60.94689747964198 1.321692692584426 0.3940042222074623 -0.2338039667683294 -0.719574619449143
60.97831340617788 1.333918601803394 0.3842590119105466 -0.2091515221858746 -0.7199042613085019
61.00972933271378 1.345832533252253 0.3741446999543475 -0.184785165331001 -0.7196907023699406
61.04114525924968 1.357423044115065 0.3636710893772482 -0.1607039473377706 -0.7189481320283387
61.07256118578557 1.368679005215842 0.3528483214809235 -0.1369066916871285 -0.7176900113067632
61.10397711232147 1.37958961094775 0.3416868653766079 -0.1133920289039931 -0.7159290942446394
61.13539303885737 1.390144390337627 0.3301975087025032 -0.090158428459268 -0.7136774483357953
61.16680896539327 1.400333214740894 0.3183913452930474 -0.06720422848495326 -0.7109464762551465
61.19822489192916 1.410146310180092 0.3062797670522737 -0.04452766289286793 -0.7077469346431233
61.22964081846506 1.419574263832005 0.2938744507654049 -0.02212688682686013 -0.7040889552813245
61.26105674500097 1.428608035306968 0.2811873488907363 2.058653729489539e-15 -0.699982063159212
61.29247267153686 1.437238963341134 0.2682306767859073 0.02185493148968456 -0.6954351961362011
61.32388859807276 1.445458773518781 0.2550169010052997 0.04343985499943184 -0.6904567232994863
61.35530452460866 1.453259588136584 0.2415587288255881 0.06475671248739781 -0.6850544615223364
61.38672045114456 1.460633932058094 0.2278690952205689 0.08580742293704401 -0.6792356931736804
61.41813637768045 1.46757473944899 0.2139611506004112 0.1065938659444097 -0.6730071825615993
61.44955230421635 1.474075361333625 0.1998482489376125 0.1271178662237427 -0.6663751911842516
61.48096823075225 1.480129570676499 0.1855439346902157 0.1473811791334182 -0.6593454933088735
61.51238415728815 1.485731569977083 0.1710619308507209 0.1673854767511551 -0.6519233895955854
61.54380008382405 1.490875993628928 0.1564161249074188 0.1871323351046357 -0.6441137222549956
61.57521601035995 1.49555791652889 0.1416205572258072 0.2066232213140612 -0.6359208866364102
61.60663193689584 1.499772855574826 0.1266894068486472 0.2258594819783298 -0.6273488451646961
61.63804786343174 1.503516776613881 0.1116369791165256 0.244842331266657 -0.6184011381517364
61.66946378996764 1.506786095097111 0.09647769150816962 0.2635728401841805 -0.6090808965321879
61.70087971650354 1.509577681782955 0.08122606086811389 0.2820519253187315 -0.5993908517495662
61.73229564303944 1.511888864883812 0.06589668969160906 0.300280338247239 -0.5893333464406736
61.76371156957533 1.513717432209029 0.05050425252663868 0.3182586550507425 -0.5789103444260645
61.79512749611123 1.515061634233629 0.0350634824732424 0.3359872656321717 -0.5681234397037185
61.82654342264713 1.515920184699402 0.01958915736978576 0.3534663634584723 -0.556973865790594
61.85795934918303 1.516292260947563 0.004096086132834797 0.3706959352947372 -0.5454625045422991
61.88937527571892 1.516177508203905 -0.01140090487006371 0.3876757497799643 -0.5335898930022581
61.92079120225482 1.515576035293086 -0.02688698567488531 0.4044053477887344 -0.5213562328615813
61.95220712879073 1.514488418322554 -0.04234733643501112 0.4208840305657152 -0.508761396557398
61.98362305532662 1.512915698319294 -0.05776716118009986 0.4371108489774477 -0.4958049351089152
62.01503898186252 1.510859379668634 -0.07313170139874929 0.4530845922132239 -0.4824860852247492
62.04645490839842 1.508321430785888 -0.08842624994839197 0.4688037753452329 -0.4688037753452327
62.07787083493432 1.505304280838246 -0.1036361645789407 0.4842666274857587 -0.4547566326905609
62.10928676147021 1.501810817434798 -0.1187468814665275 0.4994710791281296 -0.4403429897070679
62.14070268800611 1.497844384399292 -0.1337439288099486 0.5144147488223891 -0.4255608902952419
62.17211861454201 1.493408779221849 -0.148612940471505 0.5290949292446276 -0.4104080960153028
62.20353454107791 1.488508248080948 -0.1633396689632494 0.5435085733773859 -0.3948820928941922
62.2349504676138 1.483147482909127 -0.1779099989644823 0.5576522792273348 -0.3789800976162081
62.2663663941497 1.477331617511167 -0.192309960719574 0.5715222740067237 -0.3626990640609833
62.2977823206856 1.471066220805125 -0.2065257423236946 0.5851143985434273 -0.3460356906786769
62.3291982472215 1.464357293822696 -0.2205437034597522 0.5984240893534054 -0.3289864271062563
62.36061417375739 1.457211263756096 -0.2343503881462408 0.6114463608328929 -0.3115474818451164
62.39203010029329 1.449634976214398 -0.2479325364801635 0.6241757872239667 -0.2937148306651398
62.42344602682919 1.441635690897186 -0.2612770980913222 0.6366064821222799 -0.2754842247195071
62.45486195336508 1.433221074308096 -0.2743712442634682 0.6487320780830055 -0.2568511999186178
62.48627787990098 1.424399191449471 -0.2872023793128554 0.6605457055874778 -0.2378110871437639
62.51769380643688 1.415178500180751 -0.2997581537001014 0.6720399696389399 -0.2183590227914591
62.54910973297278 1.405567841478333 -0.3120264745334985 0.6832069270074757 -0.1984899610009557
62.58052565950867 1.39557643278681 -0.3239955182187813 0.6940380608136787 -0.1781986864512012
62.61194158604457 1.385213857717682 -0.3356537404381934 0.7045242555880104 -0.1574798289673249
62.64335751258048 1.3744900590317 -0.3469898887991809 0.7146557694427343 -0.1363278790955598
62.67477343911638 1.363415327655856 -0.3579930122476751 0.7244222069098258 -0.1147372058000754
62.70618936565227 1.352000293549222 -0.3686524719809436 0.7338124895742545 -0.09270207570390808
62.73760529218817 1.340255916527479 -0.3789579525990467 0.742814825382394 -0.0702166744112149
62.76902121872407 1.328193474796452 -0.3888994709249104 0.7514166778911642 -0.04727513025836441
62.80043714525996 1.315824554752772 -0.3984673860798522 0.7596047335911943 -0.02387154044562882
62.83185307179586 1.303161040261046 -0.4076524091247422 0.7673648682742102 -1.879501859420284e-15
62.86326899833176 1.290215101572899 -0.4164456123932238 0.7746821124223665 0.0243453661640099
62.89468492486766 1.276999183475592 -0.4248384378179195 0.7815406159555681 0.04917036779805763
62.92610085140355 1.263525993750507 -0.4328227057009421 0.7879236118031632 0.0744807101586958
62.95751677793945 1.249808491073164 -0.4403906227450371 0.793813378930228 0.1002819507624581
62.98893270447535 1.23585987247944 -0.4475347893204 0.7991912049167772 0.1265794517030343
63.02034863101125 1.221693561721252 -0.4542482085306014 0.8040373474218343 0.1533783269854691
63.05176455754714 1.207323195665978 -0.4605242917600521 0.8083309965733062 0.180683384680774
63.08318048408304 1.192762611697326 -0.4663568660454772 0.8120502366772866 0.2084990632050079
63.11459641061894 1.178025834448805 -0.4717401801813872 0.8151720086225974 0.2368293613609639
63.14601233715484 1.163127062490339 -0.4766689107255085 0.8176720729538144 0.2656777615622771
63.17742826369074 1.148080655191796 -0.4811381688863088 0.8195249738765485 0.295047145610773
63.20884419022664 1.132901118089441 -0.4851435028048526 0.8207040058855769 0.3249397028625854
63.24026011676253 1.117603090139945 -0.4886809060399905 0.8211811812090303 0.3553568293955303
63.27167604329843 1.102201328770347 -0.4917468185827022 0.8209272016351847 0.3862990185650372
63.30309196983433 1.086710696385567 -0.4943381333980569 0.8199114328697473 0.417765741378572
63.33450789637023 1.071146145699566 -0.4964521980169292 0.8181018841939129 0.4497553168032765
63.36592382290613 1.055522705658906 -0.498086819189521 0.8154651931117171 0.4822647708299245
63.39733974944203 1.039855466858889 -0.4992402650313666 0.8119666169111882 0.5152896840534743
63.42875567597792 1.024159566973336 -0.4999112662053429 0.8075700320007801 0.548824027014888
63.46017160251382 1.008450176311069 -0.5000990200706414 0.802237942318923 0.5828599826742105
63.49158752904972 0.9927424830294429 -0.4998031901925053 0.7959314987351602 0.6173877557678782
63.52300345558562 0.9770516785547088 -0.4990239070346516 0.7886105307301278 0.6523953683714958
63.55441938212152 0.9613929427974918 -0.4977617705219823 0.780233592570134 0.6878684415961538
63.58583530865742 0.945781429509843 -0.4960178479392136 0.7707580257726183 0.7237899630609788
63.61725123519331 0.9302322515298432 -0.4937936746007439 0.7601400403218186 0.7601400403218108
63.64866716172921 0.9147604662285442 -0.4910912520327982 0.7483348168193177 0.7968956402618335
63.68008308826511 0.8993810606775022 -0.4879130478710509 0.7352966325813979 0.8340303153208505
63.71149901480101 0.8841089371428053 -0.4842619932856582 0.7209790139761141 0.8715139169001888
63.7429149413369 0.8689588985774935 -0.4801414806725851 0.7053349182065166 0.9093122973585855
63.7743308678728 0.8539456340653319 -0.4755553612900418 0.6883169476424861 0.9473870022890126
63.8057467944087 0.8390837048320504 -0.4705079409102775 0.6698775993565963 0.9856949545219774
63.8371627209446 0.8243875293270266 -0.4650039782194205 0.6499695542658315 1.024188134179159
63.86857864748049 0.8098713696576874 -0.459048678915996 0.6285460072079548 1.062813255601016
63.89999457401639 0.7955493176099427 -0.4526476913302872 0.6055610424618868 1.101511447054642
63.93141050055229 0.7814352801438612 -0.4458071028356398 0.5809700576303271 1.140217938489203
63.96282642708818 0.7675429665631082 -0.4385334324603717 0.5547302367600716 1.178861760036231
63.99424235362408 0.7538858744983072 -0.4308336261152069 0.52680107701856 1.217365461708275
64.02565828015999 0.7404772768437023 -0.4227150497419774 0.4971449687879879 1.255644859017742
64.05707420669589 0.7273302085640456 -0.4141854826949611 0.4657278307112425 1.293608814642512
64.08849013323179 0.7144574537649916 -0.4052531105635364 0.4325197991098135 1.331159065222642
64.11990605976769 0.7018715331742523 -0.3959265173132654 0.3974959702062154 1.36819010358486
64.15132198630357 0.6895846913557224 -0.3862146776941711 0.360637192620876 1.404589129182083
64.18273791283947 0.6776088857241132 -0.3761269473085811 0.3219309043792022 1.440236074968014
64.21415383937537 0.6659557729102566 -0.3656730558888908 0.2813720102866036 1.475003732509216
64.24556976591127 0.6546366987160634 -0.354863096124264 0.2389637876199834 1.50875797603814
64.27698569244717 0.6436626863458457 -0.3437075146178188 0.1947188119228052 1.541358109395526
64.30840161898307 0.6330444251402626 -0.3322171020918184 0.1486598879654636 1.572657344518112
64.33981754551897 0.6227922601728619 -0.3204029826736554 0.100820969598887 1.60250342249157
64.37123347205485 0.6129161820095228 -0.3082766030389186 0.05124804989673075 1.630739389338234
64.40264939859075 0.6034258169288399 -0.295849721139016 1.299181479564923e-14 1.657204534419062
64.43406532512665 0.594330416647242 -0.2831343952209759 -0.05285066723543708 1.681735499933158
64.46548125166255 0.5856388494773953 -0.2701429716521086 -0.1072171349037737 1.704167558758914
64.49689717819845 0.5773595923226714 -0.2568880722701354 -0.1629977479717988 1.724336059955312
64.52831310473435 0.5695007202858322 -0.2433825831816691 -0.2200756366056888 1.742078044811841
64.55972903127025 0.562069900252505 -0.2296396409518937 -0.2783185240304706 1.757234002659504
64.59114495780615 0.5550743827003112 -0.2156726199639897 -0.3375787469674941 1.769649764685741
64.62256088434204 0.548520994123607 -0.2014951193008046 -0.3976935135273496 1.779178504367019
64.65397681087794 0.5424161303895522 -0.1871209491038233 -0.4584854196467975 1.785682812258951
64.68539273741385 0.5367657509831498 -0.1725641165772373 -0.5197632403487562 1.789036807803125
64.71680866394973 0.5315753715812391 -0.1578388126087676 -0.5813230087310686 1.789128253752833
64.74822459048563 0.5268500597947888 -0.1429593970740892 -0.6429493817979779 1.785860609602484
64.77964051702153 0.5225944296375025 -0.1279403846735799 -0.7044172915123202 1.779154987421492
64.81105644355743 0.5188126368372686 -0.1127964304148579 -0.7654938650990286 1.768951950127317
64.84247237009333 0.5155083744949635 -0.09754231495069511 -0.8259405911343402 1.755213100761876
64.87388829662923 0.5126848701243337 -0.08219292959392437 -0.8855156962783963 1.73792240830568
64.90530422316513 0.5103448812558828 -0.0667632616081706 -0.9439766945760173 1.717087233024463
64.93672014970103 0.5084906936254716 -0.05126837895466825 -1.001083052515627 1.692738997575283
64.96813607623692 0.5071241183392258 -0.03572341523913082 -1.056598918493095 1.664933484660713
64.99955200277282 0.506246490682751 -0.02014355443623078 -1.110295850335812 1.633750731109504
65.03096792930872 0.5058586675710084 -0.004544015693647404 -1.161955482773182 1.599294518881377
65.06238385584462 0.5059610282641945 0.01105996206832288 -1.211372061116408 1.561691450992747
65.09379978238051 0.5065534723127294 0.026653135456648 -1.258354792907558 1.521089647767927
65.12521570891641 0.5076354213294342 0.04222027194171143 -1.302729946605693 1.47765707063154
65.15663163545231 0.5092058184409196 0.05774616519141113 -1.344342662903241 1.431579532326158
65.1880475619882 0.5112631292157546 0.073215650443168 -1.383058430736434 1.383058430736463
65.2194634885241 0.5138053444978502 0.08861361959902668 -1.418764197818607 1.332308262767709
65.25087941506 0.5168299808650829 0.1039250366147489 -1.451369110543665 1.279553992236939
65.2822953415959 0.5203340841424814 0.1191349524798908 -1.480804864139552 1.225028321562249
65.3137112681318 0.5243142322243024 0.1342285202261664 -1.507025680046119 1.168968942637394
65.3451271946677 0.5287665381759383 0.1491910099092412 -1.530007925928472 1.111615826372317
65.3765431212036 0.5336866542906664 0.1640078233597783 -1.549749403746756 1.053208607210176
65.4079590477395 0.5390697766757604 0.1786645087314779 -1.566268342307496 0.9939841151608192
65.4393749742754 0.5449106499135671 0.1931467750000165 -1.57960213686496 0.9341740996090142
65.47079090081129 0.5512035719401703 0.207440506423187 -1.589805880537696 0.8740031789090132
65.50220682734719 0.5579424009601863 0.2215317761146437 -1.596950729421173 0.8136870382287683
65.53362275388308 0.5651205601409098 0.2354068605471347 -1.601122160978186 0.7534308988137209
65.56503868041898 0.57273104480326 0.2490522529935103 -1.602418157722249 0.6934282578853584
65.59645460695488 0.5807664301602158 0.2624546765150958 -1.600947364729316 0.6338599023072448
65.62787053349078 0.589218877608632 0.275601097736507 -1.596827265230921 0.5748931901504493
65.65928646002668 0.5980801432541638 0.2884787393665906 -1.590182397831233 0.5166815816582401
65.69070238656256 0.6073415855699039 0.3010750932089833 -1.581142652657054 0.4593644049212414
65.72211831309848 0.6169941754827394 0.313377931418799 -1.569841660775497 0.4030668311743401
65.75353423963438 0.6270285031310198 0.3253753201768846 -1.556415309775523 0.3479000401213928
65.78495016617026 0.6374347891599227 0.3370556299698836 -1.541000377502531 0.2939615436312843
65.81636609270618 0.6482028937849282 0.3484075474335661 -1.523733309532017 0.2413356474340706
65.84778201924206 0.6593223268991525 0.3594200863652182 -1.504749135343975 0.1900940229853313
65.87919794577796 0.6707822582971308 0.3700825986280188 -1.484180525481466 0.1402963661522958
65.91061387231386 0.682571528896463 0.3803847840060849 -1.462156984546097 0.09199112015532085
65.94202979884976 0.6946786616847165 0.3903167002352566 -1.438804177375701 0.04521624286249466
65.97344572538566 0.7070918727659564 0.3998687729776383 -1.414243379842939 -1.387309681207084e-15
66.00486165192156 0.7197990834627136 0.4090318045102096 -1.388591043430395 -0.04363823155626174
66.03627757845744 0.7327879325380584 0.417796982047984 -1.361958465898234 -0.08568716369526494
66.06769350499336 0.7460457875571265 0.4261558873127509 -1.334451559418324 -0.1261428117256328
66.09910943152924 0.7595597581003265 0.434100503479189 -1.306170700506536 -0.1650077327394993
66.13052535806514 0.7733167083083082 0.4416232229258307 -1.277210656363271 -0.2022902949846234
66.16194128460104 0.7873032700123073 0.4487168539686299 -1.247660575210534 -0.23800398362729
66.19335721113694 0.8015058553922445 0.4553746284984986 -1.217604032925186 -0.2721667470411487
66.22477313767283 0.8159106709537874 0.4615902070644011 -1.187119124200662 -0.3048003856526669
66.25618906420874 0.8305037307642443 0.4673576852799425 -1.156278593466718 -0.3359299852662886
66.28760499074463 0.8452708705310246 0.4726715982776144 -1.125149995643024 -0.3655833948007728
66.31902091728054 0.860197760807896 0.4775269274333006 -1.093795882554438 -0.3937907486845275
66.35043684381642 0.8752699220057505 0.4819191020960262 -1.062274005437772 -0.4205840317705464
66.38185277035232 0.8904727376961891 0.4858440061066407 -1.030637533113454 -0.4459966867287443
66.41326869688824 0.9057914694467959 0.4892979796730673 -0.9989352770330577 -0.4700632606146333
66.44468462342412 0.9212112712212829 0.4922778219820085 -0.9672119219808611 -0.4928190893036645
66.47610054996002 0.9367172033905851 0.4947807960536191 -0.9355082589194946 -0.5143000175057485
66.50751647649592 0.9522942477985932 0.4968046285258478 -0.9038614157270303 -0.5345421511545574
66.53893240303182 0.9679273221750252 0.4983475121214823 -0.8723050854734928 -0.5535816405873777
66.57034832956771 0.9836012948070142 0.4994081066563791 -0.8408697494006899 -0.5714544915909285
66.60176425610362 0.9993009991818023 0.4999855408835298 -0.8095828934798861 -0.5881964020587769
66.63318018263951 1.015011248821566 0.5000794100550123 -0.7784692172555425 -0.6038426218079442
66.66459610917542 1.030716851878089 0.4996897794958624 -0.7475508345204768 -0.6184278335871126
66.69601203571131 1.046402625838415 0.4988171796132016 -0.7168474649320068 -0.6319860529724701
66.72742796224721 1.062053412284363 0.4974626090872465 -0.6863766162696853 -0.6445505452087378
66.7588438887831 1.077654091398359 0.4956275300652349 -0.6561537573424976 -0.6561537573424954
66.790259815319 1.09318959657935 0.4933138675703979 -0.6261924812225385 -0.6668272637266164
66.82167574185489 1.108644929035559 0.4905240073625156 -0.5965046589794581 -0.6766017234057019
66.8530916683908 1.124005171851339 0.4872607912059346 -0.567100584331647 -0.6855068482529185
66.88450759492669 1.139255504911305 0.4835275166598619 -0.5379891086861162 -0.6935713797030992
66.91592352146259 1.154381218364164 0.4793279299001807 -0.5091777680906928 -0.7008230743058819
66.94733944799849 1.169367727519777 0.4746662248427416 -0.4806729009396487 -0.7072886952582417
66.97875537453439 1.184200585951974 0.4695470355636853 -0.4524797583580418 -0.7129940109118091
67.01017130107029 1.19886550008905 0.4639754338952599 -0.4246026061410253 -0.7179637973901222
67.04158722760619 1.213348342109227 0.4579569219272146 -0.3970448200096098 -0.7222218464654039
67.07300315414207 1.227635164015191 0.4514974278975402 -0.3698089734206585 -0.725790976265434
67.10441908067799 1.241712210543352 0.4446032991047231 -0.3428969192295834 -0.7286930456052161
67.13583500721388 1.255565932398437 0.4372812957614633 -0.316309865047173 -0.7309489705019691
67.16725093374977 1.269182998917067 0.4295385837294485 -0.290048442973779 -0.7325787429248436
67.19866686028568 1.282550310981037 0.4213827277673571 -0.2641127738577217 -0.7336014508737185
67.23008278682157 1.295655013346602 0.412821683727928 -0.2385025266693332 -0.7340352999048932
67.26149871335748 1.308484506626518 0.4038637903348197 -0.2132169732437288 -0.7338976356340179
67.29291463989337 1.321026458977453 0.3945177606694369 -0.1882550387047942 -0.7332049669000325
67.32433056642927 1.333268818862131 0.3847926750095731 -0.1636153477156368 -0.7319729885917803
67.35574649296517 1.345199825108554 0.374697970127731 -0.1392962674304565 -0.73021660603429
67.38716241950107 1.356808018470715 0.3642434307432305 -0.1152959467445877 -0.7279499583945419
67.41857834603695 1.368082252514086 0.353439180078232 -0.09161235249853845 -0.7251864421830596
67.44999427257287 1.37901170425443 0.342295670139072 -0.06824330281474258 -0.7219387344803837
67.48141019910875 1.389585883757093 0.3308236710366823 -0.04518649783599636 -0.7182188161913795
67.51282612564465 1.399794644573075 0.3190342611715075 -0.0224395479722058 -0.7140379942449143
67.54424205218055 1.409628192668234 0.3069388160632781 -3.128021616268023e-15 -0.7094069238975255
67.57565797871645 1.41907709656893 0.2945489982232128 0.02213463888189795 -0.7043356296725218
67.60707390525235 1.428132294535778 0.2818767447430752 0.0439668788175696 -0.6988335270106649
67.63848983178825 1.43678510458253 0.2689342571168858 0.06549922672385908 -0.6929094416609706
67.66990575832413 1.445027232502046 0.2557339894679658 0.0867341671805584 -0.6865716292395718
67.70132168486005 1.452850778622606 0.2422886361100734 0.1076741447518403 -0.679827794518256
67.73273761139593 1.460248245361028 0.2286111197434353 0.1283215475046766 -0.6726851094320832
67.76415353793183 1.467212545082231 0.2147145797298561 0.1486786915281652 -0.6651502300807091
67.79556946446775 1.473737006202569 0.2006123594018346 0.1687478065069907 -0.6572293136781655
67.82698539100363 1.47981537923882 0.1863179934533712 0.1885310221486759 -0.6489280346382772
67.85840131753953 1.485441842455615 0.1718451952071881 0.2080303553750057 -0.6402515999703784
67.88981724407543 1.49061100810874 0.1572078440930859 0.2272476980262443 -0.6312047635740986
67.92123317061133 1.495317926310825 0.1424199722448193 0.246184805389779 -0.6217918407372739
67.95264909714723 1.499558090961561 0.1274957518461379 0.264843284850752 -0.6120167209364251
67.98406502368313 1.503327442508379 0.1124494814733717 0.2832245853602203 -0.6018828811880582
68.01548095021901 1.506622373092694 0.09729557316072347 0.3013299867621224 -0.5913933976430824
68.04689687675493 1.509439728563631 0.08204853866538631 0.3191605898435931 -0.5805509577237283
68.07831280329081 1.511776812366474 0.06672297620929293 0.3367173061435793 -0.569357870793491
68.10972872982671 1.513631387918061 0.05133355685984278 0.3540008480638084 -0.5578160787636388
68.14114465636261 1.515001680573302 0.03589501087752021 0.3710117190361311 -0.5459271662072229
68.17256058289851 1.51588637832881 0.02042211400287433 0.3877502039041189 -0.5336923703126414
68.2039765094344 1.516284635001025 0.004929673906903183 0.4042163585285896 -0.5211125893755196
68.23539243597031 1.516196069632862 -0.01056748367392146 0.4204100000754125 -0.5081883921268594
68.2668083625062 1.515620766269712 -0.02605452860541142 0.4363306969930764 -0.4949200263840805
68.29822428904211 1.514559276413993 -0.04151664017653035 0.4519777578791687 -0.4813074263738158
68.329640215578 1.513012615074787 -0.05693902070459182 0.467350221763743 -0.4673502217637496
68.3610561421139 1.510982262663614 -0.07230690938962663 0.4824468462894831 -0.4530477444003536
68.39247206864979 1.508470162504189 -0.08760559597269496 0.4972660966559716 -0.4383990361637787
68.42388799518569 1.505478718804157 -0.1028204343306267 0.511806133923851 -0.4234028563718357
68.45530392172159 1.502010794923047 -0.1179368561478453 0.526064802627582 -0.4080576888825746
68.48671984825749 1.498069709880044 -0.13294038426006 0.5400396183430803 -0.3923617495340311
68.51813577479339 1.493659237159889 -0.1478166465878082 0.5537277537594261 -0.3763129928623473
68.54955170132928 1.488783598319429 -0.162551388746636 0.5671260258744826 -0.3599091201594766
68.58096762786519 1.483447461932954 -0.1771304881214492 0.5802308804939993 -0.3431475861552103
68.61238355440108 1.477655937608542 -0.1915399665826316 0.5930383777038698 -0.3260256070715609
68.64379948093699 1.471414571767115 -0.2057660037075115 0.6055441758459045 -0.3085401683866112
68.67521540747288 1.464729342415039 -0.2197949496983065 0.617743514971949 -0.2906880330963078
68.70663133400878 1.457606652788064 -0.233613337770196 0.6296311998360655 -0.2724657505336783
68.73804726054468 1.45005332732729 -0.2472078977294373 0.6412015809115083 -0.2538696651682448
68.76946318708058 1.442076603334177 -0.2605655674955194 0.6524485362142671 -0.2348959267920344
68.80087911361646 1.433684125118702 -0.2736735058218872 0.6633654510308591 -0.2155405008403601
68.83229504015237 1.424883937341204 -0.2865191047636678 0.6739451968760536 -0.1957991796579694
68.86371096668826 1.415684475679557 -0.2990900003998003 0.6841801105883357 -0.175667595030656
68.89512689322416 1.406094561895042 -0.3113740865711022 0.6940619702159074 -0.1551412311150326
68.92654281976006 1.396123392238353 -0.3233595240124746 0.7035819729041448 -0.1342154394285366
68.95795874629596 1.385780532103546 -0.335034754110776 0.7127307085890979 -0.112885454381997
68.98937467283186 1.375075904373665 -0.3463885078375072 0.7214981356002869 -0.09114641102041156
69.02079059936776 1.36401978180913 -0.3574098179449294 0.7298735530672757 -0.06899336400656647
69.05220652590364 1.352622776242378 -0.3680880284403042 0.7378455737680358 -0.04642130875820389
69.08362245243956 1.340895830131312 -0.3784128064067031 0.7454020945593152 -0.02342520453289013
69.11503837897544 1.328850204583081 -0.3883741502788225 0.7525302675584449 -7.374533474071867e-15
69.14645430551134 1.316497469736021 -0.3979624005480877 0.7592164689584624 0.02385933873797606
69.17787023204725 1.303849494004338 -0.4071682494531919 0.7654462673933058 0.04815779721360389
69.20928615858314 1.290918432348896 -0.4159827494520507 0.7712043918929885 0.07290027856157739
69.24070208511904 1.277716715069754 -0.4243973223501862 0.7764746986661403 0.09809156606161996
69.27211801165494 1.264257036085855 -0.4324037678453309 0.7812401374114752 0.1237362819229789
69.30353393819084 1.250552340974171 -0.4399942717960034 0.7854827171516019 0.1498388419630287
69.33494986472674 1.236615814218625 -0.4471614131302472 0.7891834721161117 0.1764034058826759
69.36636579126264 1.222460867791824 -0.4538981732975744 0.7923224265478681 0.2034338224781586
69.39778171779852 1.208101127215646 -0.4601979411109435 0.7948785611103344 0.2309335698429657
69.42919764433444 1.193550419496323 -0.4660545212024609 0.7968297784156423 0.25890568955215
69.46061357087032 1.178822759621537 -0.4714621397318322 0.7981528701195917 0.2873527148000074
69.49202949740622 1.163932337225382 -0.4764154503680461 0.7988234849670754 0.3162765917838661
69.52344542394212 1.148893503135336 -0.4809095400870067 0.7988160984281183 0.3456785938391669
69.55486135047802 1.133720755597371 -0.4849399341279406 0.7981039846000317 0.3755592278459461
69.58627727701391 1.118428726597005 -0.4885026014435707 0.7966591907017642 0.40591813223617
69.61769320354982 1.103032167612309 -0.4915939581672538 0.7944525153248885 0.4367539662461071
69.64910913008571 1.087545935725107 -0.4942108725981624 0.7914534905875589 0.4680642895428274
69.68052505662162 1.071984979188168 -0.4963506679008285 0.7876303697290944 0.4998454319619208
69.7119409831575 1.056364323231223 -0.4980111262599362 0.7829501206029751 0.5320923525065814
69.7433569096934 1.04069905542659 -0.4991904900498786 0.7773784266992817 0.5647984873509188
69.7747728362293 1.025004311382701 -0.4998874663352228 0.7708796964081026 0.5979555859879055
69.8061887627652 1.009295259961563 -0.5001012264077019 0.7634170825345347 0.6315535354569707
69.8376046893011 0.9935870887629152 -0.4998314084195325 0.7549525130850893 0.6655801718871266
69.869020615837 0.9778949893927728 -0.4990781187272249 0.7454467354148803 0.7000210793121669
69.9004365423729 0.962234142756211 -0.4978419315197075 0.7348593754542101 0.7348593754542126
69.93185246890879 0.9466197044075011 -0.4961238887568122 0.7231490140564543 0.7700754844076195
69.9632683954447 0.9310667897670986 -0.4939255006534511 0.7102732828533943 0.8056468965218909
69.99468432198059 0.9155904595345096 -0.4912487438867649 0.696188981777688 0.8415479156123108
70.0261002485165 0.9002057048934435 -0.4880960612140181 0.6808522211326348 0.8777493944778157
70.05751617505238 0.8849274331081003 -0.4844703585795809 0.6642185904758527 0.9142184591718013
70.08893210158828 0.8697704527769098 -0.4803750038957975 0.6462433577245278 0.9509182240370962
70.12034802812418 0.8547494597090129 -0.4758138230534931 0.6268817007049203 0.9878074983392837
70.15176395466008 0.8398790219743644 -0.4707910987370103 0.6060889752356603 1.024840488312871
70.18317988119597 0.8251735663677859 -0.4653115644338509 0.58382102110019 1.061966495001951
70.21459580773188 0.8106473637212611 -0.4593804020758405 0.5600345107587953 1.099129614260659
70.24601173426777 0.7963145151202121 -0.4530032367926531 0.5346873420997544 1.136268440779862
70.27742766080368 0.7821889380557591 -0.4461861319280423 0.5077390785171951 1.173315782201155
70.30884358733957 0.768284352801936 -0.4389355834861505 0.4791514383211526 1.210198388783204
70.34025951387547 0.7546142685787699 -0.4312585148346024 0.4488888354619504 1.246836706025008
70.37167544041137 0.7411919708661906 -0.4231622692105629 0.4169189717662737 1.283144655741083
70.40309136694727 0.7280305075079376 -0.4146546043090131 0.3832134823501041 1.319029457933084
70.43450729348315 0.7151426767561648 -0.4057436835606724 0.3477486314939382 1.354391497822575
70.46592322001906 0.7025410134011609 -0.3964380702975877 0.3105060590561958 1.389124255129409
70.49733914655495 0.6902377777583063 -0.3867467176928662 0.2714735713166782 1.423114298262366
70.52875507309085 0.6782449422789391 -0.3766789619735559 0.2306459735838377 1.456241365068571
70.56017099962676 0.6665741805715349 -0.3662445123685459 0.1880259350232169 1.488378533449673
70.59158692616265 0.6552368554210493 -0.3554534423381759 0.1436248778436721 1.519392501148826
70.62300285269856 0.6442440075161507 -0.3443161798625169 0.09746387827709714 1.549143983932598
70.65441877923445 0.6336063444796334 -0.3328434973645771 0.04957456526722095 1.577488244986883
70.68583470577035 0.6233342302123138 -0.3210465012736518 1.570743930343443e-15 1.604275766564897
70.71725063230625 0.6134376745615956 -0.3089366212377991 -0.05120448316216832 1.629353073366495
70.74866655884215 0.603926323321833 -0.2965255989940321 -0.1039704962418974 1.65256371495571
70.78008248537803 0.5948094492375965 -0.2838254764495004 -0.1582159016456923 1.673749409796959
70.81149841191395 0.5860959410859908 -0.2708485850727508 -0.2138442271619843 1.692751359915861
70.84291433844983 0.5777942970091557 -0.2576075322078146 -0.2707442178816536 1.70941171573988
70.87433026498573 0.5699126140661538 -0.2441151899827747 -0.3287895546806909 1.723575205188683
70.90574619152163 0.5624585814648883 -0.2303846817370625 -0.3878387646400526 1.735090892198736
70.93716211805753 0.555439471746107 -0.2164293696710925 -0.44773535158216 1.743814061474144
70.96857804459343 0.5488621349836528 -0.2022628408235341 -0.5083081674918928 1.749608188412459
70.99999397112933 0.5427329901363751 -0.1878988944584103 -0.5693720484861258 1.752346980153495
71.03140989766521 0.5370580201305708 -0.1733515276047264 -0.6307287249204945 1.751916429300284
71.06282582420113 0.5318427648586354 -0.158634921547745 -0.6921680184603616 1.748216855286893
71.09424175073701 0.5270923161239875 -0.1437634274538656 -0.7534693230878969 1.741164873039245
71.12565767727291 0.5228113124162971 -0.1287515520761011 -0.8144033639923088 1.730695245066808
71.15707360380881 0.5190039340693295 -0.113613943279326 -0.8747342167138505 1.716762563247445
71.18848953034471 0.5156738997986091 -0.09836537518918428 -0.9342215580231141 1.699342705508457
71.21990545688061 0.5128244613613857 -0.08302073373570133 -0.9926231178579633 1.678434029295226
71.25132138341651 0.5104584023992398 -0.06759500125843521 -1.049697276919178 1.654058237720318
71.28273730995241 0.5085780337699316 -0.05210324182479184 -1.105205770854044 1.626260906598087
71.31415323648831 0.5071851922469149 -0.03656058588852922 -1.158916429891197 1.595111621439234
71.34556916302421 0.506281238458307 -0.02098221512204101 -1.210605898649064 1.56070372029154
71.37698508956009 0.5058670553155059 -0.005383347148666908 -1.260062269425958 1.523153632321897
71.40840101609601 0.5059430478275847 0.01022077978264889 -1.307087562845649 1.482599816029249
71.43981694263189 0.5065091413222378 0.02581492212311196 -1.351500002826564 1.439201325208956
71.47123286916779 0.5075647830873143 0.04138384636772981 -1.393136018786599 1.39313601878661
71.50264879570369 0.509108941812459 0.05691234440121071 -1.431851942781121 1.34459847334769
71.53406472223959 0.5111401089729736 0.07238524881095475 -1.467525354520987 1.293797637310084
71.56548064877548 0.5136563006450393 0.08778744809940187 -1.500056052672158 1.240954289761919
71.59689657531139 0.5166550589327834 0.1031039019576522 -1.529366641658087 1.186298368816927
71.62831250184728 0.5201334552872224 0.1183196562258462 -1.555402726264157 1.130066228806414
71.65972842838319 0.5240880921168568 0.1334198581937701 -1.578132735155046 1.072497899316508
71.69114435491907 0.5285151078196144 0.1483897711393562 -1.597547379459559 1.013834395746135
71.72256028145497 0.5334101791974841 0.1632147894721863 -1.613658794998865 0.9543151510835971
71.75397620799087 0.5387685266797886 0.1778804531429719 -1.626499390089068 0.8941756064901757
71.78539213452677 0.5445849191077412 0.1923724620800268 -1.636120452340491 0.8336450089058206
71.81680806106266 0.5508536784681592 0.206676690675575 -1.642590560495485 0.7729444464256164
71.84822398759857 0.5575686861286387 0.2207792016765986 -1.645993845271725 0.7122851417505035
71.87963991413447 0.5647233885321883 0.2346662602650166 -1.646428153622075 0.6518670204920914
71.91105584067036 0.5723108042756389 0.248324347474285 -1.644003156894922 0.5918775562415489
71.94247176720627 0.5803235304452988 0.2617401739600982 -1.638838452001735 0.5324908919991993
71.97388769374216 0.5887537506720171 0.2749006928312437 -1.631061686793231 0.4738672249999065
72.00530362027807 0.5975932428195943 0.2877931125916862 -1.620806749016465 0.4161524417368992
72.03671954681396 0.6068333865728597 0.3004049102086546 -1.608212045567095 0.3594779822984482
72.06813547334986 0.6164651729053776 0.3127238428863787 -1.593418888692778 0.3039609094259212
72.09955139988575 0.6264792129016145 0.3247379601575223 -1.576570012627457 0.2497041590824471
72.13096732642165 0.6368657466686948 0.3364356159584563 -1.55780822960571 0.1967969453843192
72.16238325295754 0.6476146533845538 0.3478054797813921 -1.537275229027151 0.145315293325588
72.19379917949345 0.6587154614356869 0.3588365476511771 -1.515110524737111 0.09532267451633095
72.22521510602934 0.6701573589816452 0.3695181526357735 -1.491450548098968 0.04687072171507194
72.25663103256524 0.6819292041407491 0.379839975753437 -1.466427884196615 9.340267696651953e-15
72.28804695910114 0.6940195364950974 0.3897920555134017 -1.440170640459762 -0.04525918569490502
72.31946288563704 0.7064165887431403 0.3993647971020911 -1.412801941987186 -0.08888596407542949
72.35087881217294 0.7191082976227311 0.4085489824715922 -1.384439545328937 -0.1308680676187736
72.38229473870884 0.7320823167929277 0.4173357779051494 -1.355195554593762 -0.1712010120847589
72.41371066524472 0.7453260280198488 0.4257167438051138 -1.325176236256218 -0.2098872965107995
72.44512659178064 0.7588265544501451 0.433683841557874 -1.294481914171369 -0.2469356317156119
72.47654251831652 0.7725707734172634 0.4412294407729389 -1.263206939115802 -0.282360204271816
72.50795844485242 0.7865453283797901 0.4483463281778572 -1.231439722773287 -0.3161799812315015
72.53937437138832 0.8007366433268502 0.4550277121092167 -1.199262820903483 -0.3484180577525322
72.57079029792422 0.8151309353131642 0.4612672302756734 -1.166753063947658 -0.37910105111668
72.60220622446012 0.8297142286348799 0.4670589542259578 -1.13398172103454 -0.4082585407780827
72.63362215099602 0.8444723680856696 0.4723973956769856 -1.101014693939552 -0.4359225554285174
72.66503807753192 0.8593910327811577 0.477277511786793 -1.067912732012047 -0.4621271056896329
72.69645400406782 0.8744557507194419 0.4816947081549569 -1.034731662204279 -0.486907760872717
72.72786993060372 0.8896519126601585 0.4856448434708969 -1.001522630940181 -0.510301268708643
72.7592858571396 0.9049647864197875 0.4891242329778724 -0.9683323519257624 -0.5323452153399429
72.79070178367552 0.920379531083159 0.4921296524590265 -0.9352033568053892 -0.5530777234379668
72.8221177102114 0.9358812119512048 0.4946583386664145 -0.9021742446797192 -0.5725371854210581
72.8535336367473 0.9514548146189209 0.4967079937536688 -0.8692799296053052 -0.5907620301204256
72.8849495632832 0.9670852598849624 0.4982767854690465 -0.8365518821692971 -0.6077905192789204
72.9163654898191 0.9827574183601506 0.4993633481005822 -0.8040183646684246 -0.6236605719809116
72.94778141635499 0.9984561250071406 0.4999667852157168 -0.77170465829962 -0.6384096143875331
72.9791973428909 1.014166194041956 0.5000866677768442 -0.7396332810511987 -0.6520744521053274
73.01061326942678 1.029872433528185 0.4997230343036506 -0.7078241961716406 -0.664691163335179
73.0420291959627 1.045559660117892 0.4988763919182361 -0.6762950103744575 -0.6762950103744645
73.07344512249858 1.061212713692579 0.4975477131176972 -0.6450611617220028 -0.6869203676281813
73.10486104903448 1.076816471972757 0.495738435194843 -0.6141360970380727 -0.6966006642303975
73.13627697557038 1.092355865132375 0.4934504584858863 -0.5835314388790764 -0.7053683395405339
73.16769290210628 1.107815890386138 0.4906861441656651 -0.5532571422489212 -0.7132548099669108
73.19910882864217 1.123181626070161 0.4874483095922104 -0.523321641530992 -0.7202904459945308
73.23052475517808 1.13843824635022 0.4837402272960766 -0.4937319873556104 -0.7265045573847716
73.26194068171398 1.153571035420908 0.4795656206962567 -0.4644939743857955 -0.7319253861067541
73.29335660824987 1.168565401059148 0.4749286581668454 -0.4356122603741326 -0.736580106020417
73.32477253478578 1.183406889488503 0.4698339516313931 -0.4070904761336452 -0.7404948271195441
73.35618846132166 1.198081198084338 0.4642865481551168 -0.3789313282484172 -0.7436946056853508
73.38760438785758 1.212574190199347 0.4582919279835393 -0.3511366933309598 -0.7462034568930332
73.41902031439346 1.226871907777218 0.4518559963889318 -0.3237077058470726 -0.7480443719236504
73.45043624092936 1.240960584453856 0.4449850774689367 -0.2966448389226569 -0.7492393372811619
73.48185216746526 1.254826659907143 0.4376859102030013 -0.2699479785282525 -0.7498093553605644
73.51326809400116 1.268456791343178 0.4299656386921372 -0.2436164924843253 -0.7497744683033885
73.54468402053705 1.281837866831211 0.4218318063485918 -0.2176492934546592 -0.7491537818670077
73.57609994707296 1.294957017663505 0.4132923481344414 -0.1920448970681382 -0.7479654906818836
73.60751587360885 1.307801630424846 0.4043555824467424 -0.1668014753320701 -0.7462269041687261
73.63893180014476 1.320359358519972 0.3950302023622864 -0.141916905709487 -0.7439544729926882
73.67034772668065 1.33261813506557 0.3853252686738258 -0.1173888159885646 -0.741163814753683
73.70176365321655 1.344566182988532 0.3752501992150108 -0.09321462576556352 -0.7378697410858053
73.73317957975244 1.356192026573793 0.3648147602838414 -0.06939158428490882 -0.7340862835760888
73.76459550628834 1.367484502365794 0.3540290572098114 -0.04591680521474605 -0.7298267195728008
73.79601143282423 1.378432769746285 0.3429035245750836 -0.02278729856656203 -0.7251035975803888
73.82742735936014 1.389026320080942 0.3314489151565359 1.764653775647417e-15 -0.7199287627190014
73.85884328589603 1.399254988728745 0.3196762915406027 0.02244820231561621 -0.7143133799178423
73.89025921243193 1.409108962666044 0.3075970136750451 0.04456044294154849 -0.7082679585970404
73.92167513896783 1.418578789679966 0.2952227281422882 0.06633985648392386 -0.7018023756210827
73.95309106550373 1.427655389018008 0.2825653583820348 0.08778955658935841 -0.6949258966457517
73.98450699203964 1.436330058137696 0.2696370919544256 0.1089126166746587 -0.6876471984968023
74.01592291857553 1.444594480865473 0.2564503690977811 0.1297120521140716 -0.6799743898648909
74.04733884511143 1.452440735956451 0.2430178714741164 0.1501908036563652 -0.6719150308711863
74.07875477164733 1.459861305126961 0.2293525104381291 0.1703517219693879 -0.6634761519652687
74.11017069818323 1.46684907839849 0.2154674138924205 0.1901975534823494 -0.6546642731134914
74.14158662471911 1.473397360702841 0.2013759140615705 0.2097309270511591 -0.6454854214218783
74.17300255125502 1.479499880297571 0.1870915359636291 0.2289543410961052 -0.6359451470621172
74.20441847779091 1.485150792064456 0.1726279835466998 0.2478701520759078 -0.6260485405632139
74.23583440432681 1.490344685035922 0.1579991277353846 0.2664805629344754 -0.6158002473514123
74.26725033086271 1.495076585814563 0.1432189928202995 0.2847876126246014 -0.6052044832024734
74.29866625739861 1.499341964206828 0.1283017437347503 0.3027931656536487 -0.5942650479070152
74.33008218393451 1.503136735901788 0.1132616724346049 0.3204989024585929 -0.5829853393331741
74.36149811047041 1.506457269264068 0.09811318536133191 0.3379063091507722 -0.5713683650810959
74.39291403700629 1.509300385684648 0.08287078924383388 0.3550166686904578 -0.5594167559422026
74.42432996354221 1.511663363911746 0.067549077984093 0.3718310513245658 -0.547132777058455
74.45574589007809 1.513543942546733 0.05216271906555398 0.3883503053789386 -0.5345183391330395
74.48716181661399 1.514940321688151 0.03672643987752542 0.4045750481906689 -0.5215750093014865
74.51857774314989 1.515851164624664 0.02125501409502358 0.4205056569036688 -0.5083040213691277
74.54999366968579 1.51627560061668 0.005763248033600891 0.4361422587389055 -0.4947062851406344
74.58140959622168 1.516213222467207 -0.00973403321217637 0.4514847224553092 -0.4807823969739776
74.61282552275759 1.515664090649368 -0.02522199940032356 0.4665326476683868 -0.466532647668387
74.64424144929349 1.514628730469235 -0.0406858289398845 0.4812853557819257 -0.4519570322138373
74.67565737582939 1.513108132281379 -0.05611072255845389 0.4957418796629466 -0.4370552581239259
74.70707330236529 1.511103751925073 -0.07148191717359437 0.5099009527269028 -0.4218267534156003
74.73848922890117 1.508617507456287 -0.08678469941967888 0.5237609987093305 -0.4062706753857172
74.76990515543709 1.505651778301636 -0.1020044193611036 0.5373201201193525 -0.3903859184196521
74.80132108197297 1.50220940316485 -0.1171265041347413 0.5505760864843932 -0.3741711219940037
74.83273700850887 1.498293677446955 -0.1321364715366417 0.5635263221164502 -0.3576246786891815
74.86415293504477 1.493908348545026 -0.1470199430349312 0.5761678939958078 -0.3407447426384271
74.89556886158067 1.489057615686812 -0.1617626580357597 0.5884974972171754 -0.3235292368989439
74.92698478811656 1.483746123101886 -0.1763504864097749 0.6005114421634641 -0.3059758624948963
74.95840071465247 1.477978956326248 -0.1907694417559579 0.6122056397305632 -0.2880821068138967
74.98981664118836 1.471761638810469 -0.2050056949870632 0.6235755855314585 -0.269845252221534
75.02123256772427 1.465100124937734 -0.2190455865545023 0.6346163446868646 -0.251262385702354
75.05264849426015 1.458000796259346 -0.2328756399999636 0.6453225343690837 -0.2323304082647725
75.08406442079605 1.450470453611516 -0.2464825736919975 0.6556883071469144 -0.2130460455816474
75.11548034733195 1.442516312808314 -0.2598533143159416 0.6657073317995459 -0.1934058586111153
75.14689627386785 1.434145996503221 -0.2729750084833835 0.6753727748013523 -0.1734062555494487
75.17831220040374 1.4253675273153 -0.285835034936133 0.6846772802358543 -0.1530435043707164
75.20972812693965 1.416189321293683 -0.2984210171360033 0.6936129484660808 -0.1323137463108047
75.24114405347554 1.40662017860862 -0.3107208340475596 0.7021713150540204 -0.1112130107467825
75.27255998001144 1.396669276568349 -0.3227226325272045 0.7103433274856068 -0.08973723104460371
75.30397590654735 1.386346160005838 -0.3344148378508628 0.7181193220882787 -0.06788226204493658
75.33539183308324 1.375660732886202 -0.3457861651604641 0.7254889992639125 -0.04564389898487688
75.36680775961915 1.364623249543879 -0.3568256308114998 0.7324413977995859 -0.02301789822840669
75.39822368615503 1.353244304362112 -0.3675225623613949 0.7389648689276226 -2.171930307394935e-15
75.42963961269093 1.34153482162134 -0.3778666086019668 0.7450470492877382 0.02341404678572922
75.46105553922683 1.329506045587745 -0.3878477498924685 0.7506748327624689 0.0472284573189401
75.49247146576273 1.317169530453675 -0.3974563085583953 0.7558343414307318 0.07144738102626945
75.52388739229862 1.304537128643147 -0.4066829574220809 0.7605108965709396 0.09607486886529096
75.55530331883453 1.291620979989014 -0.4155187293325444 0.7646889884086103 0.1211148374514375
75.58671924537042 1.278433500269888 -0.4239550259960803 0.7683522455578023 0.1465710297376902
75.61813517190632 1.264987369507196 -0.4319836265329817 0.7714834040745711 0.1724469719263041
75.64955109844222 1.251295520020879 -0.4395966957595722 0.7740642762890021 0.198745926270639
75.68096702497812 1.237371124070133 -0.446786791849345 0.7760757197228044 0.2254708394370238
75.71238295151402 1.2232275812422 -0.4535468735251817 0.7774976062339489 0.2526242860393454
75.74379887804992 1.208878506207433 -0.4598703081122225 0.7783087912663891 0.2802084068050816
75.7752148045858 1.194337715409301 -0.4657508776077338 0.7784870844253802 0.3082248412112732
75.80663073112171 1.17961921400154 -0.4711827851927158 0.7780092209338851 0.3366746539229104
75.8380466576576 1.164737182646051 -0.4761606616101279 0.7768508346324416 0.3655582546079441
75.8694625841935 1.149705963661049 -0.4806795697979164 0.7749864333582368 0.3948753108089326
75.9008785107294 1.134540047991929 -0.4847350121929966 0.7723893762894303 0.4246246529193806
75.9322944372653 1.119254060604189 -0.4883229331474704 0.7690318555014264 0.4548041715172156
75.96371036380118 1.103862746987673 -0.491439724966046 0.7648848806666475 0.4854107056707894
75.9951262903371 1.088380958852863 -0.4940822312839179 0.7599182690096792 0.5164399223269739
76.026542216873 1.072823639947181 -0.4962477509124594 0.7541006408236657 0.5478861859544896
76.0579581434089 1.057205811706711 -0.4979340411500909 0.7473994217834405 0.5797424180477454
76.0893740699448 1.041542558726718 -0.4991393196523132 0.7397808532353554 0.6119999460491955
76.12078999648068 1.025849014385729 -0.499862268034573 0.731210011523603 0.6446483410812988
76.1522059230166 1.010140346159047 -0.5001020330462976 0.7216508381169348 0.6776752443673918
76.18362184955248 0.9944317409947063 -0.4998582278537895 0.7110661818570367 0.7110661818570289
76.21503777608838 0.9787383906521653 -0.4991309332764742 0.6994178551354827 0.7448043669112369
76.24645370262428 0.9630754769932833 -0.4979206983057651 0.6866667059037428 0.7788704909944346
76.27786962916018 0.9474581573227615 -0.4962285397011318 0.6727727075039001 0.8132425023950745
76.30928555569606 0.9319015495901736 -0.4940559426101738 0.6576950686717152 0.8478953734148977
76.34070148223198 0.9164207177791273 -0.4914048588277509 0.6413923658523588 0.8828008562874234
76.37211740876786 0.9010306572284279 -0.4882777058219304 0.6238227005295344 0.9179272288233317
76.40353333530378 0.8857462800443514 -0.4846773648779549 0.6049438841020723 0.9532390307749761
76.43494926183966 0.8705824005924782 -0.4806071787791276 0.5847136530717223 0.9886967924209803
76.46636518837556 0.8555537209428543 -0.4760709494638761 0.5630899174523001 1.024256757457774
76.49778111491146 0.8406748164960158 -0.4710729347719953 0.5400310450975687 1.059870602407404
76.52919704144736 0.8259601220741362 -0.4656178438676475 0.5154961846049727 1.095485155135375
76.56061296798325 0.8114239172392812 -0.4597108347588901 0.4894456303260274 1.131042117671937
76.59202889451916 0.797080312416891 -0.4533575091902421 0.4618412309902087 1.166477795780706
76.62344482105505 0.7829432355345657 -0.4465639066002814 0.4326468444599617 1.201722840496632
76.65486074759096 0.7690264175506866 -0.4393365004085761 0.4018288414059276 1.236702009957247
76.68627667412686 0.7553433797437643 -0.4316821904700687 0.3693566575427803 1.271333954105358
76.71769260066274 0.7419074195995434 -0.4236082982564892 0.3352033968053533 1.305531034655831
76.74910852719866 0.7287315982486208 -0.4151225590407531 0.2993464835624022 1.339199184287048
76.78052445373454 0.7158287277135374 -0.4062331145946575 0.2617683634802585 1.37223781709105
76.81194038027044 0.7032113572015821 -0.3969485070497995 0.2224572504954432 1.404539802266031
76.84335630680634 0.690891762000951 -0.3872776689352903 0.1814079143183245 1.435991505299077
76.87477223334224 0.6788819307302617 -0.3772299156366615 0.1386225042361674 1.46647291603736
76.90618815987813 0.6671935530920953 -0.3668149369016621 0.0941114002650707 1.495857871831848
76.93760408641404 0.6558380088584521 -0.356042786856033 0.04789408154735862 1.524014385969284
76.96902001294993 0.6448263564760067 -0.3449238745096697 1.29173615384341e-14 1.550805096530214
77.00043593948584 0.634169321585765 -0.3334689541890639 -0.04953055597137993 1.576087846486213
77.03185186602173 0.6238772867843586 -0.3216891146645269 -0.100645625124371 1.599716401878302
77.06326779255762 0.613960281462925 -0.3095957682678018 -0.153280784050513 1.621541318977324
77.09468371909352 0.6044279713311882 -0.2972006401919577 -0.2073584273214048 1.641410967678169
77.12609964562942 0.5952896489492616 -0.2845157568586524 -0.2627871412115952 1.659172710861837
77.15751557216531 0.5865542244398095 -0.2715534341303174 -0.3194611968990097 1.67467424118687
77.18893149870122 0.5782302169013779 -0.2583262650100577 -0.377260189834997 1.687765069021285
77.22034742523711 0.5703257454839388 -0.2448471075207694 -0.4360488530178914 1.698298154691862
77.25176335177301 0.5628485210910776 -0.2311290720698094 -0.4956770704458799 1.706131667212029
77.28317927830891 0.5558058394074198 -0.2171855080558986 -0.555980114754469 1.711130846176676
77.31459520484481 0.5492045726885901 -0.2030299911172484 -0.6167791331143155 1.713169947490086
77.34601113138072 0.5430511640216087 -0.1886763090912889 -0.6778818959865812 1.712134228757956
77.37742705791661 0.5373516194494279 -0.1741384489423173 -0.7390838256739563 1.707921949922317
77.40884298445251 0.532111503005844 -0.1594305823331872 -0.8001693050420605 1.700446330054403
77.4402589109884 0.527335930670611 -0.1445670516759997 -0.860913268629752 1.689637425341523
77.4716748375243 0.5230295654062767 -0.1295623557278343 -0.9210830629192126 1.675443871634997
77.50309076406019 0.5191966128122442 -0.1144311350089649 -0.9804405560219757 1.657834442219708
77.5345066905961 0.5158408156061142 -0.0991881574586562 -1.038744470713129 1.63679937678046
77.56592261713199 0.5129654515889758 -0.08384830318419544 -1.095752893515539 1.612351419988574
77.59733854366789 0.5105733289841327 -0.06842654984620211 -1.151225923731586 1.584526547801898
77.62875447020379 0.5086667844290921 -0.05293795744072286 -1.204928397950885 1.553384330495516
77.66017039673969 0.5072476806366061 -0.03739765320471247 -1.256632635458695 1.519007917017542
77.69158632327559 0.5063174032892733 -0.02182081650272042 -1.306121142641873 1.481503627482265
77.72300224981149 0.505876861511716 -0.006222663385025765 -1.35318920079296 1.441000138340045
77.75441817634737 0.5059264854092305 0.009381568608468768 -1.397647289832197 1.397647289832228
77.78583410288329 0.5064662268943635 0.02497663581859438 -1.439323273126087 1.351614519543205
77.81725002941917 0.5074955583461804 0.0405473038229944 -1.478064304789004 1.303088971810378
77.84866595595507 0.5090134741836376 0.056078362768893 -1.513738401545351 1.252273313139703
77.88008188249097 0.5110184921285674 0.07155464259662768 -1.546235653986651 1.199383316051855
77.91149780902687 0.5135086531033108 0.08696102849446059 -1.575469058770043 1.144645272753021
77.94291373556275 0.516481525200356 0.1022824758489578 -1.601374945509828 1.088293289162855
77.97432966209867 0.5199342045168459 0.1175040256009205 -1.623913022392161 1.030566541543307
78.00574558863455 0.5238633191039692 0.1326108190964031 -1.643066035767068 0.9717065447931362
78.03716151517047 0.5282650316845907 0.1475881131461367 -1.658839081681027 0.9119545023933201
78.06857744170637 0.5331350445630085 0.1624212945016054 -1.671258592499197 0.8515487855645691
78.09999336824225 0.5384686020310806 0.177095895085787 -1.680371054232405 0.7907225973047607
78.13140929477817 0.544260497194297 0.1915976058294809 -1.686241478878363 0.7297018480710978
78.16282522131405 0.5505050761242302 0.2059122912984584 -1.688951703105515 0.6687032847660953
78.19424114784995 0.5571962434329916 0.2200260038852426 -1.688598550408883 0.607932885832585
78.22565707438585 0.5643274690531568 0.2339249974137934 -1.685291906649273 0.5475845343722596
78.25707300092175 0.5718917942104095 0.2475957410710144 -1.679152761761141 0.4878389738471803
78.28848892745764 0.5798818386960861 0.261024932703764 -1.670311253938509 0.4288630382425274
78.31990485399355 0.5882898079493062 0.2741995121888478 -1.658904758762784 0.3708091461875825
78.35132078052943 0.5971075016390244 0.2871066738565624 -1.64507605084908 0.3138150401249073
78.38273670706535 0.6063263206604385 0.2997338799018104 -1.628971573457842 0.2580037509666884
78.41415263360123 0.615937276649703 0.3120688721527057 -1.610739825183067 0.2034837609537795
78.44556856013713 0.6259310007309601 0.3240996842440234 -1.590529888183307 0.1503493407558009
78.47698448667303 0.6362977527873311 0.3358146534030131 -1.568490103974704 0.09868103298221527
78.50840041320893 0.647027431196694 0.3472024318341384 -1.544766901948992 0.04854625563561406
78.53981633974482 0.6581095829839959 0.3582519976921904 -1.519503781521927 2.084722421463893e-14
78.57123226628073 0.6695334143766037 0.3689526656042904 -1.492840445157413 -0.04691440098979473
78.60264819281662 0.6812878007232639 0.3792940978827252 -1.464912078814202 -0.09216445599443238
78.63406411935252 0.6933612988530496 0.3892663131070921 -1.435848764922311 -0.1357276696495439
78.66548004588842 0.705742157204847 0.39885969707279 -1.405775028721304 -0.1775906856134117
78.69689597242431 0.7184183287216931 0.4080650104776126 -1.374809496233994 -0.2177484326138707
78.72831189896023 0.7313774813979093 0.4168733994965362 -1.343064663204019 -0.256203286745424
78.75972782549611 0.7446070115496687 0.4252764028102503 -1.31064675298676 -0.2929642590156955
78.79114375203201 0.7580940561370748 0.4332659596589243 -1.277655659330874 -0.3280462168930223
78.82255967856791 0.7718255047936086 0.4408344185289554 -1.24418496112503 -0.3614691459487777
78.85397560510381 0.7857880138347098 0.4479745424696946 -1.210321994673753 -0.3932574548534042
78.8853915316397 0.799968018497252 0.4546795173481888 -1.176147979917601 -0.4234393280891457
78.91680745817561 0.8143517466061169 0.4609429576524113 -1.141738185941364 -0.452046126528094
78.9482233847115 0.8289252324150005 0.4667589116155592 -1.107162129701598 -0.4791118367548285
78.9796393112474 0.8436743301013534 0.472121866961912 -1.072483801133693 -0.5046725689922524
79.0110552377833 0.8585847273027325 0.4770267568583686 -1.0377619073047 -0.528766102287618
79.0424711643192 0.873641959831134 0.4814689625373114 -1.003050128468241 -0.5514314745079679
79.0738870908551 0.8888314254453207 0.4854443182609737 -0.9683973837589021 -0.5727086162545746
79.10530301739099 0.9041383981060999 0.488949115079888 -0.9338481003247177 -0.5926380254410105
79.13671894392688 0.9195480425215503 0.4919801033543602 -0.8994424826424283 -0.6112604799971046
79.16813487046279 0.9350454286102358 0.4945344952420988 -0.8652167794428902 -0.6286167862090994
79.19955079699868 0.9506155459104072 0.4966099676169609 -0.8312035457183292 -0.6447475599254869
79.23096672353458 0.9662433183113365 0.4982046632488513 -0.7974318975083708 -0.6596930376322643
79.26238265007048 0.9819136187199256 0.4993171917779943 -0.7639277583382004 -0.6734929149732833
79.29379857660638 0.9976112837034878 0.4999466305922848 -0.7307140960908374 -0.6861862101112204
79.32521450314226 1.013321128176869 0.5000925260507816 -0.6978111494218626 -0.6978111494218395
79.35663042967818 1.029027960183735 0.4997548920482716 -0.6652366431388915 -0.7084050731636602
79.38804635621406 1.044716595524031 0.4989342095655545 -0.6330059923973423 -0.7180043591192257
79.41946228274998 1.060371872448048 0.4976314263867991 -0.601132495411338 -0.7266443620358686
79.45087820928588 1.075978666314329 0.4958479552794691 -0.5696275147837574 -0.7343593670702597
79.48229413582176 1.091521904035601 0.4935856711346961 -0.5385006476913621 -0.7411825556443947
79.51371006235767 1.106986578905467 0.4908469108223412 -0.507759884864986 -0.7471459817447309
79.54512598889356 1.122357764528408 0.4876344671721117 -0.4774117593458666 -0.7522805581131093
79.57654191542946 1.137620629519995 0.4839515881844321 -0.4474614845593635 -0.7566160499103479
79.60795784196536 1.152760451792081 0.4798019731444936 -0.4179130827682221 -0.7601810755058057
79.63937376850126 1.16776263222999 0.4751897669573659 -0.3887695043577437 -0.7630031134725374
79.67078969503714 1.182612709064611 0.4701195572134506 -0.3600327379382343 -0.7651085139966812
79.70220562157306 1.197296371532659 0.4645963686244087 -0.3317039123123618 -0.7665225148132412
79.73362154810894 1.211799473358991 0.4586256573266879 -0.3037833905508155 -0.7672692605741088
79.76503747464486 1.226108046414907 0.4522133056967895 -0.2762708565821277 -0.7673718247794935
79.79645340118074 1.240208314365175 0.4453656168869265 -0.2491653948741105 -0.766852233837804
79.82786932771664 1.254086704772663 0.4380893062897679 -0.2224655639657775 -0.765731493701642
79.85928525425254 1.267729863158602 0.4303914970727646 -0.1961694635363695 -0.7640296164636878
79.89070118078844 1.281124664816857 0.4222797112759903 -0.1702747963467935 -0.7617656491519187
79.92211710732433 1.294258227611604 0.4137618629443615 -0.1447789247834478 -0.7589577023909501
79.95353303386024 1.307117924098566 0.4048462500731541 -0.1196789227323252 -0.7556229796759019
79.98494896039612 1.319691393065709 0.3955415458441175 -0.09497162308012033 -0.7517778069384421
80.01636488693204 1.331966552220485 0.385856791405677 -0.07065366105599606 -0.7474376612110916
80.04778081346792 1.343931608650298 0.3758013856644904 -0.04672151404518387 -0.7426172001643616
80.07919674000382 1.355575070201554 0.3653850764673618 -0.02317153787245767 -0.7373302905438643
80.11061266653974 1.366885756426892 0.3546179512209457 6.812309290805049e-15 -0.7315900361812609
80.14202859307562 1.37785280844939 0.3435104264439848 0.02279689012172069 -0.7254088058147213
80.17344451961152 1.388465700825 0.3320732392834983 0.04522295328721679 -0.7187982589957126
80.20486044614742 1.398714249030879 0.3203174348743559 0.06728201516765746 -0.7117693734033743
80.23627637268332 1.408588620767647 0.3082543574017854 0.08897788305005763 -0.7043324691731492
80.26769229921921 1.418079345543724 0.2958956393596754 0.1103143244641501 -0.6964972331759317
80.29910822575512 1.427177320984312 0.283253188498973 0.1312950478056181 -0.6882727438880634
80.33052415229101 1.435873824111421 0.2703391786135131 0.1519236841938608 -0.6796674927497111
80.36194007882692 1.444160518602788 0.2571660371928687 0.1722037709530154 -0.6706894065112127
80.3933560053628 1.452029462085241 0.243746433332568 0.1921387363852584 -0.6613458684907664
80.4247719318987 1.459473113067865 0.2300932655685761 0.2117318857113986 -0.6516437389490508
80.4561878584346 1.466484339436853 0.2162196505413871 0.230986387741017 -0.6415893737505137
80.4876037849705 1.473056425100639 0.2021389105047681 0.2499052625628566 -0.6311886429094047
80.51901971150639 1.479183074218272 0.1878645598709243 0.2684913703766225 -0.6204469491844389
80.5504356380423 1.484858419614387 0.1734102936997769 0.2867474002508933 -0.6093692439047479
80.58185156457819 1.490077025487176 0.1587899737502604 0.3046758603576936 -0.5979600443118436
80.61326749111409 1.49483389571048 0.1440176167378465 0.3222790675834492 -0.5862234476743431
80.64468341764999 1.499124475224871 0.1291073801002737 0.3395591387926669 -0.5741631473762937
80.67609934418589 1.502944657323728 0.1140735497498361 0.3565179811298786 -0.5617824458057558
80.70751527072179 1.506290784252516 0.09893052588024377 0.3731572839244697 -0.549084269067606
80.73893119725768 1.509159653736724 0.08369281035891157 0.3894785093393521 -0.5360711786667489
80.77034712379358 1.511548519834541 0.06837499272821485 0.4054828843470188 -0.5227453846219789
80.80176305032948 1.513455096274665 0.05299173684130346 0.4211713920800795 -0.5091087569577643
80.83317897686538 1.514877557674093 0.03755776716396114 0.4365447636170787 -0.4951628373069042
80.86459490340127 1.515814543684701 0.02208785534007364 0.4516034687625164 -0.4809088489475846
80.89601082993718 1.516265157378403 0.006596806199252047 0.4663477082129406 -0.4663477082129345
80.92742675647307 1.516228967061776 -0.008900555801575017 0.4807774045064178 -0.4514800342162323
80.95884268300897 1.515706008311824 -0.02438940036486946 0.4948921924944546 -0.4363061581184974
80.99025860954487 1.514696780294913 -0.03985490502756238 0.5086914112445445 -0.4208261336797617
81.02167453608077 1.513202249858633 -0.05528226905688195 0.5221740930199569 -0.4050397451564963
81.05309046261667 1.511223847115739 -0.07065672703583432 0.535338954529473 -0.3889465173635899
81.08450638915257 1.508763465233093 -0.08596356256342254 0.5481843863092117 -0.3725457242333815
81.11592231568845 1.505823458850081 -0.1011881219315343 0.5607084419755148 -0.3558363975735833
81.14733824222436 1.502406642007343 -0.116315827768722 0.5729088270362822 -0.3388173358114581
81.17875416876025 1.498516285666311 -0.1313321926503834 0.5847828871971268 -0.321487112759346
81.21017009529615 1.494156113563822 -0.1462228322901142 0.5963275966278784 -0.3038440867177565
81.24158602183205 1.489330300150203 -0.1609734792648215 0.6075395447032559 -0.2858864091613093
81.27300194836795 1.484043465639252 -0.1755699960149411 0.6184149231024422 -0.2676120341688991
81.30441787490383 1.478300672895308 -0.1899983884292673 0.6289495113786584 -0.249018727674463
81.33583380143975 1.472107420581217 -0.2042448181000438 0.6391386632524054 -0.2301040776708743
81.36724972797563 1.465469641080147 -0.2182956164555841 0.6489772900339028 -0.2108655039398791
81.39866565451155 1.458393692297961 -0.2321372964831566 0.6584598457525068 -0.1913002692706556
81.43008158104743 1.45088635360306 -0.2457565662140591 0.6675803095971624 -0.1714054905453339
81.46149750758333 1.442954817964845 -0.2591403404550242 0.6763321690939611 -0.1511781510277782
81.49291343411925 1.434606686593 -0.2722757538169114 0.6847084012005352 -0.1306151130737596
81.52432936065513 1.425849961253199 -0.2851501725772064 0.6927014534734387 -0.1097131320203863
81.55574528719103 1.416693035989333 -0.2977512060433527 0.7003032245596127 -0.08846887108242295
81.58716121372693 1.407144691152709 -0.3100667195631948 0.707505042560714 -0.06687891722167055
81.61857714026283 1.397214083622173 -0.3220848450095982 0.7142976442385709 -0.04493979860733505
81.64999306679871 1.386910739048983 -0.3337939926789255 0.7206711522409159 -0.02264800336010002
81.68140899333463 1.376244542634269 -0.3451828621601812 0.7266150520647302 2.849308795304676e-15
81.71282491987051 1.365225729420473 -0.3562404527216963 0.7321181683193252 0.02300774033276768
81.74424084640643 1.353864876107584 -0.3669560752502742 0.7371686392349865 0.04637871964730023
81.77565677294231 1.34217288903101 -0.3773193605025235 0.7417538923184721 0.07011638670965178
81.80707269947821 1.330160996184281 -0.3873202714851621 0.7458606169933361 0.09422410815219592
81.83848862601411 1.317840735037519 -0.3969491115353502 0.7494747387414905 0.1187051370329473
81.86990455255001 1.305223942264586 -0.406196534398134 0.7525813915307157 0.1435625784343291
81.9013204790859 1.292322742537399 -0.4150535533421058 0.7551648901748765 0.1687993519081915
81.93273640562181 1.279149537079232 -0.4235115500020402 0.7572087023853844 0.1944181504632425
81.9641523321577 1.265716991978777 -0.4315622829479152 0.7586954206687681 0.220421395783788
81.99556825869359 1.252038026262805 -0.4391978959800781 0.7596067342570694 0.2468111893512699
82.02698418522949 1.238125799728319 -0.4464109261461006 0.7599234012898243 0.2735892591202073
82.05840011176539 1.223993699906926 -0.4531943101544562 0.7596252218936704 0.3007569015368834
82.08981603830129 1.209655330389662 -0.459541393504891 0.7586910110901998 0.3283149180244965
82.12123196483719 1.195124497006791 -0.4654459355389412 0.7570985740248609 0.3562635462928272
82.15264789137309 1.180415195123664 -0.4709021166884053 0.7548246819162842 0.3846023853428834
82.18406381790899 1.165541596223844 -0.4759045443174188 0.7518450503036077 0.4133303141325166
82.21547974444489 1.150518034504234 -0.4804482586934919 0.7481343196630917 0.44244540327412
82.24689567098078 1.135358992986905 -0.4845287376023676 0.743666039303358 0.4719448194701255
82.27831159751669 1.120079089856628 -0.4881419016808391 0.7384126547531805 0.5018247219703773
82.30972752405258 1.104693064575408 -0.4912841194341442 0.7323454996849279 0.532080150714429
82.34114345058848 1.089215763434046 -0.493952209835529 0.7254347934559056 0.5627049058862479
82.37255937712438 1.073662125630452 -0.4961434473564745 0.7176496445037102 0.5936914179350353
82.40397530366027 1.058047168725861 -0.4978555640509987 0.7089580614196738 0.6250306081533457
82.43539123019617 1.042385974370807 -0.4990867535370277 0.6993269722968249 0.6567117389908159
82.46680715673207 1.026693673637078 -0.4998356720064934 0.6887222541087745 0.6887222541087761
82.49822308326796 1.01098543253669 -0.50010144097766 0.6771087731809167 0.7210476075726721
82.52963900980387 0.9952764373552343 -0.4998836485977994 0.6644504385946925 0.7536710822007863
82.56105493633976 0.9795818799699043 -0.4991823505685524 0.650710270149423 0.7865735968895796
82.59247086287566 0.9639169431504611 -0.4979980706880036 0.6358504827706001 0.8197335029646309
82.62388678941156 0.9482967859048718 -0.4963318005016443 0.6198325893634745 0.8531263697187105
82.65530271594746 0.9327365286590574 -0.4941850001221388 0.6026175244366261 0.8867247597385371
82.68671864248334 0.9172512386360808 -0.4915595964289616 0.584165790580741 0.9204979943744654
82.71813456901926 0.901855915277032 -0.4884579816131341 0.5644376303658264 0.9544119103987259
82.74955049555514 0.886565475614881 -0.4848830117700832 0.5433932262787521 0.9884286092192924
82.78096642209105 0.8713947395124796 -0.480838005487474 0.5209929313935712 1.022506200446955
82.81238234862694 0.8563584155051166 -0.4763267398327699 0.4971975330141861 1.056598541082019
82.84379827516284 0.8414710862106127 -0.4713534481067388 0.471968552625212 1.090654974037066
82.87521420169875 0.8267471942361282 -0.4659228156791632 0.4452685842191443 1.12462006810597
82.90663012823464 0.8122010280116033 -0.4600399760963824 0.4170616738501058 1.158433363791288
82.93804605477054 0.7978467073592314 -0.4537105075179128 0.3873137427586265 1.192029129809943
82.96946198130644 0.7836981702365381 -0.4469404262445318 0.3559930552792089 1.225336133408483
83.00087790784234 0.769769158838589 -0.4397361819030634 0.3230707340107944 1.258277432925487
83.03229383437824 0.7560732057490822 -0.4321046521719463 0.2885213227208797 1.290770198597178
83.06370976091414 0.7426236210264232 -0.4240531356458844 0.2523233967790183 1.322725567725698
83.09512568745002 0.7294334787701801 -0.4155893456489257 0.2144602209703723 1.35404854498915
83.12654161398594 0.7165156047106436 -0.4067214022943196 0.1749204521720254 1.384637954556667
83.15795754052182 0.7038825626636463 -0.397457826174929 0.1336988843172844 1.414386457927945
83.18937346705772 0.6915466428480783 -0.387807529200402 0.09079722991745057 1.443180642621559
83.22078939359362 0.679519849469567 -0.3777798065427843 0.04622493235870974 1.470901197582302
83.25220532012952 0.6678138887533913 -0.3673843278607161 2.199650535993402e-15 1.497423184574224
83.2836212466654 0.6564401573462385 -0.3566311280130948 -0.04785014860318281 1.522616417018716
83.31503717320132 0.6454097314854137 -0.3455305969470217 -0.0972878412985847 1.546345956283163
83.3464530997372 0.6347333546896656 -0.3340934709710551 -0.1482643264658984 1.568472740950934
83.37786902627312 0.6244214285492999 -0.3223308208815167 -0.2007189821391815 1.588854347326658
83.409284952809 0.6144840015299949 -0.3102540420493144 -0.254578580810435 1.607345900195787
83.4407008793449 0.6049307592459614 -0.2978748430511455 -0.3097566320140293 1.623801130484914
83.4721168058808 0.5957710144229008 -0.2852052345093302 -0.3661528273708392 1.638073585845863
83.5035327324167 0.5870136982087064 -0.2722575168641671 -0.4236526130884819 1.650017987798749
83.5349486589526 0.5786673508512773 -0.2590442686026057 -0.4821269173538205 1.659491734351793
83.5663645854885 0.5707401130549267 -0.2455783339102678 -0.5414320586666189 1.666356533457157
83.5977805120244 0.5632397180976042 -0.2318728098166448 -0.6014098604221535 1.670480150320612
83.62919643856029 0.5561734840892841 -0.2179410332547449 -0.661887995770708 1.671738248022978
83.6606123650962 0.5495483064539409 -0.203796567936711 -0.7226805832547339 1.670016293209883
83.69202829163208 0.5433706511431416 -0.1894531908102266 -0.7835890485975137 1.665211491571085
83.723444218168 0.5376465481111385 -0.1749248783688722 -0.8444032633233022 1.657234715481111
83.75486014470388 0.5323815852678661 -0.1602257927175333 -0.9049029632745819 1.646012379641108
83.78627607123978 0.5275809027533467 -0.1453702674694726 -0.9648594425874334 1.63148821822756
83.81769199777568 0.5232491885182415 -0.1303727931977246 -1.024037507819882 1.613624911474814
83.84910792431158 0.5193906719479139 -0.1152480034286962 -1.0821976754879 1.592405522364683
83.88052385084747 0.5160091215740693 -0.1000106594086534 -1.13909856961335 1.567834676850429
83.91193977738338 0.5131078398590277 -0.08467563569316319 -1.194499491220736 1.539939464952975
83.94335570391927 0.5106896606573448 -0.06925790502471638 -1.248163099539179 1.508770006786534
83.97477163045517 0.5087569458284948 -0.05377252339273153 -1.299858155738239 1.474399663298811
84.00618755699107 0.5073115833296575 -0.03823461482259195 -1.349362262607469 1.43692486309291
84.03760348352696 0.5063549851168302 -0.02265935620662237 -1.396464539641879 1.39646453964189
84.06901941006286 0.5058880859144406 -0.007061962032775506 -1.440968166118658 1.353159176878631
84.10043533659876 0.5059113412752156 0.008542330913520337 -1.482692733749961 1.307169480835772
84.13185126313465 0.5064247289953522 0.02413827891992659 -1.521476339246562 1.258674691919616
84.16326718967056 0.5074277472027404 0.03971064667887674 -1.557177384822807 1.207870592476865
84.19468311620646 0.5089194162281481 0.05524422260527541 -1.589676024489245 1.154967237541919
84.22609904274235 0.5108982788341374 0.07072383417395312 -1.618875241000895 1.100186477697291
84.25751496927826 0.5133624023819148 0.08613436310234694 -1.644701523883479 1.043759325756707
84.28893089581415 0.5163093793902777 0.101460760769009 -1.667105153155289 0.985923239185613
84.32034682235005 0.5197363320778965 0.1166880629839283 -1.686060076924781 0.9269193711659069
84.35176274888595 0.5236399133575573 0.1318014053449669 -1.701563424520621 0.8669898687221546
84.38317867542185 0.5280163108329613 0.1467860380827309 -1.71363466222971 0.8063752630925246
84.41459460195775 0.5328612511607279 0.1616273406880089 -1.722314436797277 0.7453120109027922
84.44601052849364 0.53817000357662 0.1763108367727879 -1.727663154224609 0.684030232525335
84.47742645502953 0.5439373850934487 0.1908222084310878 -1.729759333958224 0.6227516797491419
84.50884238156544 0.5501577658754508 0.20514731045382 -1.728697794135043 0.5616879621488428
84.54025830810133 0.5568250739275027 0.2192721848604525 -1.724587721784183 0.5010390499684287
84.57167423463723 0.5639328026110227 0.2331830741921617 -1.717550666753318 0.4409920579427545
84.60309016117313 0.5714740158076971 0.2468664358238382 -1.707718522528845 0.3817203151191956
84.63450608770903 0.5794413561524283 0.2603089547622879 -1.695231519633347 0.3233827074925493
84.66592201424491 0.5878270507487484 0.2734975577815787 -1.680236286059073 0.2661232837804693
84.69733794078083 0.5966229210879581 0.2864194250868084 -1.662883986262764 0.21007110041256
84.72875386731671 0.6058203892737262 0.2990620041640407 -1.64332858753167 0.155340287294301
84.76016979385263 0.6154104876442944 0.311413021501953 -1.621725252438545 0.1020303046340055
84.79158572038851 0.6253838676539938 0.3234604946599531 -1.598228883190074 0.05022636608131278
84.82300164692441 0.6357308089315791 0.3351927442116484 -1.572992823299878 1.078956681055957e-14
84.85441757346031 0.6464412288736928 0.3465984052838348 -1.546167719078178 -0.04859027808738408
84.88583349999621 0.6575046931772444 0.3576664382010041 -1.517900539394679 -0.0954982073601461
84.91724942653211 0.6689104261601968 0.3683861392016935 -1.488333752424804 -0.1406889616876361
84.94866535306801 0.6806473207005365 0.3787471516287365 -1.457604652426124 -0.1841382897611471
84.98008127960391 0.69270395044818 0.3887394746857858 -1.425844821523109 -0.2258316340465776
85.01149720613979 0.7050685804002625 0.3983534738376437 -1.393179724688701 -0.2657632460084071
85.04291313267571 0.7177291785898435 0.407579890033352 -1.35972841992599 -0.3039353114013605
85.07432905921159 0.7306734283368788 0.4164098481073967 -1.325603372950447 -0.3403570973299274
85.10574498574751 0.7438887402123291 0.4248348654818127 -1.290910365712543 -0.3750441308731244
85.13716091228339 0.7573622649108646 0.4328468594777697 -1.25574848438889 -0.4080174160925636
85.16857683881929 0.7710809049578089 0.4404381564978828 -1.220210178860166 -0.4393026958225905
85.19999276535519 0.7850313287797143 0.4476014973221958 -1.184381376643319 -0.4689297601114906
85.23140869189109 0.7991999831158653 0.4543300450589924 -1.148341647988909 -0.4969318055868917
85.26282461842698 0.8135731069869873 0.4606173901688209 -1.112164407470388 -0.523344844991135
85.29424054496289 0.8281367443210641 0.4664575582691587 -1.075917148101966 -0.5482071685054223
85.32565647149877 0.8428767588208864 0.4718450128778714 -1.039661695346479 -0.5715588537233363
85.35707239803467 0.8577788466393771 0.4767746633164203 -1.003454480576409 -0.5934413255172901
85.38848832457057 0.8728285515422936 0.4812418661467425 -0.9673468220191537 -0.6138969606713505
85.41990425110647 0.8880112781009422 0.4852424320302003 -0.9313852139843528 -0.6329687378004598
85.45132017764237 0.903312306815825 0.4887726264748936 -0.8956116154630214 -0.6506999272094641
85.48273610417827 0.9187168078642641 0.4918291750852399 -0.8600637384794999 -0.6671338201352784
85.51415203071416 0.9342098557089041 0.4944092661091878 -0.824775330796646 -0.6823134928982137
85.54556795725007 0.9497764440244099 0.4965105503660245 -0.789776451447958 -0.6962816034071453
85.57698388378597 0.9654014997871615 0.4981311459319781 -0.7550937382862182 -0.709080218002158
85.60839981032186 0.9810698982737276 0.499269637360716 -0.7207506645864543 -0.7207506645864405
85.63981573685777 0.9967664776319866 0.4999250771554322 -0.6867677849228632 -0.7313334103622977
85.67123166339366 1.012476053596426 0.5000969855332115 -0.6531629691137921 -0.740867961238173
85.70264758992957 1.028183434171833 0.4997853517074221 -0.6199516239649456 -0.7493927806728553
85.73406351646545 1.043873434379616 0.4989906318636675 -0.5871469025526409 -0.7569452256875233
85.76547944300135 1.059530890899857 0.4977137486151944 -0.5547599011419757 -0.7635614981341886
85.79689536953725 1.075140676720851 0.4959560896613933 -0.5227998437994823 -0.7692766092685979
85.82831129607315 1.090687715619208 0.4937195051176115 -0.4912742550463166 -0.7741243560469294
85.85972722260904 1.106156996916745 0.4910063068970293 -0.4601891206847322 -0.7781373072747667
85.89114314914495 1.121533589538252 0.4878192634529019 -0.4295490376708684 -0.781346798899399
85.92255907568084 1.136802656699409 0.4841615987045886 -0.3993573528915468 -0.7837829362356623
85.95397500221674 1.15194946995849 0.480036987295499 -0.3696162919198366 -0.7854746028908907
85.98539092875264 1.166959423417532 0.4754495509063232 -0.3403270779301872 -0.7864494748208662
86.01680685528854 1.181818047307313 0.4704038526117251 -0.3114900415706344 -0.7867340391413714
86.04822278182442 1.196511022412504 0.4649048939019397 -0.2831047218957623 -0.7863536159133236
86.07963870836033 1.211024193463814 0.4589581083648481 -0.2551699594795756 -0.7853323834719669
86.11105463489622 1.225343582464775 0.4525693556575751 -0.2276839818902479 -0.7836934060121423
86.14247056143213 1.239455402186347 0.4457449159227712 -0.2006444820250677 -0.7814586627482459
86.17388648796802 1.253346069056704 0.4384914828860296 -0.1740486899685504 -0.7786490786804336
86.20530241450392 1.267002216387747 0.4308161576720675 -0.1478934386712919 -0.7752845559569828
86.23671834103982 1.280410706923003 0.4227264412882457 -0.1221752240858479 -0.7713840061277549
86.26813426757572 1.293558645134535 0.4142302268358568 -0.09689026008656416 -0.7669653827030731
86.29955019411162 1.306433389549384 0.4053357918343694 -0.07203452856557584 -0.7620457135946824
86.33096612064752 1.319022564470061 0.3960517896765958 -0.04760382515104413 -0.756641133602779
86.36238204718342 1.33131407213533 0.3863872417110698 -0.02359380084351348 -0.750766916151195
86.39379797371932 1.343296103853698 0.3763515279280401 1.460059189421382e-15 -0.7444375049783609
86.42521390025522 1.354957151063364 0.3659543776935039 0.02318210509718395 -0.737666545086923
86.4566298267911 1.366286015957918 0.3552058600662744 0.0459570827747082 -0.7304669130559347
86.48804575332701 1.377271822628632 0.3441163746568504 0.06832951329746072 -0.7228507461242989
86.5194616798629 1.387904026906781 0.3326966411153626 0.09030396276292126 -0.7148294709725733
86.5508776063988 1.398172426140041 0.3209576886937273 0.111884959333734 -0.7064138314627378
86.5822935329347 1.408067169013978 0.3089108458691704 0.1330769715459943 -0.697613915262687
86.6137094594706 1.417578764359098 0.2965677291441378 0.1538843885652917 -0.6884391798715819
86.64512538600648 1.426698090822712 0.2839402325452625 0.1743115020371502 -0.6788984770913209
86.6765413125424 1.435416404797603 0.2710405157891852 0.1943624895930945 -0.669000077237062
86.70795723907828 1.443725348149732 0.2578809924877121 0.2140413997516712 -0.6587516922896893
86.7393731656142 1.451616956992265 0.2444743190245777 0.2333521378443785 -0.648160497452247
86.77078909215008 1.459083669172779 0.2308333825220803 0.2522984531061045 -0.6372331522395744
86.80220501868598 1.466118330250655 0.2169712880769686 0.2708839269248322 -0.6259758211515434
86.83362094522188 1.472714200630522 0.2029013467373344 0.2891119616981879 -0.6143941927623378
86.86503687175778 1.478864962647866 0.1886370633349843 0.3069857703077146 -0.6024934978465155
86.89645279829367 1.484564725059979 0.1741921231847583 0.3245083666407595 -0.590278527605771
86.92786872482958 1.489808029868336 0.1595803798343546 0.3416825561044663 -0.5777536499652327
86.95928465136548 1.494589855978367 0.1448158415784166 0.3585109271521471 -0.5649228262353699
86.99070057790136 1.498905625402646 0.1299126589141334 0.3749958425175245 -0.5517896258828116
87.02211650443728 1.502751206735853 0.1148851110378696 0.3911394312364016 -0.5383572415371548
87.05353243097316 1.506122918520097 0.09974759245395572 0.4069435808434599 -0.5246285031981944
87.08494835750908 1.509017533110383 0.08451459973442765 0.4224099294822901 -0.5106058914952457
87.11636428404496 1.511432280344819 0.06920071813997378 0.4375398580032821 -0.4962915503295532
87.14778021058086 1.513364848699122 0.05382060782244513 0.4523344826709295 -0.481687299693811
87.17919613711676 1.514813389123907 0.03838899046520939 0.4667946469601134 -0.4667946469601141
87.21061206365266 1.515776515610483 0.02292063543279276 0.4809209140753959 -0.4516147986716795
87.24202799018855 1.516253305444309 0.00743034609643866 0.4947135593618019 -0.4361486718275451
87.27344391672446 1.516243303372857 -0.008067053749039897 0.5081725611330308 -0.4203969035383358
87.30485984326035 1.515746518464648 -0.02355673377221962 0.5212975934630947 -0.4043598624088005
87.33627576979625 1.514763426085803 -0.03902387077097828 0.5340880169423348 -0.3880376580066596
87.36769169633214 1.513294967545412 -0.05445366249302801 0.5465428697064237 -0.3714301507021087
87.39910762286804 1.511342547545353 -0.0698313412111245 0.5586608587664843 -0.3545369617557997
87.43052354940394 1.508908034747486 -0.08514218756135498 0.5704403496983078 -0.3373574823833188
87.46193947593984 1.505993759438542 -0.1003715441941614 0.5818793567714147 -0.3198908834000223
87.49335540247573 1.502602510903128 -0.1155048292945174 0.5929755325996556 -0.3021361247870477
87.52477132901164 1.498737534655806 -0.1305275500285202 0.6037261572112557 -0.2840919652171473
87.55618725554753 1.49440253152848 -0.1454253165611075 0.6141281256699256 -0.2657569712683674
87.58760318208343 1.489601650952482 -0.1601838546200176 0.6241779372986934 -0.2471295278501466
87.61901910861934 1.484339489191081 -0.1747890192750334 0.6338716821897521 -0.2282078478083784
87.65043503515523 1.478621085438411 -0.1892268083436053 0.6432050277527076 -0.2089899822328916
87.68185096169113 1.47245191582303 -0.2034833750279034 0.6521732053573948 -0.1894738313972651
87.71326688822703 1.465837888984953 -0.2175450410854674 0.6607709954880099 -0.1696571558380625
87.74468281476292 1.458785340199247 -0.2313983094695766 0.6689927126670003 -0.1495375881462779
87.77609874129882 1.451301026059232 -0.2450298772639975 0.6768321892501707 -0.129112645289397
87.80751466783472 1.443392117969678 -0.2584266481230382 0.6842827588558904 -0.1083797417851179
87.83893059437061 1.435066194787004 -0.2715757442010219 0.6913372392983784 -0.0873362037372194
87.87034652090652 1.426331236663166 -0.2844645188044185 0.6979879140361187 -0.06597928370318125
87.90176244744241 1.417195617766123 -0.2970805685481643 0.7042265132045966 -0.04430617674946986
87.93317837397831 1.407668097350444 -0.3094117443786635 0.7100441945420469 -0.02231403776021892
87.96459430051421 1.39775781223657 -0.32144616352938 0.7154315227184366 -2.453222588057501e-15
87.99601022705011 1.387474268461071 -0.3331722210324256 0.7203784481526585 0.02263880476354057
88.02742615358599 1.37682733191939 -0.3445786004504364 0.7248742854610214 0.04560522447049677
88.05884208012191 1.36582721977129 -0.3556542853157776 0.7289076906592828 0.06890206312792203
88.09025800665779 1.35448448943078 -0.3663885683482783 0.7324666388253833 0.09253205521531231
88.1216739331937 1.342810030863185 -0.3767710639549575 0.7355383992479049 0.1164978377020882
88.15308985972959 1.330815054555279 -0.3867917165392376 0.7381095121868326 0.1408019198042017
88.18450578626549 1.318511081623509 -0.3964408109053024 0.7401657638986872 0.1654466499651502
88.21592171280139 1.30590993295967 -0.405708981750147 0.7416921616741733 0.1904341799447285
88.24733763933729 1.293023718042001 -0.414587222790356 0.7426729086849981 0.2157664257401995
88.27875356587317 1.279864823504775 -0.4230668956168413 0.7430913787370064 0.2414450250525066
88.31016949240909 1.266445901468593 -0.4311397382765782 0.7429300911023228 0.2674712909982848
88.34158541894499 1.252779857631074 -0.4387978735801549 0.7421706856353822 0.2938461617516578
88.37300134548087 1.238879839115586 -0.4460338171327982 0.7407938984132265 0.3205701457845074
88.40441727201679 1.224759221880666 -0.4528404846682202 0.7387795382970214 0.3476432624130611
88.43583319855267 1.210431597878947 -0.4592111988684554 0.7361064646277344 0.3750649772651939
88.46724912508859 1.195910762305243 -0.4651396963907234 0.7327525662154649 0.4028341321831502
88.49866505162447 1.181210700888718 -0.4706201353512614 0.7286947420611257 0.430948869128408
88.53008097816037 1.166345575968646 -0.47564709999977 0.7239088850667653 0.4594065481270349
88.56149690469627 1.151329713307252 -0.4802156071177497 0.7183698680882062 0.4882036582183891
88.59291283123217 1.136177588248044 -0.484321110756816 0.712051533794493 0.5173357214331458
88.62432875776805 1.120903812054223 -0.4879595075759548 0.7049266885154238 0.5467971890734526
88.65574468430397 1.105523118058857 -0.4911271420299587 0.6969671010848691 0.5765813299932787
88.68716061083985 1.090050347138247 -0.4938208086366761 0.6881435078661848 0.6066801107488418
88.71857653737575 1.074500433896729 -0.49603775754107 0.6784256240621291 0.6370840665425692
88.74999246391165 1.058888391974392 -0.4977756955787373 0.6677821633950373 0.6677821633950292
88.78140839044755 1.043229299997755 -0.4990327918140172 0.6561808664022043 0.6987616504089534
88.81282431698345 1.027538286750079 -0.4998076775495684 0.6435885395718595 0.7300079026767221
88.84424024351935 1.011830516731179 -0.5000994492732398 0.6299711060385423 0.7615042539584688
88.87565617005524 0.9961211755011377 -0.4999076699827645 0.6152936698134549 0.793231819390009
88.90707209659115 0.9804254550078604 -0.4992323701344267 0.5995205951560683 0.8251693081229335
88.93848802312704 0.9647585388975874 -0.4980740482098051 0.5826156029615682 0.8572928260574363
88.96990394966294 0.9491355878067167 -0.4964336708925495 0.5645418861779322 0.8895756690075246
89.00131987619885 0.9335717246373567 -0.4943126728454394 0.5452622463990126 0.9219881068466377
89.03273580273473 0.9180820198185133 -0.4917129560763485 0.5247392539034297 0.9544971594336301
89.06415172927065 0.9026814769124389 -0.4886368872718768 0.5029354333184967 0.9870663650216908
89.09556765580653 0.8873850175664254 -0.4850872985352727 0.4798134779565437 1.019655543596427
89.12698358234243 0.8722074673474859 -0.481067483095034 0.4553364944725458 1.052220555362832
89.15839950887833 0.8571635411355676 -0.4765811934767799 0.4294682811601942 1.084713057973145
89.18981543541423 0.8422678288195364 -0.4716326381553576 0.4021736419875384 1.117080264448541
89.22123136195012 0.8275347806457173 -0.466226479032155 0.3734187391300152 1.149264705893147
89.25264728848603 0.8129786938604938 -0.4603678251770036 0.3431714854843401 1.181204000706235
89.28406321502192 0.7986136976415127 -0.4540622311330936 0.3114019805812241 1.212830638879692
89.31547914155782 0.7844537401651519 -0.4473156895789018 0.2780829897638352 1.244071781381634
89.34689506809372 0.7705125742947645 -0.4401346273870529 0.2431904693537744 1.274849085529534
89.37831099462962 0.7568037445374914 -0.4325258987836182 0.2067041371945588 1.305078559301722
89.40972692116551 0.743340573130725 -0.4244967801508677 0.1686080890707199 1.334670455476406
89.44114284770141 0.7301361470880832 -0.4160549628550354 0.1288914590707979 1.36352921105682
89.4725587742373 0.7172033058221996 -0.4072085452947618 0.08754912173381928 1.391553441438946
89.50397470077321 0.7045546276937272 -0.3979660265239428 0.04458243242393248 1.418636002203964
89.5353906273091 0.6922024178436103 -0.3883362977602569 1.274094638855084e-14 1.444664124571045
89.566806553845 0.6801586963648167 -0.3783286335441599 -0.0461815150581759 1.469519636678477
89.5982224803809 0.6684351856640037 -0.3679526838124169 -0.09393658633773673 1.493079284024915
89.6296384069168 0.6570432992173292 -0.3572184641370499 -0.1432300023919462 1.515215155209702
89.66105433345268 0.6459941309064762 -0.3461363454735883 -0.1940160561341584 1.535795224520567
89.6924702599886 0.635298442237075 -0.3347170459329653 -0.2462377595156344 1.554684027112034
89.7238861865245 0.6249666539475541 -0.3229716181492182 -0.2998261001641377 1.571743459469631
89.7553021130604 0.6150088332876054 -0.3109114407361155 -0.3546993629838344 1.586833731674818
89.78671803959629 0.6054346856396401 -0.2985482056876465 -0.4107625365106369 1.599814454147642
89.81813396613218 0.5962535442979074 -0.2858939074683539 -0.467906830420161 1.610545874083982
89.84954989266809 0.5874743610992992 -0.272960831294692 -0.5260093288100481 1.61889025167925
89.88096581920398 0.5791056974178671 -0.2597615410919222 -0.5849328054544455 1.62471336951001
89.91238174573988 0.5711557154914065 -0.2463088671616903 -0.6445257268728375 1.627886162512265
89.94379767227578 0.5636321713023954 -0.2326158929251654 -0.704622466310043 1.628286447104872
89.97521359881168 0.5565424048901976 -0.2186959430753951 -0.7650437555590678 1.625800737761459
90.00662952534756 0.5498933350335614 -0.2045625692442483 -0.8255973855581042 1.620326102213975
90.03804545188348 0.5436914505958068 -0.1902295374268336 -0.886079178868429 1.611772042918015
90.06946137841936 0.5379428052836975 -0.1757108136662197 -0.9462742335254526 1.600062345940318
90.10087730495528 0.5326530108862864 -0.161020550456194 -1.005958445794635 1.585136868178266
90.13229323149116 0.5278272320754902 -0.1461730724478333 -1.064900300126492 1.56695320743943
90.16370915802706 0.5234701806811851 -0.1311828623183844 -1.122862913657453 1.54548821352572
90.19512508456296 0.5195861113259447 -0.1160645461386669 -1.17960630642894 1.520739286812876
90.22654101109886 0.5161788171975047 -0.1008328787220214 -1.234889864736141 1.492725422091411
90.25795693763475 0.5132516259877462 -0.08550272888879633 -1.288474954270149 1.461487955711568
90.28937286417066 0.5108073968183489 -0.07008906448280591 -1.340127629694691 1.427090977855678
90.32078879070654 0.5088485172310958 -0.05460693737339347 -1.389621384836234 1.389621384836266
90.35220471724244 0.5073769003577381 -0.03907146836051652 -1.436739880959161 1.349188552821462
90.38362064377836 0.5063939841302035 -0.02349783184999843 -1.481279582969129 1.30592362083356
90.41503657031424 0.5059007284916048 -0.007901240719966918 -1.523052249940714 1.259978398626229
90.44645249685016 0.5058976153962225 0.007703069071804874 -1.561887204700187 1.211523903256465
90.47786842338604 0.5063846477437399 0.02329985379660388 -1.59763333659427 1.160748563194849
90.50928434992194 0.5073613498509302 0.03887387729988593 -1.630160780906091 1.10785612269693
90.54070027645784 0.5088267679067163 0.05440992630275936 -1.659362240268001 1.053063299290163
90.57211620299374 0.510779469902746 0.06989282582335778 -1.685153922039647 0.9965972513485971
90.60353212952963 0.5132175485122884 0.08530745432576707 -1.707476064651511 0.9386929100499964
90.63494805606554 0.5161386227857294 0.1006387588744329 -1.726293063246041 0.879590249009544
90.66636398260142 0.5195398390788658 0.1158717705486751 -1.741593203074199 0.8195315537687707
90.69777990913732 0.5234178756255768 0.1309916191935207 -1.753388006833163 0.7587587454099168
90.72919583567322 0.5277689456394687 0.1459835483153167 -1.761711244229594 0.6975108250043893
90.76061176220912 0.5325887997604346 0.160832930273702 -1.766617640809279 0.6360214867411091
90.79202768874502 0.5378727321597452 0.1755252804193579 -1.768181317681474 0.5745169366257682
90.82344361528092 0.543615583778685 0.1900462720474423 -1.766494034262076 0.5132139592098436
90.85485954181681 0.5498117487113383 0.2043817502940852 -1.761663266379476 0.4523182484691394
90.88627546835272 0.5564551790259635 0.2185177465493066 -1.753810187636358 0.3920230229115386
90.91769139488861 0.5635393906113543 0.2324404925368364 -1.743067595794954 0.3325079270544937
90.94910732142451 0.5710574707243005 0.2461364335163355 -1.729577829254913 0.2739382164842799
90.98052324796041 0.5790020840503718 0.2595922421541019 -1.713490725930039 0.2164642183799237
91.01193917449631 0.5873654803802116 0.2727948315805261 -1.694961651404225 0.1602210488393039
91.0433551010322 0.5961395025380311 0.2857313682103232 -1.674149631385318 0.105328566991433
91.0747710275681 0.6053155940051691 0.2983892847586827 -1.651215614242372 0.05189154118811889
91.106186954104 0.6148848079117732 0.3107562923482778 -1.626320876907216 -2.013322263369929e-18
91.1376028806399 0.6248378156798202 0.3228203928027698 -1.599625591287675 -0.05027025940156191
91.1690188071758 0.6351649166894617 0.3345698901346489 -1.571287554152202 -0.098857033629292
91.20043473371169 0.6458560480635308 0.3459934018244767 -1.541461085001949 -0.1457109732124825
91.2318506602476 0.6569007937090394 0.3570798708253974 -1.510296091610316 -0.1907947665227275
91.26326658678349 0.6682883960944291 0.3678185750020886 -1.477937289301037 -0.2340822704006977
91.29468251331939 0.6800077659058369 0.378199138484662 -1.44452357749207 -0.2755576097518678
91.32609843985529 0.6920474933709645 0.3882115414236637 -1.410187554014618 -0.3152142641742166
91.35751436639119 0.7043958598375626 0.3978461293157464 -1.375055159114638 -0.3530541579591377
91.38893029292707 0.7170408491612001 0.4070936224950863 -1.339245437411698 -0.3890867673237609
91.42034621946299 0.7299701595903099 0.4159451250261335 -1.302870403399676 -0.4233282557034695
91.45176214599887 0.7431712160998301 0.4243921329308677 -1.266034997819185 -0.4558006458094289
91.48317807253478 0.7566311828363717 0.4324265421614557 -1.22883712299936 -0.4865310352458641
91.51459399907067 0.7703369756339442 0.4400406564593135 -1.19136774517246 -0.5155508604632967
91.54600992560657 0.784275274977841 0.4472271944914373 -1.153711051890023 -0.5428952118592508
91.57742585214247 0.7984325395028966 0.4539792958547339 -1.115944654188455 -0.5686022015362712
91.60884177867837 0.8127950185956363 0.4602905288305815 -1.078139826149483 -0.5927123851399785
91.64025770521425 0.8273487665808443 0.4661548949768511 -1.040361769754139 -0.6152682354916125
91.67167363175017 0.8420796564850956 0.4715668341743207 -1.002669900643727 -0.6363136680151834
91.70308955828605 0.8569733931670555 0.4765212314864772 -0.9651181482052622 -0.6558936162240335
91.73450548482195 0.8720155280710845 0.4810134198197652 -0.9277552616115853 -0.674053653141541
91.76592141135787 0.8871914732062365 0.4850391842095826 -0.8906251200996471 -0.6908396576874046
91.79733733789375 0.9024865150294459 0.4885947668831843 -0.8537670424368103 -0.7062975226038545
91.82875326442966 0.917885829389582 0.4916768683305785 -0.8172160911660412 -0.720472899950365
91.86016919096555 0.9333744956142317 0.4942826514291745 -0.7810033709370828 -0.7334109825640792
91.89158511750145 0.9489375113114912 0.4964097422553844 -0.7451563172050008 -0.7451563172049966
91.92300104403735 0.9645598066703195 0.4980562336946751 -0.7096989748015319 -0.7557526473530195
91.95441697057325 0.9802262593700682 0.4992206852028705 -0.6746522642115674 -0.7652427819190547
91.98583289710913 0.9959217091802407 0.499902124055891 -0.6400342354956526 -0.7736684878673881
92.01724882364505 1.011630972661969 0.5001000457512597 -0.605860308962459 -0.7810704038613085
92.04866475018093 1.027338857879153 0.499814413838047 -0.5721435023940485 -0.7874879726102091
92.08008067671685 1.043030179091947 0.4990456593563484 -0.5388946447757341 -0.7929593897221796
92.11149660325273 1.058689771433165 0.4977946798942304 -0.5061225766389 -0.7975215670205561
92.14291252978863 1.074302505567995 0.4960628382681724 -0.4738343372672665 -0.8012101084590305
92.17432845632453 1.089853302213248 0.4938519600396297 -0.4420353391813225 -0.8040592970304166
92.20574438286043 1.105327146736174 0.4911643319200093 -0.4107295302391669 -0.8061020909685824
92.23716030939632 1.120709103434955 0.4880026980456492 -0.3799195440280427 -0.8073701281561231
92.26857623593223 1.135984330168525 0.4843702582400986 -0.3496068388336491 -0.8078937370094106
92.29999216246811 1.151138092190138 0.4802706625009918 -0.3197918261781255 -0.8077019535677679
92.33140808900401 1.166155776559617 0.4757080083537356 -0.290473989027985 -0.8068225428081324
92.36282401553991 1.181022906118701 0.4706868361590386 -0.2616519906379324 -0.8052820240554786
92.39423994207581 1.195725153177494 0.4652121237656739 -0.2333237745294975 -0.8031056996041922
92.42565586861173 1.21024835305673 0.4592892810225301 -0.2054866561369224 -0.8003176857727413
92.45707179514761 1.224578518046256 0.4529241452421257 -0.1781374066111985 -0.7969409454411835
92.48848772168351 1.238701850027781 0.4461229735253357 -0.1512723296421353 -0.7929973227267386
92.51990364821941 1.252604754772857 0.4388924387671605 -0.1248873313342941 -0.7885075773756277
92.55131957475531 1.26627385305772 0.4312396192938546 -0.09897798431331017 -0.7834914216374135
92.5827355012912 1.27969599513745 0.4231719951270272 -0.07353958571107071 -0.777967555095886
92.61415142782711 1.292858272178783 0.4146974384900004 -0.0485672102507341 -0.7719537012717972
92.645567354363 1.305748028715128 0.405824206399159 -0.02405575837556029 -0.7654666431694772
92.6769832808989 1.318352874591016 0.3965609324244224 -4.087725677054983e-15 -0.7585222585494977
92.70839920743479 1.330660696621075 0.3869166180990382 0.02360538577406347 -0.7511355546186662
92.73981513397069 1.342659670361031 0.3769006244606478 0.04676577461541486 -0.7433207017828352
92.77123106050659 1.354338270599013 0.3665226620755322 0.06948656429600145 -0.7350910671399331
92.80264698704249 1.36568528281324 0.3557927822865805 0.09177314505881276 -0.7264592463578236
92.83406291357838 1.376689813891172 0.3447213675164727 0.1136308727367294 -0.7174370948554262
92.86547884011429 1.387341300622861 0.3333191195561082 0.1350650445579628 -0.7080357589640558
92.89689476665018 1.397629522455771 0.3215970519482702 0.1560808768644465 -0.6982657036493966
92.92831069318608 1.40754460862255 0.3095664770702141 0.1766834852987152 -0.6881367419512951
92.95972661972198 1.417077048698314 0.2972389964788003 0.1968778665179126 -0.6776580614011372
92.99114254625788 1.426217700840197 0.2846264892698451 0.2166688817512918 -0.6668382503841307
93.02255847279376 1.434957800555418 0.271741100953575 0.2360612417411602 -0.6556853230039598
93.05397439932968 1.443288969715931 0.2585952324048435 0.2550594928728181 -0.644206742653379
93.08539032586556 1.451203222938516 0.2452015271417148 0.2736680048371109 -0.632409445608618
93.11680625240147 1.458692975544671 0.231572859764873 0.2918909590320681 -0.6202998627097377
93.14822217893737 1.465751051388172 0.2177223241930552 0.309732337772904 -0.6078839400077647
93.17963810547326 1.472370688632418 0.2036632208149105 0.327195914602983 -0.5951671592007902
93.21105403200917 1.478545546164166 0.1894090440927166 0.3442852450984677 -0.5821545567108081
93.24246995854506 1.48426970994264 0.1749734700979528 0.3610036581556996 -0.5688507417797046
93.27388588508096 1.489537698649027 0.1603703437044656 0.3773542478058279 -0.5552599138811356
93.30530181161686 1.494344467766342 0.1456136652687237 0.3933398657212271 -0.5413858797792583
93.33671773815276 1.498685415347491 0.1307175779467229 0.4089631135236378 -0.5272320690413085
93.36813366468864 1.502556384960901 0.1156963541159686 0.4242263359489611 -0.5128015497374147
93.39954959122456 1.505953671804367 0.1005643826739461 0.4391316132131072 -0.4980970422096104
93.43096551776044 1.508874023622478 0.08533615499757835 0.4536807547957073 -0.4831209338943508
93.46238144429635 1.511314645191402 0.070026251853788 0.4678752921745157 -0.4678752921745099
93.49379737083224 1.513273200782258 0.0546493297885512 0.4817164719791381 -0.4523618772702971
93.52521329736814 1.514747816215648 0.03922010748067827 0.4952052490852816 -0.4365821546294327
93.55662922390404 1.515737079931889 0.02375335204131297 0.5083422797906419 -0.4205373070224918
93.58804515043994 1.516240045159293 0.008263865421597067 0.5211279143420046 -0.4042282457911122
93.61946107697582 1.516256231303993 -0.007233529360851394 0.5335621893399756 -0.3876556218911525
93.65087700351174 1.515785621590573 -0.02272400195715742 0.545644821070855 -0.3708198374795992
93.68229293004762 1.514828667657032 -0.0381927284706871 0.5573751959737608 -0.3537210553374087
93.71370885658352 1.513386284668448 -0.05362490511671571 0.5687523639693283 -0.3363592104060201
93.74512478311942 1.511459852807667 -0.06900576197579918 0.5797750290330532 -0.3187340194361253
93.77654070965532 1.509051216152854 -0.08432057678434839 0.5904415401220642 -0.3008449911308823
93.80795663619124 1.506162679831798 -0.09955468846029496 0.6007498821887363 -0.2826914365004805
93.83937256272712 1.502797008613883 -0.1146935107971658 0.6106976660344021 -0.2642724788234014
93.87078848926302 1.498957423878498 -0.1297225459206687 0.620282118142147 -0.2455870639288542
93.90220441579892 1.494647601174302 -0.144627397885145 0.6295000695916564 -0.2266339704283167
93.93362034233482 1.489871666398393 -0.1593937859781693 0.6383479448228132 -0.2074118203227273
93.9650362688707 1.484634192508674 -0.1740075581991377 0.6468217494400254 -0.1879190897306575
93.99645219540662 1.478940194002817 -0.188454704018851 0.6549170582125563 -0.1681541202093912
94.0278681219425 1.472795124264707 -0.2027213681854504 0.6626290010472243 -0.1481151300697428
94.0592840484784 1.466204868173809 -0.2167938627892099 0.6699522502282703 -0.1278002267303329
94.0906999750143 1.459175739050331 -0.2306586811023261 0.6768810049144249 -0.1072074191296841
94.1221159015502 1.451714470328854 -0.2443025091387298 0.6834089771728565 -0.08633463131073954
94.1535318280861 1.443828210975241 -0.2577122389288762 0.6895293754723235 -0.06517971639780452
94.184947754622 1.435524519036938 -0.2708749810918779 0.6952348881493338 -0.04374047165104358
94.21636368115789 1.426811353301758 -0.2837780762726089 0.7005176669310846 -0.02201465456905259
94.2477796076938 1.417697066057278 -0.2964091071223776 0.7053693091014678 2.420465586278009e-15
94.27919553422969 1.408190396142701 -0.3087559106278519 0.7097808386590112 0.02230576146816446
94.31061146076559 1.398300461100843 -0.3208065900331493 0.713742687063518 0.04490488366132166
94.34202738730148 1.388036746589546 -0.3325495245695423 0.7172446745730692 0.06779958351227784
94.37344331383738 1.377409099520763 -0.343973382094191 0.7202759889270816 0.0909920179908109
94.40485924037327 1.366427718417687 -0.3550671297288988 0.7228251646848005 0.1144842591610803
94.43627516690918 1.355103143012948 -0.3658200436746626 0.7248800622989204 0.1382782672683484
94.46769109344508 1.343446245349975 -0.3762217205000721 0.7264278457859068 0.1623758614470767
94.49910701998098 1.331468218884603 -0.3862620865410282 0.7274549609152755 0.1867786880960546
94.53052294651688 1.319180568348751 -0.3959314080986435 0.7279471125616748 0.2114881864796208
94.56193887305277 1.3065950988208 -0.4052203008507466 0.7278892421634546 0.2365055514549428
94.59335479958868 1.29372390455237 -0.4141197389905825 0.727265505138648 0.2618316930322947
94.62477072612457 1.280579357501838 -0.4226210640108309 0.7260592484499105 0.2874671925079382
94.65618665266047 1.267174095843731 -0.4307159935388323 0.7242529883574583 0.3134122548254437
94.68760257919637 1.253521012057579 -0.4383966296865244 0.7218283888044297 0.3396666569363517
94.71901850573227 1.239633240302798 -0.4456554662130464 0.7187662408687326 0.3662296919600609
94.75043443226815 1.225524144798169 -0.4524853975817043 0.7150464425881946 0.3931001083467378
94.78185035880406 1.21120730603569 -0.4588797240538188 0.7106479813279626 0.4202760445827213
94.81326628533995 1.196696508939017 -0.4648321606030386 0.7055489167011911 0.4477549578999342
94.84468221187586 1.18200572907371 -0.4703368419771207 0.6997263667433389 0.4755335477879762
94.87609813841175 1.167149119626566 -0.4753883293610095 0.6931564962614203 0.5036076730971031
94.90751406494765 1.152140997769656 -0.4799816156266759 0.6858145087322614 0.5319722628041649
94.93892999148355 1.136995831449923 -0.4841121321092534 0.677674641773502 0.5606212196361607
94.97034591801945 1.121728224894531 -0.4877757513697588 0.6687101679205667 0.589547316941079
95.00176184455533 1.106352905119337 -0.49096879321642 0.6588934001513661 0.6187420874127308
95.03317777109125 1.090884707632719 -0.4936880280755402 0.6481957041280818 0.6481957041280828
95.06459369762713 1.075338562372019 -0.495930681551585 0.6365875175337334 0.6778968530742718
95.09600962416303 1.059729479099864 -0.4976944359698316 0.6240383780635971 0.7078325973036047
95.12742555069893 1.044072533281592 -0.4989774351559507 0.6105169606801444 0.7379882318654696
95.15884147723483 1.028382851395388 -0.4997782857596403 0.5959911260882492 0.7683471299657938
95.19025740377074 1.012675596378939 -0.5000960587493012 0.5804279814722815 0.79889057983404
95.22167333030663 0.9969659530552181 -0.4999302923655961 0.5637939551793322 0.8295976123757868
95.25308925684253 0.9812691133946634 -0.4992809919930596 0.5460548871505045 0.8604448198528265
95.28450518337843 0.9656002618536311 -0.4981486309274335 0.5271761368137803 0.8914061656855861
95.31592110991433 0.949974560677476 -0.4965341506118446 0.5071227104841114 0.9224527859134717
95.34733703645021 0.9344071351847988 -0.4944389604398545 0.4858594103626692 0.953552782976285
95.37875296298613 0.9189130590364921 -0.4918649371488609 0.4633510073428614 0.9846710127449484
95.41016888952201 0.9035073396554962 -0.4888144230578322 0.4395624398427348 1.015768865844426
95.44158481605793 0.8882049035608593 -0.4852902247767652 0.4144590411613816 1.046804045058446
95.47300074259381 0.8730205818854717 -0.4812956107383842 0.3880067976332477 1.077730340471692
95.50441666912971 0.8579690957296516 -0.4768343092183833 0.3601726401487112 1.108497405126621
95.53583259566561 0.8430650420835781 -0.471910504160947 0.3309247710588541 1.139050533163659
95.56724852220151 0.8283228790910258 -0.4665288330935555 0.3002330292237725 1.169330445383233
95.5986644487374 0.8137569126046751 -0.4606943810926596 0.2680692944264178 1.199273083671914
95.63008037527331 0.7993812811640917 -0.4544126789489428 0.2344079339872078 1.22880942283042
95.66149630180919 0.7852099431812005 -0.4476896955969859 0.1992262915144221 1.257865299812194
95.69291222834509 0.7712566622319136 -0.4405318350167457 0.1625052199894325 1.286361272320721
95.72432815488099 0.7575349941958053 -0.4329459288957158 0.124229658087843 1.314212507977882
95.75574408141689 0.744058273891906 -0.4249392305459915 0.08438924978400347 1.341328715031883
95.78716000795279 0.7308396012254643 -0.4165194093638444 0.04297900527757748 1.367614123112334
95.81857593448869 0.7178918292131273 -0.4076945420997014 2.728566920933216e-15 1.392967518652619
95.84999186102459 0.7052275506587899 -0.3984731063422788 -0.04453989219335731 1.417282350118115
95.88140778756049 0.6928590857369549 -0.3888639724094177 -0.09062523797682165 1.440446909008528
95.91282371409639 0.6807984698277618 -0.3788763948651505 -0.1382322632751011 1.462344597888052
95.94423964063228 0.6690574420659053 -0.3685200031757519 -0.1873280613653926 1.482854294619371
95.97565556716819 0.6576474327376066 -0.3578047936180621 -0.237869802652529 1.5018508267928
96.00707149370407 0.646579553095408 -0.3467411183886228 -0.2898039594488515 1.519205557964413
96.03848742023997 0.6358645829896452 -0.3353396770073622 -0.3430655633796953 1.53478710411937
96.06990334677587 0.6255129612666507 -0.3236115048159661 -0.3975775124807321 1.54846217601514
96.10131927331177 0.6155347749819453 -0.3115679626976622 -0.4532499500900024 1.560096561083995
96.13273519984767 0.6059397491700642 -0.2992207261505372 -0.5099797377514805 1.569556243170686
96.16415112638357 0.596737237208212 -0.286581773802414 -0.5676500461577549 1.576708658832925
96.19556705291946 0.5879362118130493 -0.2736633754423758 -0.6261300890949765 1.581424085141917
96.22698297945537 0.5795452553712142 -0.2604780804550467 -0.6852750271942112 1.583577153256363
96.25839890599126 0.5715725521524103 -0.2470387049180722 -0.7449260639995375 1.583048467003276
96.28981483252716 0.5640258796608363 -0.2333583192688143 -0.804910760500099 1.57972631455166
96.32123075906306 0.5569126010666611 -0.2194502352453287 -0.8650435870529822 1.573508443453184
96.35264668559896 0.5502396574447911 -0.2053279928843313 -0.9251267313487738 1.564303872609016
96.38406261213484 0.544013561469934 -0.1910053467530196 -0.9849511720464652 1.552034701525887
96.41547853867075 0.5382403901308601 -0.176496252616902 -1.044298027718569 1.536637884186798
96.44689446520664 0.532925779098429 -0.1618148533050052 -1.102940175434639 1.518066916829582
96.47831039174255 0.5280749175712172 -0.1469754644568338 -1.160644130707687 1.496293397175272
96.50972631827844 0.5236925412208525 -0.1319925608172088 -1.21717217561032 1.471308415009205
96.54114224481434 0.5197829301822544 -0.1168807608830469 -1.272284692172878 1.443123708136104
96.57255817135025 0.516349901943284 -0.1016548130874111 -1.325742686020468 1.411772568713446
96.60397409788614 0.5133968096763708 -0.08632958041560214 -1.377310430955506 1.377310430955519
96.63539002442204 0.5109265374759102 -0.07092002582452768 -1.426758200939562 1.339815131369971
96.66680595095794 0.5089414983746822 -0.05544119702597158 -1.4738650159713 1.299386800713971
96.69822187749384 0.5074436315353021 -0.03990821145314949 -1.518421347499335 1.256147382951923
96.72963780402972 0.5064343998785833 -0.02433624107843443 -1.560231715233248 1.210239773996256
96.76105373056564 0.5059147892071083 -0.008740497074883339 -1.599117107532824 1.16182658588351
96.79246965710152 0.5058853076645217 0.006863785457602614 -1.634917167475905 1.111088559671878
96.82388558363743 0.5063459833748365 0.02246136281198381 -1.667492096756659 1.058222663104114
96.85530151017332 0.5072963668744841 0.0380369980196379 -1.696724209375043 1.003439900203985
96.88671743670922 0.5087355293890601 0.05357547622801044 -1.722519127170491 0.9469629036530172
96.91813336324512 0.5106620653087445 0.06906161994395769 -1.744806565276524 0.8890233494533578
96.94954928978102 0.5130740925765713 0.08448030438349111 -1.763540715770953 0.829859269305301
96.9809652163169 0.5159692550947703 0.09981647264539446 -1.778700216382869 0.7697123166027546
97.01238114285282 0.5193447254294591 0.1150551507528334 -1.790287722898113 0.7088250533020525
97.0437970693887 0.5231972068558346 0.1301814628402133 -1.798329113047958 0.6474383192543297
97.0752129959246 0.5275229367642764 0.14518064611867 -1.80287234926456 0.585788736069765
97.1066289224605 0.5323176911273264 0.1600380655003512 -1.80398604382894 0.5241063949018817
97.1380448489964 0.5375767886191756 0.1747392282405211 -1.80175777978908 0.4626127698028918
97.1694607755323 0.5432950942128889 0.1892697988431081 -1.796292240320388 0.401518886734265
97.2008767020682 0.5494670259533355 0.2036156128221577 -1.787709187870558 0.3410237661861824
97.2322926286041 0.5560865592952788 0.2177626913072989 -1.776141365198292 0.2813131560641913
97.26370855514 0.563147233820257 0.2316972547179857 -1.761732352983797 0.2225585531408419
97.2951244816759 0.5706421596152549 0.2454057364958165 -1.74463444003913 0.1649165098175766
97.32654040821178 0.57856402362448 0.2588747968967033 -1.725006546684357 0.108528212895032
97.3579563347477 0.5869050982169756 0.2720913355143068 -1.703012230430855 0.05351931542859191
97.38937226128358 0.5956572474734596 0.2850425050758455 -1.678817817195377 1.23378315085216e-14
97.42078818781948 0.604811936369667 0.2977157235070788 -1.652590665397886 -0.05193475391154315
97.45220411435538 0.6143602385320932 0.3100986868524464 -1.6244975925084 -0.1022047254870143
97.48362004089128 0.6242928460183111 0.3221793807451028 -1.594703464812537 -0.1507438599028115
97.51503596742718 0.6346000779122242 0.3339460926870952 -1.563369964558536 -0.1974995559039925
97.54645189396308 0.6452718904111857 0.3453874231532849 -1.530654527606579 -0.2424318606851865
97.57786782049897 0.656297886282542 0.3564922972039726 -1.496709453526729 -0.2855125980171808
97.60928374703488 0.6676673259382458 0.3672499745828164 -1.461681175677318 -0.3267244523161268
97.64069967357077 0.6793691378868497 0.3776500602704368 -1.425709687286314 -0.3660600302486306
97.67211560010666 0.6913919291798141 0.3876825151471511 -1.388928110306587 -0.4035209181139626
97.70353152664256 0.7037239974175569 0.3973376649081615 -1.35146239120057 -0.4391167496190782
97.73494745317846 0.7163533423666534 0.4066062092222496 -1.313431114658851 -0.4728642978424331
97.76636337971435 0.7292676771353152 0.4154792315441924 -1.274945421330854 -0.5047866019932723
97.79777930625026 0.7424544411177397 0.4239482065639761 -1.236109012025483 -0.5349121355337135
97.82919523278615 0.7559008121030654 0.4320050086423004 -1.197018230405941 -0.5632740231889134
97.86061115932206 0.769593719110635 0.4396419191448321 -1.157762208893856 -0.5899093098943085
97.89202708585796 0.7835198549408717 0.4468516342375934 -1.118423068053575 -0.6148582847821696
97.92344301239385 0.797665689587257 0.4536272711893902 -1.079076157142134 -0.6381638603683224
97.95485893892976 0.8120174836135192 0.4599623745423285 -1.039790327844554 -0.6598710074499212
97.98627486546565 0.8265613013982128 0.4658509225891105 -1.000628232746287 -0.6800262447580171
98.01769079200155 0.8412830253332076 0.4712873316047315 -0.9616466397316428 -0.6986771806784826
98.04910671853744 0.8561683691076648 0.4762664621800998 -0.9228967582617249 -0.7158721061977243
98.08052264507334 0.8712028919120048 0.4807836234286196 -0.8844245696714408 -0.7316596348179614
98.11193857160923 0.8863720127676264 0.4848345765051431 -0.8462711579625645 -0.7460883870405023
98.14335449814514 0.9016610248809642 0.4884155376077611 -0.8084730373231414 -0.7592067163145522
98.17477042468103 0.917055109423608 0.4915231835052299 -0.7710624736947257 -0.7710624736947103
98.20618635121694 0.9325393506622446 0.4941546515650795 -0.7340677961123594 -0.7817028063252635
98.23760227775283 0.9480987501212877 0.4963075435437038 -0.6975136980605208 -0.7911739885054118
98.26901820428873 0.9637182413175939 0.4979799267173142 -0.661421525940205 -0.7995212809527622
98.30043413082463 0.9793827043600212 0.4991703355884967 -0.6258095542472176 -0.8067888159123822
98.33185005736053 0.9950769806894373 0.4998777721896875 -0.5906932465518687 -0.8130195050984099
98.36326598389641 1.010785887738577 0.5001017068271117 -0.5560855020539387 -0.8182549680476585
98.39468191043233 1.026494233653287 0.499842077935388 -0.5219968874759201 -0.8225354783504798
98.42609783696821 1.04218683199607 0.4990992915401424 -0.4884358544191437 -0.8258999255972016
98.45751376350412 1.05784851639907 0.4978742199844013 -0.4554089424274159 -0.82838579102689
98.48892969004001 1.073464155208076 0.4961682008571661 -0.4229209680984221 -0.8300291349883548
98.52034561657591 1.089018666149187 0.4939830355096581 -0.3909752007012431 -0.8308645945119753
98.55176154311181 1.104497030680904 0.4913209854255219 -0.3595735249645265 -0.8309253897388923
98.58317746964771 1.119884308518895 0.4881847704107413 -0.3287165914232204 -0.830243337472893
98.61459339618361 1.135165652157705 0.4845775659812424 -0.2984039550539831 -0.8288488707932745
98.64600932271951 1.150326320631483 0.4805029976825437 -0.2686342030366737 -0.8267710642081644
98.67742524925541 1.165351694160721 0.4759651393529298 -0.239405071822679 -0.824037662182781
98.70884117579129 1.180227287924891 0.4709685076163589 -0.2107135546765057 -0.8206751115131546
98.74025710232721 1.194938765705397 0.4655180565560432 -0.182556000070651 -0.8167085962456363
98.77167302886309 1.209471953951302 0.459619173560037 -0.154928201496169 -0.8121620741345755
98.80308895539901 1.223812854890382 0.4532776725984938 -0.1278254795372575 -0.8070583150424636
98.83450488193489 1.23794766016613 0.4464997889687601 -0.101242756537453 -0.8014189397808125
98.86592080847079 1.251862763788914 0.4392921724423626 -0.07517462459997407 -0.7952644598117855
98.89733673500669 1.265544775197889 0.4316618807452021 -0.04961540734068201 -0.7886143169230923
98.92875266154259 1.2789805314502 0.4236163715372982 -0.02455921595812927 -0.7814869232078295
98.96016858807847 1.292157110693139 0.4151634965910548 -9.859034562354211e-15 -0.7738996997536777
98.99158451461439 1.305061843501304 0.4063114923927552 0.02406840659279453 -0.7658691159678618
99.02300044115027 1.317682325159851 0.397068972488427 0.04765224389094436 -0.7574107274355367
99.05441636768617 1.330006427356275 0.3874449189171774 0.07075778837067016 -0.7485392131390016
99.08583229422207 1.342022309631442 0.3774486733716769 0.09339131895558286 -0.7392684117054226
99.11724822075797 1.35371843059007 0.3670899280850964 0.1155590863692668 -0.7296113565984446
99.14866414729387 1.365083558867193 0.3563787164444111 0.1372672854848672 -0.719580310192758
99.18008007382977 1.376106783189158 0.3453254027083526 0.1585220304568147 -0.7091867970282355
99.21149600036566 1.386777523293105 0.3339406726547476 0.1793293322019604 -0.6984416352729693
99.24291192690157 1.397085539005202 0.3222355224577305 0.1996950782540396 -0.6873549678001263
99.27432785343747 1.407020940901116 0.3102212490646423 0.2196250143775706 -0.67593629110172
99.30574377997335 1.416574198971726 0.2979094387798427 0.2391247281583756 -0.6641944838732787
99.33715970650927 1.425736151344004 0.2853119560635402 0.2581996341592815 -0.6521378342071028
99.36857563304515 1.434498013454663 0.2724409326630524 0.2768549603483482 -0.6397740652660647
99.39999155958105 1.442851385259541 0.2593087553999655 0.2950957360646532 -0.6271103605748425
99.43140748611695 1.450788260372657 0.2459280552755798 0.3129267806612454 -0.6141533871796707
99.46282341265285 1.458301032809216 0.2323116950073447 0.3303526934858449 -0.6009093186718658
99.49423933918875 1.465382503690414 0.2184727567174628 0.3473778446708646 -0.5873838570040613
99.52565526572465 1.472025889155783 0.2044245302256989 0.3640063662781762 -0.5735822526777988
99.55707119226054 1.47822482523455 0.1901804998314758 0.3802421446703385 -0.5595093250739684
99.58848711879645 1.483973375212398 0.1757543323202083 0.3960888127176465 -0.5451694807254556
99.61990304533234 1.489266033193627 0.1611598633727091 0.4115497432910855 -0.5305667320440142
99.65131897186824 1.494097731978076 0.1464110856631796 0.4266280418649605 -0.5157047134766011
99.68273489840414 1.498463845211996 0.131522134844501 0.4413265408015826 -0.5005866988564811
99.71415082494003 1.502360192824335 0.1165072768018645 0.4556477928517159 -0.4852156166697961
99.74556675147592 1.505783045198793 0.1013808944006377 0.4695940649890799 -0.4695940649890943
99.77698267801183 1.508729126015686 0.08615747392899531 0.4831673325923669 -0.4537243260733414
99.80839860454772 1.511195615382465 0.07085159167591394 0.4963692734382423 -0.4376083801409729
99.83981453108363 1.513180152778407 0.05547790044480114 0.5092012615689041 -0.4212479185497437
99.87123045761952 1.514680839026556 0.04005111590105682 0.5216643612416039 -0.4046443566599035
99.90264638415542 1.515696237152216 0.02458600287672453 0.5337593209936145 -0.3877988464211316
99.93406231069133 1.516225376560132 0.009097361867542227 0.5454865662194418 -0.3707122875936327
99.96547823722722 1.516267750179524 -0.006399984936134032 0.5568461938216688 -0.3533853403632433
99.99689416376312 1.515823317662402 -0.02189120722825212 0.5678379643422552 -0.3358184359740434
100.028310090299 1.514892504683262 -0.03736148041616535 0.578461294999333 -0.3180117880393384
100.0597260168349 1.51347620103118 -0.05279599922976266 0.5887152527283196 -0.2999654037706229
100.0911419433708 1.511575763011856 -0.06817999167625609 0.5985985450462119 -0.2816790940843791
100.1225578699067 1.509193009180296 -0.08349873252909201 0.6081095128995145 -0.2631524849498768
100.1539737964426 1.506330219859198 -0.09873755705225416 0.6172461214879945 -0.2443850278188644
100.1853897229785 1.50299013513336 -0.1138818746495703 0.626005951044212 -0.2253760103456891
100.2168056495144 1.499175952435122 -0.1289171824805294 0.6343861871252297 -0.2061245672150853
100.2482215760503 1.494891322065921 -0.1438290785475869 0.6423836111041358 -0.1866296913501853
100.2796375025862 1.490140346670796 -0.1586032758396043 0.6499945882900191 -0.1668902447480661
100.3110534291221 1.484927574638726 -0.1732256149056665 0.6572150578968012 -0.1469049703987188
100.342469355658 1.479257997743096 -0.187682077611024 0.6640405204686145 -0.1266725039659245
100.3738852821939 1.473137044337055 -0.2019587994170017 0.6704660264922063 -0.1061913863625822
100.4053012087298 1.466570577795235 -0.2160420837296453 0.6764861618906671 -0.08546007635904838
100.4367171352657 1.459564887034949 -0.2299184130601881 0.6820950362991577 -0.06447696443951903
100.4681330618016 1.452126684353195 -0.2435744633569425 0.6872862672259281 -0.04324038681052718
100.4995489883375 1.444263096671255 -0.2569971153917092 0.6920529664362397 -0.02174864063931945
100.5309649148734 1.435981658952445 -0.2701734669983648 0.6963877245685048 -2.72905279314665e-15
100.5623808414093 1.427290308798425 -0.2830908461870326 0.7002825943708493 0.02200726711622484
100.5937967679452 1.418197378425434 -0.2957368228779705 0.7037290743946659 0.0442748805522488
100.6252126944811 1.408711586063452 -0.3080992201251435 0.7067180922285939 0.06680452851352944
100.656628621017 1.398842027965005 -0.3201661256925042 0.7092399867037004 0.08959784668940628
100.6880445475529 1.388598171253398 -0.3319259044859452 0.7112844889487479 0.1126563956936639
100.7194604740888 1.377989843649825 -0.3433672086195599 0.7128407043457909 0.1359816369106328
100.7508764006247 1.367027224110702 -0.3544789880213449 0.713897093434709 0.1595749064459527
100.7822923271606 1.355720835139963 -0.365250502824676 0.7144414513837849 0.1834373867531327
100.8137082536965 1.344081530727197 -0.3756713316805604 0.7144608892567628 0.2075700764136542
100.8451241802324 1.332120487359429 -0.3857313829791618 0.7139418133117738 0.2319737571092301
100.8765401067683 1.319849193353763 -0.3954209045480495 0.7128699049043847 0.2566489580408434
100.9079560333042 1.307279437943422 -0.4047304930751678 0.7112301003915055 0.281595917445013
100.93937195984 1.294423300120659 -0.41365110325902 0.7090065711876767 0.3068145409602484
100.970787886376 1.281293137058952 -0.422174056405224 0.7061827042505942 0.3323043566302084
101.0022038129118 1.267901573066016 -0.430291049913365 0.7027410826802243 0.3580644660308354
101.0336197394477 1.254261487234736 -0.4379941649953156 0.6986634676759916 0.3840934916720034
101.0650356659836 1.24038600118949 -0.4452758744515376 0.6939307813684793 0.4103895200866606
101.0964515925195 1.226288466559458 -0.4521290499690483 0.6885230910398347 0.4369500403786221
101.1278675190554 1.211982453163423 -0.4585469710665532 0.6824195945376841 0.4637718775424599
101.1592834455913 1.197481734848947 -0.4645233293800413 0.6755986090067577 0.4908511213046747
101.1906993721272 1.182800277356396 -0.4700522370871425 0.6680375609496176 0.5181830486401616
101.2221152986631 1.167952224726298 -0.475128232447627 0.6597129800890202 0.545762040821548
101.253531225199 1.152951885763537 -0.4797462853527225 0.6506004967706943 0.5735814941537598
101.2849471517349 1.137813720402484 -0.4839018026220756 0.6406748436497636 0.6016337240919674
101.3163630782708 1.122552326078119 -0.4875906336026404 0.6299098623375303 0.62990986233754
101.3477790048067 1.107182423440152 -0.4908090734601883 0.6182785162012598 0.6583997469508346
101.3791949313426 1.091718842586857 -0.4935538685440643 0.6057529095647544 0.6870918045648541
101.4106108578785 1.076176508720037 -0.4958222197581781 0.5923043149369788 0.7159729250104211
101.4420267844144 1.060570427716139 -0.4976117851168939 0.5779032090993026 0.7450283278944816
101.4734427109503 1.044915671825769 -0.4989206831552602 0.562519319157548 0.7742414208041821
101.5048586374862 1.029227365168983 -0.4997474955689812 0.5461216800816824 0.8035936492407292
101.5362745640221 1.01352066911399 -0.5000912689507803 0.5286787051392047 0.8330643382340814
101.567690490558 0.9978107676469986 -0.4999515159599637 0.5101582707418253 0.862630525659407
101.5991064170939 0.9821128527547592 -0.4993282162622257 0.4905278173994312 0.8922667874530715
101.6305223436298 0.9664421096599211 -0.4982218186744309 0.4697544686864946 0.9219450552520935
101.6619382701657 0.9508137021670093 -0.4966332394018353 0.4478051700292893 0.9516344268112854
101.6933541967016 0.9352427579612274 -0.4945638625694382 0.4246468494453147 0.9813009701188491
101.7247701232375 0.9197443538853652 -0.4920155396427821 0.4002466023624793 1.010907522248439
101.7561860497734 0.9043335012062292 -0.4889905884280626 0.3745719027255657 1.04041348429451
101.7876019763093 0.8890251313248867 -0.4854917898415494 0.3475908424708303 1.069774613545311
101.8190179028452 0.8738340806787315 -0.4815223883828765 0.319272402173333 1.098942816388046
101.8504338293811 0.8587750768952792 -0.4770860867763664 0.2895867542685897 1.127865942069882
101.881849755917 0.8438627237625689 -0.4721870453708281 0.2585056019821607 1.156487583178674
101.9132656824529 0.8291114873604376 -0.4668298770304247 0.2260025550752855 1.184746883505258
101.9446816089888 0.814535682061086 -0.4610196429391936 0.1920535447193609 1.212578358870552
101.9760975355247 0.8001494559551556 -0.4547618495997356 0.1566372789877196 1.239911736402004
102.0075134620606 0.7859667770447543 -0.4480624434949431 0.1197357395593269 1.266671815755885
102.0389293885965 0.7720014201822325 -0.4409278043862788 0.08133472023210767 1.292778358092509
102.0703453151324 0.7582669526803183 -0.4333647413218599 0.04142440728441165 1.318146012868793
102.1017612416683 0.744776721287351 -0.4253804856097062 -6.58141152867905e-15 1.342684285662815
102.1331771682042 0.7315438392037205 -0.4169826838842463 -0.04293763052165259 1.366297557031834
102.1645930947401 0.7185811729687634 -0.4081793913239513 -0.08738124778569857 1.388885161442512
102.196009021276 0.7059013295909699 -0.398979064313646 -0.133316526508089 1.410341534814721
102.2274249478119 0.693516644120043 -0.3893905523634955 -0.1807213058647329 1.430556439742418
102.2588408743478 0.6814391681036484 -0.3794230889226573 -0.2295648274453686 1.449415276999323
102.2902568008837 0.6696806561994464 -0.3690862843742535 -0.2798069689650979 1.466799498589878
102.3216727274196 0.6582525562034558 -0.358390114818582 -0.331397484659529 1.4825871206144
102.3530886539555 0.6471659964068142 -0.3473449139960364 -0.3842752687032857 1.496653357108352
102.3845045804914 0.6364317749805775 -0.3359613627832641 -0.4383676570009954 1.508871372279066
102.4159205070273 0.6260603493562749 -0.3242504787601405 -0.4935897868195556 1.519113161012428
102.4473364335632 0.6160618256628287 -0.3122236056712276 -0.5498440353463442 1.527250561162302
102.4787523600991 0.6064459486450513 -0.2998924023796973 -0.6070195596279508 1.53315639747549
102.510168286635 0.5972220919203253 -0.2872688314885223 -0.6649919619647311 1.536705755028263
102.5415842131709 0.5883992490487525 -0.2743651473315505 -0.7236231049808718 1.537777374680248
102.5730001397067 0.5799860234784937 -0.2611938846725371 -0.7827611034774683 1.536255164985736
102.6044160662426 0.571990621367631 -0.2477678454038026 -0.8422405125277104 1.532029804874442
102.6358319927785 0.5644208420359351 -0.2341000867704028 -0.9018827403931213 1.525000430351132
102.6672479193144 0.5572840711114564 -0.2202039078642055 -0.9614966993589595 1.515076366381832
102.6986638458503 0.5505872727025938 -0.2060928367036042 -1.020879714660154 1.502178882949434
102.7300797723862 0.5443369828522872 -0.1917806166031217 -1.079818698359453 1.486242933808684
102.7614956989221 0.5385393018126984 -0.1772811930055412 -1.138091596267824 1.467218844968357
102.792911625458 0.5331998893048893 -0.162608698964652 -1.195469096176429 1.445073898609164
102.8243275519939 0.5283239585270183 -0.1477774412364159 -1.251716592916601 1.419793779032453
102.8557434785298 0.5239162700609601 -0.1328018862577519 -1.306596387718669 1.391383831879457
102.8871594050657 0.5199811279655639 -0.1176966453561776 -1.359870085964692 1.359870085964686
102.9185753316016 0.5165223754528029 -0.1024764601576982 -1.411301159571961 1.325300003370806
102.9499912581375 0.5135433901166711 -0.08715618800756193 -1.460657627118999 1.287742921145194
102.9814071846734 0.5110470821765655 -0.07175078671840843 -1.507714787244543 1.247290146015288
103.0128231112093 0.5090358892979725 -0.05627529996024005 -1.552257962528762 1.204054697397192
103.0442390377452 0.5075117764587679 -0.04074484175307479 -1.59408516590486 1.158170666292372
103.0756549642811 0.5064762322465902 -0.02517458152323587 -1.633009649052744 1.109792211490131
103.107070890817 0.5059302683260632 -0.009579728720576816 -1.668862249130848 1.059092188241401
103.1384868173529 0.5058744181152832 0.0060244824426941 -1.701493485697058 1.006260442358178
103.1699027438888 0.506308736140636 0.0216228083297955 -1.730775350082935 0.9515018006086906
103.2013186704247 0.5072327980947612 0.03720001123169722 -1.756602742439206 0.8950338019244741
103.2327345969606 0.5086457011368739 0.05274087471702472 -1.778894524113026 0.8370842230916752
103.2641505234965 0.5105460652825335 0.06823021889797781 -1.797594160628968 0.7778884563824962
103.2955664500324 0.5129320343204417 0.08365291572651043 -1.812669951721897 0.7176868045927236
103.3269823765683 0.5158012774939246 0.09899390426288056 -1.824114848116688 0.6567217551129173
103.3583983031042 0.5191509922979292 0.1142382057577508 -1.831945870093537 0.5952352956259238
103.3898142296401 0.5229779072165938 0.1293709386966385 -1.836203159685736 0.5334663323047113
103.421230156176 0.5272782848958215 0.1443773337620189 -1.83694870218295 0.4716482629547118
103.4526460827119 0.5320479261850608 0.1592427485588859 -1.8342647605759 0.4100067506337348
103.4840620092478 0.5372821737904687 0.1739526824548049 -1.828252078044498 0.3487577361142755
103.5154779357837 0.5429759171861844 0.1884927910559617 -1.81902789669484 0.2881057153527464
103.5468938623196 0.5491235982740644 0.2028489003332009 -1.806723849480823 0.2282423009286589
103.5783097888555 0.5557192160724961 0.2170070211196392 -1.791483784993327 0.1693450767882799
103.6097257153914 0.562756333719402 0.2309533626345629 -1.773461565207191 0.1115767442621539
103.6411416419273 0.5702280837540656 0.2446743467626369 -1.752818896231021 0.05508455295877282
103.6725575684632 0.5781271764344446 0.2581566208152995 -1.729723217938697 8.45178670546671e-16
103.7039734949991 0.5864459054911146 0.2713870716059777 -1.704345705216754 -0.0535612215619623
103.735389421535 0.5951761571678444 0.2843528376810117 -1.67685939096989 -0.105499050614033
103.7668053480709 0.6043094175490137 0.2970413224782091 -1.647437447923495 -0.1557286889557229
103.7982212746068 0.6138367811170643 0.3094402067556166 -1.616251635343555 -0.2041800645054435
103.8296372011427 0.6237489603305854 0.3215374601799146 -1.583470920851983 -0.2507971555693085
103.8610531276786 0.6340362940720052 0.3333213537259927 -1.549260286694463 -0.2955372055790222
103.8924690542145 0.6446887575590701 0.3447804709711249 -1.513779712296796 -0.3383698549707555
103.9238849807504 0.6556959725985131 0.3559037189791273 -1.47718333130849 -0.3792762157426386
103.9553009072862 0.6670472177034349 0.3666803392522957 -1.439618755900258 -0.4182479120439912
103.9867168338222 0.6787314387656561 0.3770999181490879 -1.401226555859485 -0.4552861068833473
104.018132760358 0.6907372600406549 0.3871523969417204 -1.362139880652814 -0.4904005326502055
104.0495486868939 0.7030529954344737 0.3968280815082625 -1.322484210900304 -0.5236085402881681
104.0809646134299 0.7156666601358916 0.4061176515787733 -1.282377225047363 -0.5549341792160267
104.1123805399657 0.7285659829482525 0.4150121689577688 -1.241928766430328 -0.5844073172920954
104.1437964665016 0.741738417286228 0.423503087607609 -1.201240900327455 -0.6120628096904314
104.1752123930375 0.7551711548061829 0.4315822600206373 -1.160408040570316 -0.6379397187454227
104.2066283195734 0.7688511374603989 0.4392419456912733 -1.119517140661418 -0.6620805913506098
104.2380442461093 0.782765070449 0.4464748182793747 -1.078647933303542 -0.6845307937305407
104.2694601726452 0.7968994355168414 0.4532739720461377 -1.037873208854948 -0.7053379043838625
104.3008760991811 0.8112405042216855 0.4596329282132012 -0.997259123730681 -0.724551164831683
104.332292025717 0.8257743509843306 0.4655456419398573 -0.9568655304367537 -0.7422209867894168
104.3637079522529 0.8404868676284409 0.4710065058582654 -0.9167463198442496 -0.7583985119806458
104.3951238787888 0.8553637766506249 0.476010356307301 -0.8769497728413255 -0.773135224305578
104.4265398053247 0.8703906451153287 0.4805524783956312 -0.8375189135044355 -0.7864826095850113
104.4579557318606 0.8855528993776405 0.484628608310236 -0.7984918593609696 -0.7984918593609645
104.4893716583965 0.9008358387525472 0.4882349388171477 -0.7599021669438044 -0.8092136170235594
104.5207875849324 0.9162246503364422 0.4913681207936554 -0.721779167457255 -0.8186977608111887
104.5522035114683 0.9317044231720082 0.4940252669874413 -0.6841482919857517 -0.8269932218981551
104.5836194380042 0.9472601628031062 0.4962039544938131 -0.6470313834789339 -0.8341478333021916
104.6150353645401 0.9628768060858246 0.4979022251844551 -0.6104469944414564 -0.8402082065551711
104.646451291076 0.9785392356049314 0.4991185886239252 -0.5744106699049814 -0.8452196336953801
104.6778672176119 0.9942322945217668 0.4998520215987988 -0.5389352145684813 -0.8492260110180185
104.7092831441478 1.009940801189862 0.5001019688987014 -0.5040309443391612 -0.8522697825356275
104.7406990706837 1.025649563861349 0.4998683440518597 -0.4697059220578415 -0.8543919004311344
104.7721149972196 1.041343395431966 0.4991515279654925 -0.4359661776615251 -0.8556318003234311
104.8035309237555 1.057007128114812 0.4979523682940866 -0.4028159131948865 -0.8560273894082359
104.8349468502914 1.07262562798309 0.4962721771169345 -0.3702576931539063 -0.8556150456797124
104.8663627768273 1.088183809757675 0.4941127311408244 -0.3382926205882917 -0.8544296262736188
104.8977787033632 1.103666651067664 0.4914762669519845 -0.3069204998788466 -0.8525044840704697
104.9291946298991 1.11905920709056 0.4883654800126498 -0.2761399865323962 -0.849871490506571
104.960610556435 1.134346624912982 0.484783521178183 -0.2459487249416703 -0.8465610639522178
104.9920264829709 1.149514157551537 0.4807339921843695 -0.2163434747898782 -0.8426022026485607
105.0234424095068 1.164547178444033 0.4762209431124744 -0.1873202266377988 -0.8380225206871245
105.0548583360427 1.179431194848588 0.4712488659174424 -0.1588743077206648 -0.8328482873939856
105.0862742625786 1.19415186253854 0.4658226922813947 -0.1310004782035801 -0.8271044676809345
105.1176901891145 1.208694998535328 0.4599477855538993 -0.1036930190959494 -0.8208147651117131
105.1491061156504 1.223046595547603 0.453629937604146 -0.07694581192664143 -0.814001664554186
105.1805220421863 1.237192834703817 0.4468753611927974 -0.05075241123938475 -0.8066864763787603
105.2119379687222 1.251120098419019 0.4396906832301862 -0.02510611021102455 -0.7988893805069236
105.2433538952581 1.264814984623299 0.4320829404727523 -4.648050258745797e-15 -0.7906294692561943
105.274769821794 1.278264317852522 0.424059569267794 0.02457297652718175 -0.7819247916150066
105.3061857483299 1.291455162627749 0.4156283998270343 0.04861997640053536 -0.7727923952060153
105.3376016748658 1.304374835815117 0.4067976484439315 0.07214821287140968 -0.7632483679286446
105.3690176014017 1.317010918153255 0.3975759085858065 0.09516491612692934 -0.7533078789549027
105.4004335279376 1.329351266177059 0.3879721427040913 0.1176772979575912 -0.7429852182226658
105.4318494544735 1.341384023685258 0.3779956734067812 0.1396925200219034 -0.7322938348631876
105.4632653810094 1.353097632967168 0.367656174356958 0.1612176653640194 -0.721246374364492
105.4946813075452 1.364480845785369 0.3569636608972531 0.1822597128666225 -0.7098547144288674
105.5260972340812 1.375522732748553 0.3459284791134674 0.2028255145458488 -0.6981300001913406
105.557513160617 1.386212696126033 0.3345612983604377 0.2229217747309163 -0.6860826761672409
105.5889290871529 1.396540477297408 0.3228730984394694 0.2425550320609513 -0.6737225195040701
105.6203450136888 1.406496167829389 0.3108751604372583 0.261731642861704 -0.6610586698740549
105.6517609402247 1.416070217342057 0.2985790547381267 0.2804577666919809 -0.6480996594975305
105.6831768667606 1.425253444752099 0.2859966317564595 0.2987393527325379 -0.6348534401356284
105.7145927932965 1.434037044074579 0.2731400085265358 0.3165821284850573 -0.6213274112199489
105.7460087198324 1.442412595503823 0.2600215591975501 0.3339915885395018 -0.6075284442020427
105.7774246463683 1.450372070729812 0.2466539015645852 0.3509729855003488 -0.5934629081562713
105.8088405729042 1.457907841948009 0.233049886142581 0.3675313209530705 -0.5791366924632594
105.8402564994401 1.465012688828443 0.2192225838772388 0.38367133755109 -0.5645552291673138
105.871672425976 1.471679803893602 0.2051852731804188 0.3993975121064897 -0.5497235147445417
105.9030883525119 1.47790280147395 0.1909514287045896 0.4147140482051377 -0.5346461293582021
105.9345042790478 1.48367572093068 0.1765347074065045 0.429624870688614 -0.5193272572341282
105.9659202055837 1.488993034165153 0.1619489366221367 0.4441336192646712 -0.5037707043747383
105.9973361321196 1.493849648991371 0.1472081004608446 0.4582436434556041 -0.4879799167965859
106.0287520586555 1.498240915639928 0.1323263273853486 0.4719579967448174 -0.4719579967448255
106.0601679851914 1.502162630870388 0.1173178768510128 0.4852794314281573 -0.4557077188986197
106.0915839117273 1.505611039280295 0.1021971253949869 0.4982103943585724 -0.4392315465751188
106.1229998382632 1.508582840924184 0.0869785542950175 0.5107530205658161 -0.4225316452348058
106.1544157647991 1.511075191248094 0.07167673532256956 0.522909129176457 -0.4056098976429751
106.185831691335 1.513085704945587 0.05630631749864138 0.534680217869113 -0.3884679171650831
106.2172476178709 1.514612457185958 0.04088201338178571 0.5460674579497512 -0.3711070612059013
106.2486635444068 1.51565398756623 0.02541858564352639 0.5570716881481643 -0.3535284434143188
106.2800794709427 1.516209299541333 0.009930833125449144 0.5676934096528234 -0.3357329465690321
106.3114953974786 1.516277860664069 -0.005566422792311032 0.5779327805129852 -0.3177212347417124
106.3429113240145 1.515859606575569 -0.02105835188991439 0.5877896081690636 -0.2994937643105013
106.3743272505504 1.514954936512447 -0.03653012887432538 0.5972633447097807 -0.2810507964977869
106.4057431770863 1.513564716744008 -0.05196694716475338 0.606353078617121 -0.2623924079633222
106.4371591036222 1.511690277836378 -0.06735403259784209 0.615057528331136 -0.2435185024881961
106.4685750301581 1.509333413436439 -0.082676657070338 0.6233750346863588 -0.2244288221739352
106.499990956694 1.506496379055873 -0.09792015223213729 0.631303552744803 -0.2051229585885951
106.5314068832299 1.503181890087784 -0.1130699231370133 0.6388406433108769 -0.1856003640537124
106.5628228097658 1.499393119414343 -0.1281114618604427 0.6459834639677132 -0.1658603630660836
106.5942387363017 1.495133693863529 -0.1430303608603071 0.6527287599391257 -0.145902163995016
106.6256546628376 1.490407691034168 -0.1578123263976506 0.659072854117584 -0.1257248709282428
106.6570705893735 1.485219635329243 -0.1724431917675038 0.6650116367308776 -0.1053274958929274
106.6884865159094 1.479574494765233 -0.1869089308605142 0.6705405539393934 -0.08470897140207499
106.7199024424453 1.473477675254675 -0.2011956709109972 0.6756545968238072 -0.06386816366407767
106.7513183689812 1.466935015959645 -0.2152897055819503 0.6803482891676551 -0.04280388622957308
106.7827342955171 1.459952784017772 -0.2291775078817281 0.6846156747720992 -0.02151491433283544
106.814150222053 1.452537668044878 -0.2428457425229373 0.6884503045941689 -7.758302399049266e-15
106.8455661485889 1.444696772682898 -0.2562812788107767 0.6918452226549804 0.02174211202798007
106.8769820751248 1.436437612270935 -0.2694712032437487 0.6947929516064696 0.04371266736049658
106.9083980016607 1.427768102819055 -0.2824028311350443 0.6972854783892378 0.06591288398494823
106.9398139281966 1.418696554607983 -0.2950637185023111 0.6993142388991149 0.08834393313863492
106.9712298547325 1.409231665311186 -0.3074416744286732 0.7008701017068314 0.111006918799035
107.0026457812684 1.399382512182694 -0.3195247729992592 0.7019433515690869 0.1339028556912963
107.0340617078043 1.389158541628995 -0.33130136316704 0.702523673643715 0.1570326459215642
107.0654776343401 1.378569562324972 -0.3427600813781064 0.7026001353860652 0.1803970535555887
107.0968935608761 1.367625735282572 -0.3538898619332511 0.7021611694653664 0.2039966774839818
107.1283094874119 1.356337564100571 -0.3646799473963122 0.7011945561839772 0.2278319221954581
107.1597254139478 1.344715885233384 -0.3751198990420062 0.6996874055599722 0.2519029662436788
107.1911413404837 1.332771858169913 -0.3851996073449632 0.6976261392290876 0.2762097281902094
107.2225572670196 1.320516954781773 -0.3949093016891309 0.6949964726773613 0.3007518299531477
107.2539731935555 1.307962948425417 -0.4042395598018095 0.6917833976530385 0.3255285572711686
107.2853891200914 1.295121902801595 -0.4131813169149929 0.6879711649235115 0.3505388170468567
107.3168050466273 1.282006160269292 -0.4217258741837124 0.6835432677326586 0.3757810914110646
107.3482209731632 1.268628331225057 -0.4298649087910801 0.6784824253237061 0.4012533877899559
107.3796368996991 1.2550012812949 -0.437590480993779 0.6727705685135636 0.4269531855984446
107.411052826235 1.241138119386293 -0.4448950423571889 0.6663888259942691 0.4528773784903622
107.4424687527709 1.227052185230139 -0.4517714432470979 0.6593175124195856 0.4790222122315238
107.4738846793068 1.212757036868108 -0.4582129403174526 0.6515361184101927 0.5053832177595746
107.5053006058427 1.198266437769842 -0.4642132034095022 0.6430233030725844 0.5319551392385161
107.5367165323786 1.183594343729394 -0.4697663220580035 0.6337568894313337 0.5587318567609223
107.5681324589145 1.168754889316628 -0.4748668108731295 0.623713863432598 0.5857063035081231
107.5995483854504 1.153762375030429 -0.4795096169771838 0.6128703765087662 0.6128703765087664
107.6309643119863 1.1386312528275 -0.4836901229123449 0.6012017536219818 0.6402148418210067
107.6623802385222 1.123376113307174 -0.4874041548188723 0.5886825057876517 0.6677292322178329
107.6937961650581 1.108011670707016 -0.4906479832317019 0.5752863499550949 0.6954017391207912
107.725212091594 1.092552749671865 -0.4934183304381334 0.5609862350692557 0.7232190963896246
107.7566280181299 1.077014270624879 -0.495712372668844 0.5457543770069523 0.7511664575303686
107.7880439446658 1.061411235477172 -0.4975277433138238 0.5295623025880652 0.7792272652010642
107.8194598712017 1.045758713288452 -0.4988625362134146 0.5123809040940803 0.8073831131150448
107.8508757977376 1.030071825751382 -0.499715308202291 0.4941805056934415 0.8356136004167192
107.8822917242735 1.014365732574271 -0.5000850801261449 0.4749309431807341 0.863896178570584
107.9137076508094 0.9986556169315507 -0.499971340022339 0.4546016585121504 0.8922059908159844
107.9451235773453 0.982956670727602 -0.4993740428451055 0.4331618109370986 0.9205157047220118
107.9765395038812 0.9672840799594676 -0.4982936112757499 0.4105804063801305 0.94879533810009
108.0079554304171 0.9516530099254233 -0.4967309370092065 0.3868264470823594 0.9770120791832634
108.039371356953 0.9360785906270968 -0.4946873789027136 0.3618691033392505 1.00513010165515
108.0707872834889 0.9205759020387738 -0.4921647631486764 0.3356779095461657 1.033110376003623
108.1022032100248 0.9051599593805687 -0.4891653823034992 0.3082229866090944 1.06091047855685
108.1336191365607 0.889845698551768 -0.4856919932163655 0.2794752928171714 1.088484399829104
108.1650350630966 0.8746479616479345 -0.4817478147018669 0.2494069053628568 1.115782354422928
108.1964509896325 0.8595814823401934 -0.4773365255652794 0.2179913346615851 1.142750595387923
108.2278669161684 0.8446608716155524 -0.4724622610367363 0.1852038732906149 1.169331235512334
108.2592828427043 0.8299006032366431 -0.4671296100269515 0.1510219815186406 1.195462079971014
108.2906987692402 0.8153150001320453 -0.4613436096118496 0.1154257106802475 1.221076472825648
108.3221146957761 0.8009182196280102 -0.4551097426181528 0.07839816599313014 1.246103165054491
108.353530622312 0.7867242398814298 -0.4484339317392851 0.03992600899505317 1.270466206197448
108.3849465488479 0.7727468462702953 -0.4413225339983932 3.168792767614361e-15 1.294084867284227
108.4163624753838 0.7589996177651338 -0.4337823351908764 -0.04138442015374934 1.316873601740101
108.4477784019196 0.7454959132927421 -0.4258205441246946 -0.08422651071548301 1.338742051609834
108.4791943284556 0.732248859041738 -0.4174447851288569 -0.1285195765844853 1.35959510528419
108.5106102549914 0.7192713350304819 -0.4086630917847354 -0.1742502828351732 1.379333018008335
108.5420261815274 0.7065759624286453 -0.3994838992454146 -0.2213979435452902 1.397851601404966
108.5734421080632 0.6941750916384954 -0.3899160355416839 -0.2699337916943007 1.415042490807542
108.6048580345991 0.6820807891036758 -0.3799687145191922 -0.3198202395983031 1.430793503539666
108.636273961135 0.6703048264625522 -0.3696515256580086 -0.371010139487254 1.444989089874536
108.6676898876709 0.6588586679070944 -0.3589744261033335 -0.4234460585082074 1.457510893386857
108.6991058142068 0.6477534591911462 -0.3479477306019324 -0.4770595818365905 1.46823842127026
108.7305217407427 0.6370000166203857 -0.3365821015105421 -0.5317706615495428 1.477049834230906
108.7619376672786 0.6266088161784037 -0.3248885386074563 -0.5874870304727045 1.483822860263645
108.7933535938145 0.6165899832384723 -0.3128783682964069 -0.6441037016995628 1.488435833588679
108.8247695203504 0.606953282306413 -0.3005632327335133 -0.7015025768492598 1.490768859553234
108.8561854468863 0.5977081069899918 -0.2879550786479522 -0.7595521868120527 1.490705101316771
108.8876013734222 0.5888634715007426 -0.2750661449878819 -0.81810758761102 1.488132177413817
108.9190172999581 0.5804280005694978 -0.2619089516855621 -0.8770104392808626 1.482943665983399
108.950433226494 0.5724099219442588 -0.2484962865745144 -0.9360892857324958 1.47504068873257
108.9818491530299 0.5648170572730932 -0.2348411933618497 -0.9951600622081757 1.464333563627953
109.0132650795658 0.5576568143526304 -0.2209569586244745 -1.054026844403971 1.450743492328905
109.0446810061017 0.5509361802288507 -0.2068570983635178 -1.112482853092666 1.434204252201187
109.0760969326376 0.5446617138251886 -0.192555344792194 -1.170311724817281 1.414663860553793
109.1075128591735 0.5388395394847764 -0.1780656326170463 -1.227289047785866 1.392086167892766
109.1389287857094 0.5334753405977037 -0.1634020852390844 -1.28318415835626 1.366452339867636
109.1703447122453 0.5285743542456711 -0.1485790005203443 -1.337762181435489 1.337762181435503
109.2017606387812 0.5241413660177399 -0.1336108365040748 -1.390786292942078 1.306035261306818
109.2331765653171 0.5201807043274402 -0.1185121972014084 -1.442020173740014 1.271311795731998
109.264592491853 0.5166962370579828 -0.1032978176481267 -1.49123060613527 1.23365324543124
109.2960084183889 0.5136913675602649 -0.0879825492105219 -1.538190170740963 1.193142599541703
109.3274243449248 0.511169030344114 -0.07258134484950118 -1.582679987146965 1.149884318885242
109.3588402714607 0.5091316896218356 -0.05710924382909029 -1.624492427271383 1.104003913544713
109.3902561979966 0.5075813349330696 -0.04158135689484216 -1.663433754145717 1.0556471605672
109.4216721245325 0.5065194811145779 -0.02601285081357682 -1.699326598672786 1.004978948944372
109.4530880510684 0.5059471655603913 -0.0104189332870661 -1.732012233082196 0.9521817827917373
109.4845039776043 0.5058649467906745 0.005185162400028089 -1.761352570169397 0.8974539600337685
109.5159199041402 0.5062729058835203 0.02078419273335151 -1.787231830798773 0.8410074618194847
109.5473358306761 0.5071706436613381 0.0363629193048547 -1.809557862140004 0.7830656123306207
109.578751757212 0.5085572834870442 0.05190612412137378 -1.828263041506392 0.7238605455820885
109.6101676837479 0.5104314706562748 0.0673986249668795 -1.843304778493599 0.6636305551649558
109.6415836102838 0.5127913744746521 0.08282529063720707 -1.85466558845592 0.6026173796147417
109.6729995368197 0.5156346898485314 0.09817105617481862 -1.862352755899788 0.5410634922975749
109.7044154633556 0.518958639716967 0.1134209379923347 -1.866397602816443 0.4792094554982129
109.7358313898915 0.5227599775553312 0.1285600489902793 -1.866854395592002 0.4172913971277726
109.7672473164274 0.5270349910965006 0.14357361340184 -1.86379892668043 0.3555386601483127
109.7986632429633 0.5317795056194486 0.1584469817203815 -1.857326824666962 0.294171669624628
109.8300791694992 0.5369888885049992 0.1731656452818713 -1.847551639432554 0.2334000502566294
109.8614950960351 0.5426580536033786 0.187715250876349 -1.834602763180813 0.1734210202789973
109.892911022571 0.5487814666125047 0.2020816150024496 -1.81862323920822 0.11441807595456
109.9243269491069 0.5553531504118639 0.2162507381084811 -1.799767516623382 0.05655997279357921
109.9557428756428 0.5623666910340327 0.2302088185789541 -1.778199199816198 1.393926347487363e-14
109.9871588021787 0.5698152446561491 0.2439422661828753 -1.754088837986209 -0.0551244624862163
110.0185747287146 0.5776915433847751 0.2574377161293216 -1.727611802278937 -0.1086921216838494
110.0499906552505 0.5859879034962451 0.270682041837691 -1.698946272889163 -0.1605977064663321
110.0814065817863 0.594696232944222 0.2836623679881932 -1.668271373441729 -0.2107516856863023
110.1128225083223 0.603808038970545 0.2963660835591202 -1.635765469898487 -0.2590797984520744
110.1442384348581 0.6133144372937237 0.3087808537887872 -1.601604643554578 -0.3055224256786462
110.175654361394 0.6232061602169202 0.3208946328528975 -1.565961353140446 -0.3500338336203265
110.20707028793 0.6334735666041125 0.3326956751394333 -1.52900327999628 -0.3925813171621692
110.2384862144658 0.6441066511462766 0.3441725469819534 -1.490892360710715 -0.4331442712828982
110.2699021410018 0.6550950543543955 0.3553141377963887 -1.451783996800937 -0.471713215236368
110.3013180675376 0.6664280728842135 0.3661096708752471 -1.411826432944546 -0.5082887921861903
110.3327339940735 0.6780946701864206 0.3765487138314945 -1.371160291869924 -0.5428807641025569
110.3641499206094 0.6900834874713169 0.3866211886831463 -1.32991825242323 -0.575507018853696
110.3955658471453 0.7023828553452887 0.3963173810980072 -1.28822485568958 -0.6061926032573239
110.4269817736812 0.7149808045960188 0.4056279506554921 -1.246196427177948 -0.6349687947161762
110.4583977002171 0.7278650790024812 0.4145439385665063 -1.203941094749065 -0.6618722178043606
110.489813626753 0.7410231466227155 0.4230567772918612 -1.161558894518833 -0.6869440152718155
110.5212295532889 0.7544422128349452 0.4311582977448288 -1.119141945052774 -0.7102290750215708
110.5526454798248 0.7681092325817912 0.4388407375495392 -1.076774681505335 -0.7317753178969542
110.5840614063607 0.7820109238665343 0.4460967471774573 -1.034534134606315 -0.7516330454647036
110.6154773328966 0.7961337797200008 0.4529193988121914 -0.9924902478746582 -0.7698543501929198
110.6468932594325 0.8104640825994549 0.4593021907564484 -0.9507062179788054 -0.7864925829954572
110.6783091859684 0.8249879175493825 0.4652390538674097 -0.9092388551079214 -0.8016018795621409
110.7097251125043 0.8396911856371 0.4707243576189359 -0.8681389538087371 -0.8152367413614123
110.7411410390402 0.854559618058205 0.4757529145533372 -0.8274516677880198 -0.8274516677880023
110.7725569655761 0.8695787900574746 0.480319985011147 -0.7872168844912262 -0.838300836860596
110.803972892112 0.8847341350389687 0.4844212813369578 -0.7474695946873684 -0.847837830510988
110.8353888186479 0.9000109590167716 0.4880529707402505 -0.7082402534798642 -0.8561154006586125
110.8668047451838 0.9153944544880954 0.4912116804483146 -0.669555130739501 -0.8631852733011667
110.8982206717197 0.9308697154830541 0.4938944980418032 -0.6314366473803018 -0.8690979853771744
110.9296365982556 0.946421751707253 0.4960989753730434 -0.5939036976254904 -0.8739027529561617
110.9610525247915 0.962035503332987 0.4978231292851056 -0.5569719549045912 -0.8776473660034668
110.9924684513274 0.9776958554722972 0.4990654443428446 -0.5206541614155312 -0.8803781075538514
111.0238843778633 0.9933876530683953 0.4998248715197916 -0.4849604005180396 -0.8821396937410136
111.0553003043992 1.009095715381735 0.5001008314341308 -0.4498983523756215 -0.8829752327818648
111.0867162309351 1.024804850868481 0.4998932121439078 -0.4154735325503662 -0.8829261997532619
111.118132157471 1.04049987179923 0.4992023690951235 -0.381689514240918 -0.8820324255273567
111.1495480840069 1.056165608934495 0.4980291245819866 -0.3485481344692349 -0.8803320975639877
111.1809640105428 1.071786926238192 0.4963747667398831 -0.3160496848326111 -0.8778617707687217
111.2123799370787 1.087348735372739 0.4942410465499722 -0.2841930875737104 -0.8746563870046113
111.2437958636146 1.102836010216769 0.4916301760413884 -0.2529760575957172 -0.870749301601234
111.2752117901505 1.118233801453381 0.4885448263194522 -0.2223952511913351 -0.8661723155477413
111.3066277166864 1.133527250810232 0.4849881235768294 -0.19244640236096 -0.8609557125699226
111.3380436432223 1.148701605325244 0.4809636457106049 -0.1631244473909112 -0.855128299790755
111.3694595697582 1.16374223142883 0.4764754182016916 -0.1344236385132894 -0.8487174512713728
111.4008754962941 1.178634629086832 0.4715279101923062 -0.1063376473686453 -0.8417491534956304
111.43229142283 1.193364445489838 0.4661260291095052 -0.07885965907077919 -0.8342480525255074
111.4637073493658 1.207917488951506 0.4602751160159481 -0.0519824574970208 -0.8262375017805027
111.4951232759018 1.222279742101492 0.4539809391510151 -0.02569850255729814 -0.8177396106125903
111.5265392024376 1.236437375426535 0.4472496885086221 -1.069951507201134e-14 -0.8087752925254535
111.5579551289736 1.250376760734101 0.4400879700080585 0.0251210355666635 -0.7993643130242736
111.5893710555095 1.264084483566843 0.4325027976236717 0.04967272389274388 -0.7895253374301044
111.6207869820453 1.277547356241405 0.4245015869144946 0.07366326802583373 -0.7792759773164599
111.6522029085813 1.290752429936517 0.4160921468883137 0.09710090847590024 -0.7686328364016887
111.6836188351171 1.303687007567537 0.4072826731837255 0.119993882068447 -0.7576115546614216
111.715034761653 1.316338655458489 0.398081739316869 0.1423503851449648 -0.7462268517720865
111.7464506881889 1.328695215024531 0.3884982881230996 0.1641785406689472 -0.7344925690281275
111.7778666147248 1.340744814354166 0.3785416230966056 0.1854863688468919 -0.722421709753318
111.8092825412607 1.352475879452029 0.3682213993007699 0.2062817609377649 -0.710026478302904
111.8406984677966 1.363877144690439 0.3575476134526563 0.2265724560147887 -0.6973183178540729
111.8721143943325 1.374937664238732 0.3465305950907793 0.2463660201154158 -0.6843079460443545
111.9035303208684 1.385646821277094 0.3351809954576532 0.2656698280052331 -0.6710053901262606
111.9349462474043 1.395994339312236 0.3235097785015074 0.2844910465972499 -0.6574200194365641
111.9663621739402 1.405970289948832 0.3115282086487336 0.3028366208083698 -0.6435605780111837
111.9977781004761 1.415565104671054 0.2992478420942639 0.3207132601965638 -0.6294352137165883
112.029194027012 1.424769581256531 0.2866805136546099 0.3381274280693488 -0.6150515083786625
112.0606099535479 1.433574894295375 0.2738383269819262 0.3550853309275906 -0.600416504522437
112.0920258800838 1.441972601904011 0.2607336419555525 0.37159290979002 -0.5855367323811463
112.1234418066197 1.449954655280958 0.2473790640551747 0.3876558317219971 -0.5704182342959578
112.1548577331556 1.457513404689637 0.2337874314489076 0.4032794829887882 -0.5550665892827417
112.1862736596915 1.464641606934449 0.2199718031603229 0.4184689624759522 -0.539486935667163
112.2176895862274 1.471332433896585 0.205945447607234 0.433229075267899 -0.523683992158872
112.2491055127633 1.477579475396642 0.1917218284183656 0.4475643282376572 -0.5076620798546911
112.2805214392992 1.483376748451531 0.1773145933849919 0.4614789241123486 -0.4914251407691071
112.3119373658351 1.48871870154587 0.1627375610018996 0.4749767571619097 -0.4749767571619114
112.343353292371 1.493600219186198 0.1480047073568577 0.4880614089750181 -0.4583201697048966
112.3747692189069 1.498016627679283 0.1331301534550367 0.500736143892159 -0.4414582943235753
112.4061851454428 1.501963698844745 0.1181281518252905 0.5130039050667021 -0.4243937388360194
112.4376010719787 1.505437654525756 0.1030130733952879 0.5248673101807116 -0.4071288185268961
112.4690169985146 1.508435168754161 0.08779939382110298 0.5363286478152866 -0.3896655716254217
112.5004329250505 1.510953373115015 0.07250168050687565 0.5473898725077336 -0.3720057732114739
112.5318488515864 1.5129898568852 0.05713457858068954 0.5580526013837493 -0.3541509498828433
112.5632647781223 1.514542671544379 0.0417127976725437 0.5683181089419178 -0.3361023926987177
112.5946807046582 1.515610331291231 0.02625109803559511 0.5781873229230957 -0.3178611706158565
112.6260966311941 1.516191813686114 0.01076427687610645 0.587660819789142 -0.2994281433533271
112.65751255773 1.516286562729568 -0.004732845238279453 0.5967388188398735 -0.2808039733588422
112.6889284842659 1.515894487832146 -0.02022543823333844 0.605421177430658 -0.2619891383091786
112.7203444108018 1.515015963590966 -0.03569867619463186 0.613707385422161 -0.2429839430946585
112.7517603373377 1.513651831561161 -0.05113775121849411 0.6215965582942615 -0.2237885312740175
112.7831762638736 1.511803396722245 -0.06652788699695902 0.6290874318427556 -0.2044028972582916
112.8145921904095 1.509472427874101 -0.08185435257848819 0.6361783547311245 -0.1848268977209189
112.8460081169454 1.506661156342375 -0.09710247614455365 0.6428672811078467 -0.1650602632967588
112.8774240434813 1.503372272898999 -0.1122576584991929 0.6491517633598874 -0.145102610530319
112.9088399700172 1.499608924807778 -0.1273053864506885 0.6550289441993 -0.1249534538544822
112.9402558965531 1.495374715723365 -0.142231246987921 0.660495546841822 -0.1046122175233893
112.971671823089 1.490673698075162 -0.1570209396276763 0.665547867783238 -0.08407824846318676
113.0030877496249 1.485510373464678 -0.1716602908456529 0.670181765396303 -0.06335082877882117
113.0345036761608 1.479889685208851 -0.1861352663197192 0.6743926512923999 -0.04242918925436352
113.0659196026967 1.47381701652313 -0.2004319849819696 0.6781754784753804 -0.02131252301064834
113.0973355292326 1.467298182646777 -0.2145367309037186 0.6815247315280908 -3.004657491620288e-15
113.1287514557685 1.4603394281321 -0.2284359672251629 0.6844344137473483 0.02150921797564732
113.1601673823044 1.452947419344154 -0.2421163481604358 0.6868980357725342 0.04321596135781375
113.1915833088402 1.44512923901232 -0.2555647318882782 0.6889086025852623 0.06512103608312517
113.2229992353762 1.436892378845902 -0.268768192489434 0.690458600741786 0.08722520587448078
113.254415161912 1.428244733078635 -0.2817140323872644 0.6915399845138166 0.1095291734092518
113.2858310884479 1.419194592150183 -0.2943897951023399 0.692144161316491 0.1320335601771378
113.3172470149838 1.409750633157227 -0.3067832759227114 0.6922619781011347 0.1547388852083645
113.3486629415197 1.399921911705228 -0.3188825332956742 0.6918837065338972 0.1776455422873716
113.3800788680556 1.389717855887134 -0.3306759021197272 0.6909990266074084 0.2007537752050611
113.4114947945915 1.379148254488072 -0.3421520025824385 0.6895970126490704 0.2240636518730536
113.4429107211274 1.368223250141156 -0.3532997529866594 0.6876661165180188 0.2475750358798028
113.4743266476633 1.356953327776767 -0.3641083785660925 0.6851941528538771 0.2712875565792774
113.5057425741992 1.345349306810987 -0.3745674238043772 0.6821682822726756 0.2952005762549267
113.5371585007351 1.333422329506252 -0.3846667611346761 0.6785749964162286 0.3193131554372001
113.568574427271 1.321183850776016 -0.394396600962344 0.6744001023514076 0.3436240152896822
113.5999903538069 1.308645628365262 -0.4037475024133867 0.6696287070003319 0.3681314969152555
113.6314062803428 1.295819710650211 -0.4127103812822847 0.6642452031942313 0.3928335180940827
113.6628222068787 1.282718425146434 -0.4212765186095205 0.6582332559896218 0.4177275265363273
113.6942381334146 1.269354368295189 -0.4294375713729907 0.6515757891827927 0.4428104490687155
113.7256540599505 1.255740392224313 -0.4371855789085956 0.6442549745030685 0.4680786378554877
113.7570699864864 1.241889593020117 -0.4445129714421373 0.636252221466913 0.4935278120516859
113.7884859130223 1.227815298466439 -0.451412577984606 0.6275481692874981 0.5191529951979206
113.8199018395582 1.213531054990069 -0.4578776327610616 0.6181226813652457 0.5449484482529923
113.8513177660941 1.199050615529575 -0.4639017836200429 0.6079548419225486 0.5709075972796559
113.88273369263 1.184387925674375 -0.4694790968901613 0.5970229566330013 0.5970229566330099
113.9141496191659 1.169557110987764 -0.474604064879976 0.5853045563123891 0.6232860461219789
113.9455655457018 1.154572463066201 -0.4792716103808733 0.5727764055340512 0.6496873029851976
113.9769814722377 1.139448426444019 -0.4834770936019065 0.5594145157916088 0.6762159873969891
114.0083973987736 1.124199584212623 -0.4872163152746911 0.5451941650398764 0.7028600823839533
114.0398133253095 1.108840644602234 -0.4904855230061133 0.5300899233391069 0.7296061867078767
114.0712292518454 1.093386426555684 -0.4932814141582152 0.5140756865098167 0.756439401648674
114.1026451783813 1.077851845742972 -0.4956011406085911 0.4971247181097097 0.7833432106988762
114.1340611049172 1.062251900061576 -0.4974423111219355 0.4792097013155455 0.8102993526808888
114.1654770314531 1.046601655335101 -0.4988029948546371 0.4603028015921428 0.8372876878006504
114.196892957989 1.0309162307485 -0.4996817229778054 0.4403757416933192 0.8642860570169193
114.2283088845249 1.015210784394294 -0.5000774923449015 0.4193998902593633 0.8912701346113652
114.2597248110608 0.999500498529277 -0.4999897650491998 0.3973463657288506 0.9182132745650629
114.2911407375967 0.9838005649614568 -0.4994184714195149 0.3741861570277854 0.9450863508344016
114.3225566641326 0.9681261703928273 -0.4983640085602762 0.3498902628650603 0.9718575922521067
114.3539725906685 0.9524924816001645 -0.4968272431845016 0.3244298515152622 0.9984924129767432
114.3853885172044 0.9369146308399655 -0.4948095091119765 0.2977764428645083 1.024953239139851
114.4168044437403 0.9214077011673217 -0.4923126072607943 0.269902114829067 1.051199333260993
114.4482203702762 0.9059867117051078 -0.4893388049342785 0.2407797361464538 1.077186618004614
114.4796362968121 0.8906666029175153 -0.4858908344470351 0.210383227542083 1.102867501162674
114.511052223348 0.8754622223575089 -0.4819718896183784 0.1786878531651271 1.128190703575327
114.5424681498839 0.8603883098128808 -0.4775856248667187 0.1456705444912006 1.153101094005153
114.5738840764198 0.8454594833990037 -0.4727361504140231 0.1113102581097922 1.177539532232365
114.6053000029557 0.8306902245037905 -0.4674280312601514 0.07558836937899423 1.201442726769102
114.6367159294915 0.8160948645752306 -0.4616662803444066 0.03848910272764512 1.224743107391032
114.6681318560275 0.8016875700291011 -0.4554563570339329 -5.503170493155164e-15 1.247368722411026
114.6995477825633 0.7874823292298097 -0.4488041599724318 -0.03988757323461609 1.26924316046976
114.7309637090992 0.7734929383294348 -0.4417160228927808 -0.08117788336234812 1.290285507433045
114.7623796356351 0.7597329873882457 -0.434198709351192 -0.1238702476800803 1.310410343014788
114.793795562171 0.7462158479332998 -0.4262594047924049 -0.1679584183469442 1.329527782158759
114.8252114887069 0.7329546587559594 -0.4179057118138881 -0.2134299348144271 1.347543574211724
114.8566274152428 0.7199623134606316 -0.4091456421299936 -0.2602654487358396 1.364359262094073
114.8880433417787 0.7072514474436173 -0.3999876095066972 -0.3084380275007081 1.379872413787532
114.9194592683146 0.6948344260208885 -0.3904404209938714 -0.3579124433845789 1.393976931562559
114.9508751948505 0.6827233314201107 -0.3805132696681681 -0.4086444584498081 1.406563451815057
114.9822911213864 0.6709299510888721 -0.370215725455297 -0.4605801155149311 1.417519839070619
115.0137070479223 0.6594657661383427 -0.3595577258407914 -0.5136550487356735 1.426731783916202
115.0451229744582 0.648341939795978 -0.3485495665156925 -0.5677938292878537 1.4340835118284
115.0765389009941 0.6375693063532639 -0.3372018914089526 -0.62290936322886 1.439458607148622
115.10795482753 0.6271583606500052 -0.3255256821754613 -0.6789023606793364 1.442740955455383
115.1393707540659 0.6171192467325941 -0.3135322483273361 -0.7356608988347868 1.443815808542515
115.1707866806018 0.607461748712385 -0.3012332153372429 -0.7930600982248845 1.442570963359167
115.2022026071377 0.598195280990232 -0.2886405133913711 -0.850961938228139 1.438898056131601
115.2336185336736 0.5893288778600445 -0.2757663664398502 -0.9092152363628757 1.432693962949723
115.2650344602095 0.580871185536855 -0.2626232793961787 -0.9676558105264681 1.423862286283233
115.2964503867454 0.5728304531857333 -0.2492240261020433 -1.0261068506808 1.412314917748685
115.3278663132813 0.5652145243792359 -0.2355816368891098 -1.084379518247725 1.397973651231813
115.3592822398172 0.5580308295870419 -0.221709385477973 -1.142273788386206 1.380771817474658
115.3906981663531 0.5512863786274206 -0.2076207758949549 -1.199579548782194 1.360655910813666
115.422114092889 0.544987753467426 -0.1933295291377435 -1.256077960602456 1.337587171057398
115.4535300194249 0.5391411022991706 -0.1788495692388705 -1.311543078743371 1.311543078743366
115.4849459459608 0.5337521321624837 -0.164195009902629 -1.365743729150093 1.282518728600241
115.5163618724967 0.5288261043028841 -0.149380139958982 -1.418445616672563 1.250528027914624
115.5477777990326 0.524367828470229 -0.1344194092698766 -1.469413646187354 1.215604686519942
115.5791937255685 0.5203816582531714 -0.1193274142259065 -1.518414417272308 1.177802952760482
115.6106096521044 0.5168714864909071 -0.1041188831926871 -1.565218851338547 1.137198061133166
115.6420255786403 0.5138407409309128 -0.0888086618074557 -1.609604899713009 1.093886360263727
115.6734415051762 0.5112923820720999 -0.07341169780857609 -1.651360268815708 1.047985093788176
115.7048574317121 0.5092288988795861 -0.0579430262996996 -1.690285113232503 0.9996318293607698
115.736273358248 0.507652307047348 -0.04241775449175118 -1.726194617612823 0.9489835216227652
115.7676892847839 0.5065641466842273 -0.02685104656469564 -1.758921412067053 0.8962152231088645
115.7991052113198 0.505965480801161 -0.01125810840518624 -1.788317754470703 0.8415184587116028
115.8305211378557 0.5058568940587383 0.004345827697512266 -1.814257424309041 0.7850992944828229
115.8619370643916 0.5062384927058066 0.0199455183912653 -1.836637275286326 0.7271761392878
115.8933529909275 0.5071099037518401 0.03552572460304538 -1.855378414014676 0.6679773314209629
115.9247689174634 0.5084702764088834 0.05107122682833441 -1.870426965784655 0.6077385615485925
115.9561848439993 0.5103182813151909 0.06656684055930034 -1.881754428240502 0.5467001991780801
115.9876007705352 0.5126521134428397 0.08199743145174897 -1.889357589153151 0.4851045780241051
116.0190166970711 0.5154694931342925 0.0973479306027538 -1.893258039393797 0.4231933107624717
116.050432623607 0.5187676685799189 0.1126033496816071 -1.893501292047777 0.3612046893721442
116.0818485501429 0.5225434186107363 0.1277487959773712 -1.890155545774667 0.2993712282438564
116.1132644766788 0.5267930557300958 0.1427694874032322 -1.883310135778992 0.2379173988742298
116.1446804032147 0.5315124301041901 0.1576507672571802 -1.873073719852466 0.1770575963765747
116.1760963297505 0.5366969335896118 0.1723781189410956 -1.859572257573988 0.1169943698193936
116.2075122562864 0.5423415043645571 0.1869371804941879 -1.842946837596025 0.05791693762207629
116.2389281828223 0.5484406319416502 0.2013137589875133 -1.823351410816681 1.784111936747984e-15
116.2703441093582 0.5549883630603645 0.2154938445399291 -1.80095048273475 -0.05659714900129942
116.3017600358941 0.5619783072217265 0.2294636244610866 -1.775916820281292 -0.1117312158181611
116.33317596243 0.5694036430108933 0.2432094970806069 -1.748429215062179 -0.1652752216703039
116.3645918889659 0.5772571256954969 0.2567180848641868 -1.718670341434329 -0.2171185559871439
116.3960078155018 0.5855310935211872 0.2699762481920841 -1.686824750254527 -0.2671667939946512
116.4274237420377 0.594217476158777 0.2829710979338381 -1.653077013282287 -0.3153413053365839
116.4588396685736 0.603307802156527 0.2956900085638797 -1.617610046563841 -0.3615786844075022
116.4902555951095 0.6127932081691284 0.308120630085881 -1.580603616711931 -0.4058300318110168
116.5216715216454 0.6226644469840467 0.3202509007505554 -1.542233044343942 -0.4480601187213383
116.5530874481813 0.6329118971733961 0.332069058607755 -1.502668097317502 -0.4882464617192598
116.5845033747172 0.6435255728072605 0.3435636528911384 -1.462072074074395 -0.5263783360894462
116.6159193012531 0.654495133243166 0.3547235553030029 -1.420601068920116 -0.5624557525134389
116.647335227789 0.6658098932234433 0.3655379710452968 -1.378403407676587 -0.5964884191072006
116.6787511543249 0.6774588337944384 0.3759964490223227 -1.335619239619473 -0.6284947074647795
116.7101670808608 0.6894306136218415 0.3860888914750542 -1.292380272334548 -0.6585006391789842
116.7415830073967 0.7017135791290754 0.3958055649761852 -1.248809637019544 -0.6865389076546523
116.7729989339326 0.7142957775355689 0.4051371080096658 -1.205021860795031 -0.7126479418745005
116.8044148604685 0.727164967267602 0.4140745416727319 -1.161122941159656 -0.7368710252811119
116.8358307870044 0.7403086311410336 0.4226092768496966 -1.11721049773496 -0.7592554702297545
116.8672467135403 0.7537139882446008 0.4307331229767226 -1.073373994635756 -0.7798518555578556
116.8986626400762 0.7673680069643053 0.4384382950927195 -1.029695016217234 -0.7987133267095905
116.9300785666121 0.7812574171598373 0.4457174222743791 -0.9862475873533442 -0.8158949608004461
116.961494493148 0.7953687240950968 0.452563553000856 -0.9430985238750454 -0.8314531930785075
116.9929104196839 0.809688221007007 0.4589701628947501 -0.9003078080039238 -0.8454453061912096
117.0243263462198 0.8242020032995387 0.464931159213096 -0.8579289765807172 -0.8579289765807109
117.0557422727557 0.8388959815343117 0.4704408878155601 -0.8160095184586261 -0.8689618778339501
117.0871581992916 0.8537558956524536 0.4754941374120232 -0.774591272155453 -0.8786013349368589
117.1185741258275 0.8687673290757479 0.4800861436964405 -0.7337108203951713 -0.8869040271064438
117.1499900523634 0.8839157223439973 0.4842125949879984 -0.6933998775671262 -0.8939257356802341
117.1814059788993 0.8991863878486552 0.4878696344672954 -0.6536856654366986 -0.8997211315782486
117.2128219054352 0.9145645241269522 0.4910538632867654 -0.6145912759831844 -0.9043436001020183
117.2442378319711 0.930035229931495 0.4937623450773757 -0.5761360190822646 -0.9078450991197515
117.275653758507 0.9455835191804054 0.4959926064524423 -0.5383357529238588 -0.9102760460017307
117.3070696850429 0.961194335413659 0.4977426392121 -0.5012031972643608 -0.9116852313395449
117.3384856115788 0.9768525663467841 0.4990109024902336 -0.4647482285247754 -0.9121197557176283
117.3699015381147 0.9925430586673567 0.499796322762308 -0.4289781565111622 -0.9116249865077797
117.4013174646506 1.00825063267529 0.5000982952163352 -0.3938979830649857 -0.9102445324024324
117.4327333911865 1.023960097028583 0.4999166818792901 -0.3595106428003702 -0.908020233001617
117.4641493177224 1.039656263417612 0.4992518141710019 -0.3258172264857846 -0.9049921614104554
117.4955652442583 1.055323961242234 0.4981044889733112 -0.2928171876351673 -0.9011986377866867
117.5269811707942 1.070948052315337 0.4964759694228676 -0.2605085330106074 -0.896676252037467
117.5583970973301 1.086513445323984 0.4943679813495849 -0.228887997875354 -0.8914598943042172
117.589813023866 1.102005110445421 0.4917827122403729 -0.1979512066948348 -0.8855827914847775
117.6212289504019 1.117408093908606 0.4887228088037822 -0.1676928202034775 -0.8790765487412255
117.6526448769377 1.132707532131597 0.4851913725768537 -0.1381066697295261 -0.8719711951914402
117.6840608034737 1.147888666213458 0.4811919575888816 -0.1091858794788346 -0.8642952322085108
117.7154767300095 1.162936855625727 0.4767285647150425 -0.08092297777241717 -0.8560756844079976
117.7468926565454 1.177837593010126 0.4718056400661773 -0.05330999783157973 -0.8473381511602768
117.7783085830814 1.192576517154095 0.4664280671935148 -0.02633856916206863 -0.8381068602213503
117.8097245096172 1.207139427191377 0.4606011636118814 -5.275929352271195e-15 -0.8284047206764477
117.8411404361531 1.221512296361047 0.4543306755466433 0.02571464828614326 -0.8182533760350322
117.872556362689 1.235681284700852 0.4476227703735604 0.05081449424437245 -0.8076732574855543
117.9039722892249 1.249632752804554 0.4404840316580924 0.07530877620429298 -0.7966836355471139
117.9353882157608 1.263353274074786 0.4329214510380137 0.0992067983961903 -0.7853026716070772
117.9668041422967 1.276829648654309 0.4249424232997827 0.122517882636187 -0.7735474670689966
117.9982200688326 1.290048914573466 0.4165547364697971 0.1452513253326278 -0.7614341127936752
118.0296359953685 1.302998360669765 0.4077665652477312 0.1674163590539113 -0.7489777358101258
118.0610519219044 1.31566553894213 0.3985864632594299 0.1890221183149693 -0.7361925447309572
118.0924678484403 1.328038275718874 0.3890233536958391 0.2100776093130328 -0.7230918741081713
118.1238837749762 1.340104683410115 0.3790865209083669 0.2305916830232985 -0.7096882266503514
118.1552997015121 1.351853171742207 0.368785601304769 0.2505730114230812 -0.6959933139348723
118.186715628048 1.363272457772842 0.3581305729935969 0.2700300666867891 -0.6820180959330897
118.2181315545839 1.374351578810534 0.3471317485104314 0.2889711022695532 -0.6677728172570471
118.2495474811198 1.385079899987507 0.3357997619252063 0.3074041371684781 -0.6532670443590917
118.2809634076557 1.395447125721521 0.3241455601637441 0.3253369413798551 -0.6385096989810116
118.3123793341916 1.405443309696671 0.3121803926437477 0.3427770232907377 -0.6235090906889703
118.3437952607275 1.415058862659774 0.2999157992048248 0.3597316190745309 -0.6082729487210722
118.3752111872634 1.424284563406925 0.2873636006843051 0.3762076826117389 -0.5928084507792208
118.4066271137993 1.433111564882056 0.27453588575441 0.3922118777252251 -0.5771222524065197
118.4380430403352 1.441531405682716 0.2614450016957004 0.4077505699670089 -0.5612205125644105
118.4694589668711 1.449536014669741 0.248103540444392 0.4228298210256051 -0.5451089206332814
118.500874893407 1.457117720974876 0.2345243282785882 0.4374553823435934 -0.5287927198224461
118.5322908199429 1.464269259707472 0.2207204128085288 0.4516326904627894 -0.5122767309752324
118.5637067464788 1.470983779208842 0.2067050509885235 0.4653668623707531 -0.4955653744961618
118.5951226730147 1.477254847624119 0.1924916967232891 0.4786626913587638 -0.4786626913587725
118.6265385995506 1.483076458837726 0.1780939881819754 0.4915246433030852 -0.461572363211238
118.6579545260865 1.488443036962996 0.1635257346182886 0.5039568535729622 -0.444297731858782
118.6893704526224 1.493349443869485 0.1488009043308113 0.5159631229910093 -0.4268418168068118
118.7207863791583 1.497790981952362 0.1339336108282601 0.5275469153551227 -0.4092073333583954
118.7522023056942 1.501763398042472 0.1189380996568568 0.5387113545512492 -0.3913967094008577
118.7836182322301 1.505262890580638 0.103828735969417 0.5494592203462326 -0.3734121005503062
118.815034158766 1.508286109339968 0.08861999013412732 0.5597929466256886 -0.3552554065577617
118.8464500853019 1.510830160541492 0.07332642483308931 0.5697146174891308 -0.3369282855512603
118.8778660118378 1.512892609405767 0.05796268145884778 0.57922596395527 -0.3184321683552582
118.9092819383737 1.514471482295287 0.04254346647547239 0.5883283604904743 -0.2997682723292347
118.9406978649096 1.515565268145053 0.0270835377342881 0.5970228214410475 -0.280937614838721
118.9721137914455 1.516172919650423 0.01159769082562699 0.6053099971575681 -0.2619410263087623
119.0035297179814 1.516293856351912 -0.00389925457917517 0.6131901689064561 -0.2427791625894733
119.0349456445173 1.515927961373831 -0.01939246856537111 0.6206632458322979 -0.2234525181119554
119.0663615710532 1.515075585749663 -0.03486712467671162 0.62772875838044 -0.2039614374896315
119.0977774975891 1.513737545017234 -0.05030841366208522 0.6343858542968297 -0.1843061282040479
119.1291934241249 1.511915119050474 -0.06570155712042317 0.6406332927849329 -0.1644866725858587
119.1606093506609 1.509610052617076 -0.081031821414112 0.6464694377510861 -0.144503039720994
119.1920252771967 1.506824551671081 -0.09628453113413696 0.6518922522461709 -0.1243550978632013
119.2234412037326 1.503561282278971 -0.1114450828131288 0.6568992911935606 -0.1040426265852804
119.2548571302685 1.499823368016843 -0.1264989584820946 0.6614876941318172 -0.08356532924942445
119.2862730568044 1.495614386407142 -0.1414317389776762 0.6656541777420857 -0.06292284573738925
119.3176889833403 1.490938367451694 -0.1562291178517819 0.6693950267938271 -0.04211476537198209
119.3491049098762 1.485799787864259 -0.1708769141754375 0.6727060863310914 -0.02114064043802185
119.3805208364121 1.480203568164511 -0.1853610861175139 0.6755827519319014 -7.944235135808044e-15
119.411936762948 1.474155066385454 -0.1996677433960958 0.6780199608284531 0.02130763567170024
119.4433526894839 1.467660076353023 -0.2137831615503747 0.6800121802783249 0.04278274005063386
119.4747686160198 1.460724818727888 -0.2276937933630051 0.6815533985861164 0.06442576460120955
119.5061845425557 1.453355937746973 -0.2413862826402942 0.6826371128689085 0.08623712217297126
119.5376004690916 1.445560493458166 -0.2548474760274124 0.6832563182688568 0.1082171695672135
119.5690163956275 1.437345956166715 -0.2680644359048414 0.6834034955289203 0.1303661890039606
119.6004323221634 1.428720199187555 -0.2810244524865124 0.6830705987734373 0.1526843685142757
119.6318482486993 1.419691490620628 -0.2937150552362122 0.6822490432095296 0.1751717811988332
119.6632641752352 1.41026848709159 -0.3061240256215058 0.6809296913790969 0.1978283628918049
119.6946801017711 1.400460225172195 -0.3182394084832603 0.6791028400526111 0.2206538885007909
119.726096028307 1.390276112177615 -0.3300495228295925 0.6767582070301914 0.2436479468202269
119.7575119548429 1.379725918453656 -0.3415429738535432 0.6738849168900966 0.2668099133031085
119.7889278813788 1.368819766671465 -0.3527086624796946 0.6704714879415212 0.2901389213574211
119.8203438079147 1.357568124764595 -0.3635357982527915 0.6665058172479705 0.3136338308170726
119.8517597344506 1.345981793897993 -0.374013907734125 0.6619751680355159 0.3372931950474446
119.8831756609865 1.334071899351081 -0.3841328455907805 0.6568661557672544 0.3611152250010285
119.9145915875224 1.321849879486529 -0.3938828038079764 0.6511647353921192 0.3850977510003606
119.9460075140583 1.309327475867369 -0.4032543222933045 0.6448561884357354 0.4092381813220857
119.9774234405942 1.296516721727473 -0.4122382976855347 0.6379251115038216 0.4335334580977908
120.0088393671301 1.283429929709789 -0.4208259909469519 0.6303554059689727 0.4579800101945487
120.040255293666 1.270079682255975 -0.4290090388617294 0.6221302674271461 0.4825737016470471
120.0716712202019 1.256478817965143 -0.4367794598790026 0.6132321784967552 0.5073097776379459
120.1030871467378 1.242640420065576 -0.4441296629107154 0.603642902257177 0.5321828057779988
120.1345030732737 1.228577804150313 -0.4510524552115827 0.5933434780921903 0.5571866133477166
120.1659189998096 1.214304505606995 -0.4575410498702714 0.5823142201330266 0.5823142201330097
120.1973349263455 1.199834265999755 -0.4635890710326095 0.5705347191083036 0.6075577670004313
120.2287508528814 1.18518102136944 -0.4691905634504596 0.5579838466865888 0.6329084385469842
120.2601667794173 1.170358887504896 -0.4743399952240111 0.544639765249802 0.658356381962852
120.2915827059532 1.155382147859046 -0.4790322670686456 0.5304799410209997 0.6838906190820617
120.3229986324891 1.140265238865133 -0.4832627148996035 0.5154811637312392 0.7094989541031089
120.354414559025 1.125022736546305 -0.4870271157250352 0.4996195717587613 0.7351678747521181
120.3858304855609 1.109669342814197 -0.490321693261647 0.4828706843608983 0.760882447523278
120.4172464120968 1.094219870912063 -0.4931431201080755 0.4652094421627389 0.7866262072964211
120.4486623386327 1.078689231735817 -0.4954885239059934 0.4466102561592106 0.8123810401200713
120.4800782651686 1.063092419122024 -0.4973554887938644 0.42704706719147 0.8381270604151461
120.5114941917045 1.047444495570109 -0.4987420586963379 0.4064934164681798 0.8638424816710988
120.5429101182404 1.031760577818981 -0.499646740471885 0.3849225287074833 0.8895034811506436
120.5743260447763 1.016055822209458 -0.5000685054075911 0.3623074093352296 0.9150840589313379
120.6057419713122 1.000345410074138 -0.5000067912271537 0.3386209571553681 0.9405558914740227
120.6371578978481 0.9846445331050151 -0.499461501697152 0.313836094128798 0.9658881802715695
120.668573824384 0.9689683786032901 -0.4984330103614604 0.2879259139925507 0.9910474963704677
120.6999897509199 0.9533321148413769 -0.4969221576829399 0.2608638514252037 1.01599762144779
120.7314056774558 0.9377508762871949 -0.4949302526840789 0.2326238736883186 1.04069938681653
120.7628216039916 0.9222397490328222 -0.4924590710768105 0.2031806965404048 1.065110511403176
120.7942375305276 0.9068137559070059 -0.489510855657772 0.1725100264758997 1.089185440958867
120.8256534570634 0.8914878421773201 -0.4860883127725582 0.1405888309796874 1.112875189516204
120.8570693835993 0.8762768605493194 -0.4821946124418219 0.1073956389302891 1.136127186993141
120.8884853101352 0.8611955572181244 -0.4778333834684688 0.07291087256899988 1.158885133653204
120.9199012366711 0.8462585568702891 -0.4730087127630473 0.03711721296420206 1.181088867286847
120.951317163207 0.8314803489479096 -0.4677251399079962 3.534098359672902e-15 1.202674243913668
120.9827330897429 0.8168752731657343 -0.4619876543357953 -0.03845233184302065 1.223573038870701
121.0141490162788 0.802457505141205 -0.4558016915801061 -0.07824778150495391 1.243712872063741
121.0455649428147 0.7882410432996734 -0.4491731264893623 -0.1193902729608791 1.263017160887152
121.0769808693506 0.7742396942102965 -0.4421082700819818 -0.1618791112126201 1.281405111018506
121.1083967958865 0.7604670598112763 -0.4346138620888774 -0.2057084038315136 1.298791746272681
121.1398127224224 0.7469365232604029 -0.4266970662733778 -0.2508664508301073 1.315087989593779
121.1712286489583 0.7336612363614099 -0.4183654626600276 -0.2973351058840417 1.330200797821627
121.2026445754942 0.7206541063204547 -0.4096270410123982 -0.3450891141585546 1.34403336168313
121.2340605020301 0.7079277828024769 -0.4004901936062689 -0.3940954329194191 1.356485377470884
121.265476428566 0.6954946457220685 -0.3909637068747623 -0.4443125425561288 1.367453397585482
121.2968923551019 0.683366792945757 -0.3810567531975321 -0.495689758036252 1.376831269336947
121.3283082816378 0.6715560281601698 -0.3707788823634561 -0.5481665523771907 1.384510669103091
121.3597242081737 0.6600738491844704 -0.3601400124032925 -0.6016719055382245 1.390381738070494
121.3911401347096 0.6489314365663216 -0.3491504200505532 -0.6561236943890331 1.394333825548214
121.4225560612455 0.6381396428512975 -0.3378207304914599 -0.7114281408862908 1.396256343215458
121.4539719877814 0.6277089809238635 -0.3261619079322083 -0.7674793395383065 1.396039736047931
121.4853879143173 0.6176496142679874 -0.3141852442376914 -0.824158882303622 1.393576563670426
121.5168038408532 0.6079713467303706 -0.30190234808465 -0.8813356054699539 1.388762694233463
121.5482197673891 0.598683612541922 -0.2893251337976523 -0.9388654809935337 1.381498602847853
121.579635693925 0.5897954668145067 -0.2764658097192287 -0.9965916751905703 1.371690763824379
121.6110516204609 0.5813155769235377 -0.2633368659220655 -1.054344796498692 1.359253121269154
121.6424675469968 0.5732522134613688 -0.2499510621920071 -1.111943355438345 1.344108622142654
121.6738834735327 0.5656132419914787 -0.2363214153964935 -1.169194453431146 1.326190785402026
121.7052994000686 0.5584061155746386 -0.2224611863968317 -1.225894715039496 1.305445279142864
121.7367153266045 0.5516378669004822 -0.2083838671508939 -1.281831476072524 1.281831476072538
121.7681312531404 0.5453151008901722 -0.1941031674440139 -1.336784230312787 1.255323949054844
121.7995471796763 0.5394439894041317 -0.1796330006605115 -1.390526327782462 1.22591386374357
121.8309631062122 0.5340302632209269 -0.1649874707173541 -1.442826925441544 1.193610238311512
121.8623790327481 0.529079207802495 -0.1501808573484163 -1.49345315545013 1.158441013395056
121.893794959284 0.5245956573086001 -0.1352276021252553 -1.542172496290845 1.120453904075516
121.9252108858199 0.5205839898738013 -0.1201422939570664 -1.588755302434604 1.079716988585043
121.9566268123558 0.5170481230053873 -0.1049396545254729 -1.632977450134198 1.036319002309619
121.9880427388917 0.5139915101934585 -0.08963452339584589 -1.674623043248277 0.9903693069925801
122.0194586654276 0.5114171367165089 -0.07424184329267534 -1.713487126516879 0.9419975192750882
122.0508745919635 0.5093275169504472 -0.05877664499915712 -1.749378336209258 0.8913527830928468
122.0822905184994 0.5077246924646887 -0.04325403219160734 -1.782121425045617 0.838602687409549
122.1137064450353 0.5066102285723326 -0.02768916642102176 -1.811559605241855 0.7839318439226448
122.1451223715711 0.5059852139960851 -0.01209725170402923 -1.837556632426497 0.7275401385296973
122.1765382981071 0.505850259589972 0.003506480710890743 -1.85999858874616 0.6696406966754558
122.2079542246429 0.5062054967057451 0.01910678767303519 -1.878795316298185 0.6104576034554345
122.2393701511788 0.5070505789471581 0.03468842946294869 -1.893881449994394 0.5502234246897729
122.2707860777147 0.5083846801514165 0.05023618519583291 -1.90521705107272 0.4891765957439789
122.3022020042506 0.5102064975232081 0.06573486803208882 -1.912787796071441 0.427558728584449
122.3336179307865 0.5125142512934532 0.08116934056262186 -1.916604754403706 0.3656119105231248
122.3650338573224 0.5153056874280805 0.09652452994970004 -1.916703744382767 0.3035760498220117
122.3964497838583 0.5185780792302748 0.1117854431804667 -1.913144309507011 0.2416863314977581
122.4278657103942 0.5223282306245424 0.1269371820461725 -1.906008341560817 0.1801708347373622
122.4592816369301 0.5265524794198475 0.1419649580537239 -1.89539840269652 0.1192483598187727
122.490697563466 0.5312467003892533 0.1568541074182022 -1.881435799287556 0.05912650197191442
122.5221134900019 0.5364063098679037 0.1715901056553435 -1.864258457821388 -1.096560277446278e-14
122.5535294165378 0.5420262703668306 0.1861585821034775 -1.844018666640068 -0.057950621206724
122.5849453430737 0.548101095323187 0.2005453344105599 -1.820880740695815 -0.1145601059094471
122.6163612696096 0.5546248553917673 0.2147363423838729 -1.795018659774724 -0.1696792208348399
122.6477771961455 0.5615911830647161 0.2287177825430741 -1.766613741868789 -0.223175215964634
122.6791931226814 0.5689932802780525 0.2424760413543814 -1.735852381441974 -0.2749320079206999
122.7106090492173 0.5768239245847461 0.2559977290506357 -1.702923906001011 -0.3248501086715867
122.7420249757532 0.5850754768528296 0.269269692656924 -1.66801857289984 -0.3728463250074032
122.7734409022891 0.5937398881660596 0.2822790294598274 -1.631325737808157 -0.4188532590138268
122.804856828825 0.6028087086685104 0.2950130992843068 -1.59303220386124 -0.4628186388605094
122.8362727553609 0.6122730956942873 0.3074595371270146 -1.553320769740347 -0.5047045126562865
122.8676886818968 0.6221238225218928 0.3196062653793121 -1.512368976870544 -0.5444863353281514
122.8991046084327 0.6323512876325186 0.3314415056515628 -1.47034805506489 -0.5821519776814384
122.9305205349686 0.642945524310149 0.3429537902831393 -1.427422061408229 -0.6177006847677918
122.9619364615045 0.6538962109569015 0.3541319731516228 -1.383747202238578 -0.6511420076008603
122.9933523880404 0.6651926804695671 0.3649652413543599 -1.339471329659554 -0.6824947313296628
123.0247683145763 0.676823931674341 0.3754431249314856 -1.294733591757071 -0.7117858154187098
123.0561842411122 0.6887786400579108 0.3855555071336213 -1.249664227293081 -0.7390493638240062
123.0876001676481 0.7010451689323818 0.3952926342329205 -1.204384486077897 -0.7643256365278115
123.119016094184 0.7136115808213689 0.404645125092076 -1.159006659228531 -0.7876601122492515
123.1504320207199 0.7264656497126245 0.4136039795837639 -1.11363420238105 -0.8091026086711539
123.1818479472558 0.7395948728543977 0.4221605875189752 -1.068361938916871 -0.8287064664030253
123.2132638737917 0.7529864831914137 0.4303067367122301 -1.023276326966843 -0.8465277982774247
123.2446798003276 0.7666274622862971 0.4380346201712212 -0.9784557774560007 -0.862624805210389
123.2760957268635 0.7805045525284147 0.4453368444580876 -0.9339710128018526 -0.8770571596425868
123.3075116533994 0.7946042707546072 0.4522064356697278 -0.8898854526858149 -0.8898854526858203
123.3389275799353 0.8089129216313186 0.4586368455265404 -0.8462556198857389 -0.9011707044453049
123.3703435064712 0.82341661044182 0.4646219588233038 -0.8031315581171086 -0.9109739348444491
123.4017594330071 0.8381012575551298 0.4701560972185773 -0.7605572524830213 -0.9193557888500141
123.433175359543 0.8529526117281957 0.4752340254747583 -0.7185710498161776 -0.9263762154086475
123.4645912860789 0.8679562642993061 0.4798509555923362 -0.6772060718600721 -0.9320941937414996
123.4960072126148 0.8830976633020399 0.484002550933842 -0.6364906184333162 -0.9365675039632397
123.5274231391507 0.8983621277254589 0.4876849297643722 -0.59644855726015 -0.9398525376840414
123.5588390656866 0.9137348615767641 0.4908946697407707 -0.5570996983435162 -0.9420041449645756
123.5902549922225 0.9292009688549651 0.4936288084479681 -0.5184601504402001 -0.9430755126350254
123.6216709187584 0.9447454675711633 0.4958848480076279 -0.4805426597141578 -0.9431180722984044
123.6530868452943 0.9603533046843299 0.4976607551627507 -0.4433569286305878 -0.942181432658718
123.6845027718302 0.9760093705603757 0.4989549636481002 -0.4069099156361211 -0.9403133344478546
123.7159186983661 0.9916985136808538 0.4997663754066444 -0.3712061151713605 -0.9375596242826157
123.747334624902 1.007405555438884 0.5000943591966478 -0.33624781838504 -0.9339642449602363
123.7787505514378 1.023115304715679 0.499938753555848 -0.3020353551067612 -0.9295692400569113
123.8101664779738 1.038812572660226 0.4992998632473217 -0.2685673175140528 -0.9244147702388612
123.8415824045096 1.05448218739122 0.4981784612449378 -0.2358407663387121 -0.9185391395988347
123.8729983310455 1.070109008518062 0.4965757845222508 -0.203851420425521 -0.9119788303532189
123.9044142575815 1.085677941912757 0.4944935349485627 -0.1725938304094026 -0.9047685439736275
123.9358301841173 1.101173954074571 0.4919338750990758 -0.1420615375630693 -0.8969412479658508
123.9672461106532 1.116582086761036 0.4888994269417004 -0.1122472185881655 -0.8885282265206222
123.9986620371891 1.131887471163422 0.4853932675810898 -0.08314281738783486 -0.8795591346017646
124.030077963725 1.147075342300744 0.48141892651473 -0.05473966461817072 -0.8700620540116237
124.0614938902609 1.162131053185104 0.4769803816258407 -0.02702858596888926 -0.8600635510309615
124.0929098167968 1.177040088558797 0.4720820539476833 4.177560869407409e-16 -0.8495887350994388
124.1243257433327 1.191788079314461 0.4667288046146667 0.0263559936731237 -0.8386613171535219
124.1557416698686 1.206360815758245 0.4609259281916751 0.05204953502228167 -0.827303668513945
124.1871575964045 1.220744260850435 0.454679146620194 0.07709093242260638 -0.8155368790425606
124.2185735229404 1.234924564692745 0.4479946058485076 0.1014905988168439 -0.8033808134356136
124.2499894494763 1.24888807654688 0.4408788667728469 0.1252589947633735 -0.790854167913952
124.2814053760122 1.262621358185256 0.433338899536077 0.1484065776101241 -0.7779745244770085
124.3128213025481 1.27611119714133 0.4253820772618193 0.1709437562221943 -0.7647584035975391
124.344237229084 1.289344618487664 0.4170161672552333 0.1928808509369315 -0.751221316039408
124.3756531556199 1.302308897037088 0.4082493232735094 0.2142280580851095 -0.7373778124849889
124.4070690821558 1.314991570474733 0.39909007899326 0.234995418459899 -0.7232415307056353
124.4384850086917 1.327380450084217 0.3895473379458504 0.2551927898469425 -0.7088252421485745
124.4699009352276 1.339463632629147 0.3796303653109823 0.2748298227120222 -0.6941408958325027
124.5013168617635 1.351229511157857 0.3693487783462343 0.2939159390431469 -0.6791996608315397
124.5327327882994 1.362666786742511 0.3587125379199353 0.3124603136346368 -0.6640119662922391
124.5641487148353 1.373764478335261 0.3477319379208755 0.3304718580943948 -0.6485875404698958
124.5955646413712 1.384511933667257 0.3364175958863571 0.3479592066972346 -0.6329354473115502
124.6269805679071 1.394898838790052 0.3247804422742554 0.3649307043598358 -0.617064121833064
124.658396494443 1.404915227827472 0.3128317100474868 0.3813943961640927 -0.6009814035596039
124.6898124209789 1.414551492660402 0.3005829241694661 0.3973580182613221 -0.5846945682543077
124.7212283475148 1.423798391286446 0.2880458900714057 0.4128289903189049 -0.5682103585213222
124.7526442740507 1.43264705755893 0.2752326831850413 0.4278144085936323 -0.5515350122046269
124.7840602005866 1.44108900782611 0.2621556362953473 0.4423210407455966 -0.5346742904785018
124.8154761271225 1.449116150926083 0.2488273292053931 0.4563553203799606 -0.5176335031191887
124.8468920536584 1.456720793042099 0.2352605751774259 0.4699233437171803 -0.5004175343025716
124.8783079801943 1.46389564818621 0.2214684107458823 0.4830308649818466 -0.4830308649818487
124.9097239067302 1.470633841798636 0.2074640816600796 0.49568329430652 -0.4654775964433641
124.9411398332661 1.476928919714196 0.1932610317512556 0.5078856941711291 -0.4477614707765511
124.972555759802 1.482774852233483 0.1788728893766306 0.5196427776038747 -0.42988589183891
125.0039716863379 1.488166041182321 0.1643134552866243 0.5309589054645601 -0.4118539441781842
125.0353876128738 1.493097323737751 0.1495966891762027 0.5418380848407701 -0.3936684119298033
125.0668035394097 1.497563978234027 0.1347366970445532 0.5522839666922787 -0.3753317961847359
125.0982194659456 1.501561729078398 0.1197477181157296 0.5622998436569296 -0.356846331790749
125.1296353924815 1.505086748765358 0.1046441110291696 0.5718886487506579 -0.3382140040552131
125.1610513190173 1.50813566343064 0.08944034101816786 0.5810529525244914 -0.3194365638206961
125.1924672455533 1.51070555465596 0.07415096612888888 0.5897949613293643 -0.3005155427808939
125.2238831720891 1.512793962894659 0.05879062385288412 0.5981165146472892 -0.2814522677961882
125.255299098625 1.514398889636245 0.04337401749027413 0.6060190825314321 -0.2622478749506909
125.286715025161 1.5155187981003 0.0279159024247752 0.6135037632352207 -0.2429033233676265
125.3181309516968 1.516152617486674 0.01243107266612746 0.6205712789744878 -0.2234194080057884
125.3495468782328 1.516299740997721 -0.003065653120116528 0.6272219737169931 -0.2037967731707241
125.3809628047686 1.515960027466734 -0.01855944520725755 0.6334558090437605 -0.1840359250800603
125.4123787313045 1.515133802823058 -0.03403547662292454 0.6392723595262196 -0.1641372443156434
125.4437946578404 1.513821856549604 -0.04947893676135971 0.6446708096572978 -0.1441009987091545
125.4752105843763 1.512025445058048 -0.0648750453294426 0.649649947320151 -0.1239273553220734
125.5066265109122 1.509746287432239 -0.08020906587949786 0.654208159885583 -0.1036163932592315
125.5380424374481 1.506986564798084 -0.09546631950721675 0.6583434281959962 -0.08316811608807829
125.569458363984 1.50374891850967 -0.1106321985136581 0.6620533204371357 -0.06258246450597116
125.6008742905199 1.500036447822656 -0.1256921800294412 0.6653349856111389 -0.04185932923194206
125.6322902170558 1.495852705990552 -0.1406318392627218 0.6681851470822855 -0.02099856419842797
125.6637061435917 1.491201698935789 -0.1554368634289794 0.6706000943491817 -3.284993036210554e-15
