# Newtonian circular orbit
# eps = 0
# phi u u_prime x y
0 1 0 1 0
0.03141592653589793 1 0 0.9995065603657316 0.03141075907812829
0.06283185307179587 1 0 0.9980267284282716 0.06279051952931337
0.09424777960769379 1 0 0.99556196460308 0.09410831331851431
0.1256637061435917 1 0 0.9921147013144779 0.1253332335643043
0.1570796326794897 1 0 0.9876883405951378 0.1564344650402309
0.1884955592153876 1 0 0.9822872507286887 0.1873813145857246
0.2199114857512855 1 0 0.9759167619387474 0.2181432413965425
0.2513274122871835 1 0 0.9685831611286311 0.2486898871648548
0.2827433388230814 1 0 0.9602936856769431 0.2789911060392293
0.3141592653589793 1 0 0.9510565162951535 0.3090169943749474
0.3455751918948773 1 0 0.9408807689542255 0.3387379202452914
0.3769911184307752 1 0 0.9297764858882515 0.3681245526846779
0.4084070449666731 1 0 0.9177546256839811 0.3971478906347806
0.439822971502571 1 0 0.9048270524660196 0.4257792915650727
0.471238898038469 1 0 0.8910065241883679 0.4539904997395468
0.5026548245743669 1 0 0.8763066800438636 0.4817536741017153
0.5340707511102648 1 0 0.8607420270039436 0.5090414157503713
0.5654866776461628 1 0 0.8443279255020151 0.5358267949789967
0.5969026041820608 1 0 0.8270805742745618 0.5620833778521306
0.6283185307179586 1 0 0.8090169943749475 0.5877852522924731
0.6597344572538566 1 0 0.7901550123756904 0.6129070536529765
0.6911503837897546 1 0 0.7705132427757891 0.6374239897486897
0.7225663103256524 1 0 0.7501110696304596 0.6613118653236518
0.7539822368615503 1 0 0.7289686274214116 0.6845471059286886
0.7853981633974483 1 0 0.7071067811865476 0.7071067811865475
0.8168140899333461 1 0 0.6845471059286888 0.7289686274214114
0.8482300164692441 1 0 0.6613118653236519 0.7501110696304595
0.8796459430051421 1 0 0.6374239897486897 0.7705132427757891
0.91106186954104 1 0 0.6129070536529766 0.7901550123756903
0.9424777960769379 1 0 0.5877852522924732 0.8090169943749473
0.9738937226128359 1 0 0.5620833778521306 0.8270805742745618
1.005309649148734 1 0 0.5358267949789967 0.8443279255020151
1.036725575684632 1 0 0.5090414157503714 0.8607420270039435
1.06814150222053 1 0 0.4817536741017154 0.8763066800438635
1.099557428756428 1 0 0.4539904997395468 0.8910065241883679
1.130973355292326 1 0 0.4257792915650727 0.9048270524660196
1.162389281828223 1 0 0.3971478906347808 0.917754625683981
1.193805208364122 1 0 0.3681245526846779 0.9297764858882515
1.225221134900019 1 0 0.3387379202452915 0.9408807689542255
1.256637061435917 1 0 0.3090169943749475 0.9510565162951535
1.288052987971815 1 0 0.2789911060392293 0.9602936856769431
1.319468914507713 1 0 0.2486898871648547 0.9685831611286312
1.350884841043611 1 0 0.2181432413965427 0.9759167619387473
1.382300767579509 1 0 0.1873813145857245 0.9822872507286887
1.413716694115407 1 0 0.1564344650402309 0.9876883405951378
1.445132620651305 1 0 0.1253332335643043 0.9921147013144779
1.476548547187203 1 0 0.09410831331851428 0.99556196460308
1.507964473723101 1 0 0.06279051952931351 0.9980267284282716
1.539380400258999 1 0 0.0314107590781284 0.9995065603657316
1.570796326794897 1 0 6.123233995736766e-17 1
1.602212253330795 1 0 -0.03141075907812828 0.9995065603657316
1.633628179866692 1 0 -0.06279051952931318 0.9980267284282716
1.66504410640259 1 0 -0.09410831331851439 0.99556196460308
1.696460032938488 1 0 -0.1253332335643041 0.9921147013144779
1.727875959474386 1 0 -0.1564344650402308 0.9876883405951378
1.759291886010284 1 0 -0.1873813145857246 0.9822872507286887
1.790707812546182 1 0 -0.2181432413965426 0.9759167619387474
1.82212373908208 1 0 -0.2486898871648546 0.9685831611286312
1.853539665617978 1 0 -0.2789911060392294 0.9602936856769431
1.884955592153876 1 0 -0.3090169943749473 0.9510565162951536
1.916371518689774 1 0 -0.3387379202452914 0.9408807689542255
1.947787445225672 1 0 -0.368124552684678 0.9297764858882513
1.97920337176157 1 0 -0.3971478906347807 0.9177546256839811
2.010619298297468 1 0 -0.4257792915650728 0.9048270524660195
2.042035224833366 1 0 -0.4539904997395467 0.8910065241883679
2.073451151369263 1 0 -0.481753674101715 0.8763066800438637
2.104867077905161 1 0 -0.5090414157503713 0.8607420270039436
2.136283004441059 1 0 -0.5358267949789964 0.8443279255020152
2.167698930976957 1 0 -0.5620833778521306 0.8270805742745618
2.199114857512855 1 0 -0.587785252292473 0.8090169943749475
2.230530784048753 1 0 -0.6129070536529763 0.7901550123756905
2.261946710584651 1 0 -0.6374239897486896 0.7705132427757893
2.293362637120549 1 0 -0.661311865323652 0.7501110696304594
2.324778563656447 1 0 -0.6845471059286884 0.7289686274214119
2.356194490192345 1 0 -0.7071067811865475 0.7071067811865476
2.387610416728243 1 0 -0.7289686274214117 0.6845471059286885
2.419026343264141 1 0 -0.7501110696304596 0.6613118653236518
2.450442269800039 1 0 -0.7705132427757891 0.6374239897486899
2.481858196335937 1 0 -0.7901550123756904 0.6129070536529764
2.513274122871834 1 0 -0.8090169943749473 0.5877852522924732
2.544690049407732 1 0 -0.8270805742745617 0.5620833778521308
2.57610597594363 1 0 -0.8443279255020151 0.5358267949789967
2.607521902479528 1 0 -0.8607420270039435 0.5090414157503714
2.638937829015426 1 0 -0.8763066800438636 0.4817536741017152
2.670353755551324 1 0 -0.8910065241883678 0.4539904997395469
2.701769682087222 1 0 -0.9048270524660194 0.4257792915650729
2.73318560862312 1 0 -0.9177546256839811 0.3971478906347806
2.764601535159018 1 0 -0.9297764858882515 0.3681245526846777
2.796017461694916 1 0 -0.9408807689542253 0.3387379202452917
2.827433388230814 1 0 -0.9510565162951535 0.3090169943749475
2.858849314766712 1 0 -0.9602936856769431 0.2789911060392291
2.89026524130261 1 0 -0.9685831611286311 0.2486898871648548
2.921681167838508 1 0 -0.9759167619387473 0.2181432413965427
2.953097094374406 1 0 -0.9822872507286887 0.1873813145857245
2.984513020910303 1 0 -0.9876883405951377 0.156434465040231
3.015928947446201 1 0 -0.9921147013144778 0.1253332335643045
3.047344873982099 1 0 -0.99556196460308 0.09410831331851435
3.078760800517997 1 0 -0.9980267284282716 0.06279051952931358
3.110176727053895 1 0 -0.9995065603657316 0.03141075907812824
3.141592653589793 1 0 -1 1.224646799147353e-16
3.173008580125691 1 0 -0.9995065603657316 -0.03141075907812799
3.204424506661589 1 0 -0.9980267284282716 -0.06279051952931333
3.235840433197487 1 0 -0.99556196460308 -0.09410831331851455
3.267256359733385 1 0 -0.9921147013144779 -0.1253332335643039
3.298672286269283 1 0 -0.9876883405951378 -0.1564344650402308
3.330088212805181 1 0 -0.9822872507286886 -0.1873813145857248
3.361504139341079 1 0 -0.9759167619387474 -0.2181432413965425
3.392920065876976 1 0 -0.9685831611286312 -0.2486898871648546
3.424335992412875 1 0 -0.9602936856769431 -0.2789911060392293
3.455751918948772 1 0 -0.9510565162951536 -0.3090169943749473
3.487167845484671 1 0 -0.9408807689542255 -0.3387379202452915
3.518583772020568 1 0 -0.9297764858882515 -0.3681245526846779
3.549999698556466 1 0 -0.9177546256839813 -0.3971478906347804
3.581415625092364 1 0 -0.9048270524660195 -0.4257792915650727
3.612831551628262 1 0 -0.8910065241883679 -0.4539904997395467
3.64424747816416 1 0 -0.8763066800438637 -0.481753674101715
3.675663404700058 1 0 -0.8607420270039436 -0.5090414157503713
3.707079331235956 1 0 -0.844327925502015 -0.5358267949789968
3.738495257771854 1 0 -0.8270805742745621 -0.5620833778521303
3.769911184307752 1 0 -0.8090169943749475 -0.587785252292473
3.80132711084365 1 0 -0.7901550123756903 -0.6129070536529766
3.832743037379548 1 0 -0.7705132427757893 -0.6374239897486896
3.864158963915445 1 0 -0.7501110696304597 -0.6613118653236517
3.895574890451344 1 0 -0.7289686274214116 -0.6845471059286887
3.926990816987241 1 0 -0.7071067811865477 -0.7071067811865474
3.95840674352314 1 0 -0.6845471059286886 -0.7289686274214116
3.989822670059037 1 0 -0.6613118653236519 -0.7501110696304595
4.021238596594936 1 0 -0.6374239897486896 -0.7705132427757894
4.052654523130833 1 0 -0.6129070536529765 -0.7901550123756904
4.084070449666731 1 0 -0.5877852522924732 -0.8090169943749473
4.115486376202629 1 0 -0.5620833778521309 -0.8270805742745616
4.146902302738527 1 0 -0.5358267949789971 -0.8443279255020147
4.178318229274425 1 0 -0.5090414157503712 -0.8607420270039438
4.209734155810323 1 0 -0.4817536741017153 -0.8763066800438636
4.241150082346221 1 0 -0.4539904997395469 -0.8910065241883678
4.272566008882118 1 0 -0.4257792915650729 -0.9048270524660194
4.303981935418016 1 0 -0.3971478906347811 -0.9177546256839809
4.335397861953915 1 0 -0.3681245526846778 -0.9297764858882515
4.366813788489813 1 0 -0.3387379202452914 -0.9408807689542255
4.39822971502571 1 0 -0.3090169943749476 -0.9510565162951535
4.429645641561608 1 0 -0.2789911060392296 -0.960293685676943
4.461061568097506 1 0 -0.2486898871648553 -0.968583161128631
4.492477494633405 1 0 -0.2181432413965424 -0.9759167619387474
4.523893421169302 1 0 -0.1873813145857246 -0.9822872507286887
4.5553093477052 1 0 -0.1564344650402311 -0.9876883405951377
4.586725274241099 1 0 -0.1253332335643037 -0.9921147013144779
4.618141200776996 1 0 -0.09410831331851485 -0.99556196460308
4.649557127312893 1 0 -0.06279051952931408 -0.9980267284282716
4.680973053848792 1 0 -0.03141075907812829 -0.9995065603657316
4.71238898038469 1 0 -1.83697019872103e-16 -1
4.743804906920587 1 0 0.03141075907812794 -0.9995065603657316
4.775220833456486 1 0 0.06279051952931372 -0.9980267284282716
4.806636759992383 1 0 0.0941083133185136 -0.9955619646030801
4.838052686528282 1 0 0.1253332335643042 -0.9921147013144779
4.869468613064179 1 0 0.1564344650402307 -0.9876883405951378
4.900884539600077 1 0 0.1873813145857243 -0.9822872507286887
4.932300466135976 1 0 0.2181432413965429 -0.9759167619387473
4.963716392671873 1 0 0.248689887164855 -0.9685831611286311
4.99513231920777 1 0 0.2789911060392284 -0.9602936856769433
5.026548245743669 1 0 0.3090169943749472 -0.9510565162951536
5.057964172279567 1 0 0.338737920245291 -0.9408807689542256
5.089380098815464 1 0 0.3681245526846775 -0.9297764858882516
5.120796025351363 1 0 0.3971478906347808 -0.917754625683981
5.152211951887261 1 0 0.4257792915650727 -0.9048270524660196
5.183627878423159 1 0 0.4539904997395466 -0.8910065241883679
5.215043804959056 1 0 0.4817536741017149 -0.8763066800438638
5.246459731494954 1 0 0.5090414157503708 -0.860742027003944
5.277875658030853 1 0 0.5358267949789967 -0.844327925502015
5.309291584566751 1 0 0.5620833778521306 -0.8270805742745618
5.340707511102648 1 0 0.5877852522924729 -0.8090169943749476
5.372123437638546 1 0 0.6129070536529762 -0.7901550123756906
5.403539364174444 1 0 0.6374239897486893 -0.7705132427757896
5.434955290710342 1 0 0.6613118653236519 -0.7501110696304595
5.46637121724624 1 0 0.6845471059286886 -0.7289686274214116
5.497787143782138 1 0 0.7071067811865474 -0.7071067811865477
5.529203070318037 1 0 0.7289686274214119 -0.6845471059286883
5.560618996853933 1 0 0.7501110696304591 -0.6613118653236523
5.592034923389831 1 0 0.7705132427757888 -0.6374239897486903
5.62345084992573 1 0 0.7901550123756904 -0.6129070536529765
5.654866776461628 1 0 0.8090169943749473 -0.5877852522924732
5.686282702997525 1 0 0.8270805742745616 -0.5620833778521309
5.717698629533424 1 0 0.8443279255020153 -0.5358267949789963
5.749114556069321 1 0 0.8607420270039433 -0.509041415750372
5.78053048260522 1 0 0.8763066800438636 -0.4817536741017153
5.811946409141117 1 0 0.8910065241883678 -0.453990499739547
5.843362335677015 1 0 0.9048270524660194 -0.425779291565073
5.874778262212914 1 0 0.9177546256839813 -0.3971478906347803
5.906194188748811 1 0 0.9297764858882515 -0.3681245526846778
5.937610115284708 1 0 0.9408807689542251 -0.3387379202452923
5.969026041820607 1 0 0.9510565162951535 -0.3090169943749476
6.000441968356505 1 0 0.960293685676943 -0.2789911060392296
6.031857894892402 1 0 0.968583161128631 -0.2486898871648553
6.063273821428301 1 0 0.9759167619387474 -0.2181432413965425
6.094689747964199 1 0 0.9822872507286887 -0.1873813145857247
6.126105674500097 1 0 0.9876883405951377 -0.1564344650402311
6.157521601035994 1 0 0.9921147013144778 -0.1253332335643047
6.188937527571892 1 0 0.99556196460308 -0.09410831331851492
6.220353454107791 1 0 0.9980267284282716 -0.06279051952931326
6.251769380643688 1 0 0.9995065603657316 -0.03141075907812835
6.283185307179586 1 0 1 -2.449293598294706e-16
6.314601233715484 1 0 0.9995065603657316 0.03141075907812788
6.346017160251382 1 0 0.9980267284282716 0.06279051952931276
6.37743308678728 1 0 0.99556196460308 0.09410831331851442
6.408849013323178 1 0 0.9921147013144779 0.1253332335643042
6.440264939859076 1 0 0.9876883405951378 0.1564344650402306
6.471680866394975 1 0 0.9822872507286886 0.1873813145857251
6.503096792930871 1 0 0.9759167619387475 0.218143241396542
6.534512719466769 1 0 0.9685831611286313 0.248689887164854
6.565928646002668 1 0 0.9602936856769431 0.2789911060392292
6.597344572538566 1 0 0.9510565162951536 0.3090169943749472
6.628760499074463 1 0 0.9408807689542256 0.338737920245291
6.660176425610362 1 0 0.9297764858882513 0.3681245526846783
6.691592352146259 1 0 0.9177546256839815 0.3971478906347799
6.723008278682157 1 0 0.9048270524660196 0.4257792915650726
6.754424205218055 1 0 0.891006524188368 0.4539904997395466
6.785840131753953 1 0 0.8763066800438638 0.4817536741017149
6.817256058289852 1 0 0.8607420270039434 0.5090414157503715
6.848671984825749 1 0 0.844327925502015 0.5358267949789967
6.880087911361646 1 0 0.8270805742745624 0.5620833778521298
6.911503837897545 1 0 0.8090169943749476 0.5877852522924729
6.942919764433443 1 0 0.7901550123756906 0.6129070536529762
6.974335690969341 1 0 0.770513242775789 0.63742398974869
7.005751617505239 1 0 0.7501110696304595 0.6613118653236519
7.037167544041137 1 0 0.7289686274214116 0.6845471059286886
7.068583470577035 1 0 0.7071067811865477 0.7071067811865472
7.099999397112932 1 0 0.6845471059286891 0.7289686274214112
7.13141532364883 1 0 0.6613118653236524 0.7501110696304591
7.162831250184729 1 0 0.6374239897486896 0.7705132427757893
7.194247176720626 1 0 0.6129070536529766 0.7901550123756903
7.225663103256524 1 0 0.5877852522924734 0.8090169943749472
7.257079029792422 1 0 0.562083377852131 0.8270805742745615
7.28849495632832 1 0 0.5358267949789972 0.8443279255020147
7.319910882864218 1 0 0.5090414157503713 0.8607420270039436
7.351326809400116 1 0 0.4817536741017154 0.8763066800438635
7.382742735936014 1 0 0.4539904997395471 0.8910065241883677
7.414158662471912 1 0 0.4257792915650723 0.9048270524660197
7.445574589007809 1 0 0.3971478906347812 0.9177546256839809
7.476990515543707 1 0 0.3681245526846788 0.9297764858882511
7.508406442079606 1 0 0.3387379202452915 0.9408807689542255
7.539822368615503 1 0 0.3090169943749477 0.9510565162951535
7.571238295151401 1 0 0.2789911060392297 0.960293685676943
7.6026542216873 1 0 0.2486898871648546 0.9685831611286312
7.634070148223197 1 0 0.2181432413965434 0.9759167619387472
7.665486074759095 1 0 0.1873813145857247 0.9822872507286886
7.696902001294993 1 0 0.1564344650402312 0.9876883405951377
7.728317927830891 1 0 0.1253332335643047 0.9921147013144778
7.75973385436679 1 0 0.09410831331851409 0.99556196460308
7.791149780902687 1 0 0.06279051952931332 0.9980267284282716
7.822565707438584 1 0 0.03141075907812931 0.9995065603657315
7.853981633974483 1 0 3.061616997868383e-16 1
7.885397560510381 1 0 -0.03141075907812781 0.9995065603657316
7.916813487046279 1 0 -0.0627905195293136 0.9980267284282716
7.948229413582177 1 0 -0.09410831331851437 0.99556196460308
7.979645340118075 1 0 -0.1253332335643041 0.9921147013144779
8.011061266653973 1 0 -0.1564344650402315 0.9876883405951377
8.042477193189871 1 0 -0.187381314585725 0.9822872507286886
8.073893119725769 1 0 -0.2181432413965428 0.9759167619387473
8.105309046261667 1 0 -0.2486898871648548 0.9685831611286311
8.136724972797564 1 0 -0.2789911060392291 0.9602936856769431
8.168140899333462 1 0 -0.3090169943749471 0.9510565162951536
8.19955682586936 1 0 -0.3387379202452909 0.9408807689542257
8.230972752405258 1 0 -0.3681245526846773 0.9297764858882517
8.262388678941155 1 0 -0.3971478906347798 0.9177546256839815
8.293804605477053 1 0 -0.4257792915650717 0.90482705246602
8.325220532012953 1 0 -0.4539904997395472 0.8910065241883676
8.35663645854885 1 0 -0.4817536741017156 0.8763066800438635
8.388052385084748 1 0 -0.5090414157503714 0.8607420270039435
8.419468311620646 1 0 -0.5358267949789967 0.8443279255020151
8.450884238156544 1 0 -0.5620833778521305 0.8270805742745619
8.482300164692441 1 0 -0.5877852522924728 0.8090169943749477
8.513716091228339 1 0 -0.612907053652976 0.7901550123756907
8.545132017764237 1 0 -0.6374239897486892 0.7705132427757897
8.576547944300135 1 0 -0.6613118653236512 0.7501110696304601
8.607963870836032 1 0 -0.6845471059286879 0.7289686274214123
8.63937979737193 1 0 -0.7071067811865467 0.7071067811865483
8.67079572390783 1 0 -0.7289686274214119 0.6845471059286884
8.702211650443727 1 0 -0.7501110696304597 0.6613118653236517
8.733627576979625 1 0 -0.7705132427757893 0.6374239897486896
8.765043503515523 1 0 -0.7901550123756903 0.6129070536529766
8.796459430051421 1 0 -0.8090169943749472 0.5877852522924734
8.82787535658732 1 0 -0.8270805742745626 0.5620833778521296
8.859291283123216 1 0 -0.8443279255020147 0.5358267949789972
8.890707209659114 1 0 -0.8607420270039432 0.509041415750372
8.922123136195012 1 0 -0.8763066800438631 0.4817536741017162
8.953539062730909 1 0 -0.8910065241883673 0.4539904997395479
8.984954989266809 1 0 -0.9048270524660197 0.4257792915650723
9.016370915802707 1 0 -0.9177546256839813 0.3971478906347805
9.047786842338605 1 0 -0.9297764858882513 0.368124552684678
9.079202768874502 1 0 -0.9408807689542255 0.3387379202452916
9.1106186954104 1 0 -0.9510565162951534 0.3090169943749478
9.142034621946298 1 0 -0.960293685676943 0.2789911060392298
9.173450548482197 1 0 -0.9685831611286314 0.2486898871648538
9.204866475018095 1 0 -0.9759167619387475 0.2181432413965417
9.236282401553991 1 0 -0.9822872507286885 0.1873813145857257
9.267698328089889 1 0 -0.9876883405951375 0.1564344650402321
9.299114254625787 1 0 -0.9921147013144777 0.1253332335643056
9.330530181161686 1 0 -0.99556196460308 0.09410831331851414
9.361946107697584 1 0 -0.9980267284282716 0.06279051952931337
9.393362034233482 1 0 -0.9995065603657316 0.03141075907812848
9.424777960769379 1 0 -1 3.673940397442059e-16
9.456193887305277 1 0 -0.9995065603657316 -0.03141075907812775
9.487609813841175 1 0 -0.9980267284282716 -0.06279051952931265
9.519025740377074 1 0 -0.9955619646030799 -0.0941083133185152
9.550441666912972 1 0 -0.9921147013144778 -0.125333233564305
9.58185759344887 1 0 -0.9876883405951377 -0.1564344650402314
9.613273519984766 1 0 -0.9822872507286889 -0.1873813145857232
9.644689446520664 1 0 -0.9759167619387478 -0.218143241396541
9.676105373056563 1 0 -0.9685831611286312 -0.2486898871648547
9.707521299592461 1 0 -0.9602936856769432 -0.2789911060392291
9.738937226128359 1 0 -0.9510565162951536 -0.3090169943749471
9.770353152664256 1 0 -0.9408807689542257 -0.3387379202452908
9.801769079200154 1 0 -0.9297764858882517 -0.3681245526846773
9.833185005736052 1 0 -0.9177546256839815 -0.3971478906347797
9.864600932271951 1 0 -0.9048270524660192 -0.4257792915650733
9.896016858807849 1 0 -0.8910065241883677 -0.4539904997395472
9.927432785343747 1 0 -0.8763066800438635 -0.4817536741017156
9.958848711879643 1 0 -0.8607420270039444 -0.5090414157503699
9.990264638415541 1 0 -0.8443279255020161 -0.5358267949789951
10.02168056495144 1 0 -0.8270805742745619 -0.5620833778521305
10.05309649148734 1 0 -0.8090169943749477 -0.5877852522924728
10.08451241802324 1 0 -0.7901550123756907 -0.612907053652976
10.11592834455913 1 0 -0.7705132427757897 -0.6374239897486892
10.14734427109503 1 0 -0.7501110696304601 -0.6613118653236512
10.17876019763093 1 0 -0.7289686274214123 -0.6845471059286879
10.21017612416683 1 0 -0.7071067811865472 -0.7071067811865478
10.24159205070273 1 0 -0.6845471059286885 -0.7289686274214118
10.27300797723862 1 0 -0.6613118653236518 -0.7501110696304596
10.30442390377452 1 0 -0.6374239897486897 -0.7705132427757891
10.33583983031042 1 0 -0.612907053652978 -0.7901550123756891
10.36725575684632 1 0 -0.5877852522924735 -0.8090169943749472
10.39867168338222 1 0 -0.5620833778521311 -0.8270805742745615
10.43008760991811 1 0 -0.5358267949789973 -0.8443279255020146
10.46150353645401 1 0 -0.5090414157503721 -0.8607420270039432
10.49291946298991 1 0 -0.4817536741017163 -0.876306680043863
10.52433538952581 1 0 -0.4539904997395464 -0.8910065241883681
10.55575131606171 1 0 -0.4257792915650724 -0.9048270524660197
10.5871672425976 1 0 -0.3971478906347805 -0.9177546256839811
10.6185831691335 1 0 -0.368124552684678 -0.9297764858882513
10.6499990956694 1 0 -0.3387379202452916 -0.9408807689542253
10.6814150222053 1 0 -0.3090169943749478 -0.9510565162951534
10.7128309487412 1 0 -0.2789911060392281 -0.9602936856769434
10.74424687527709 1 0 -0.2486898871648555 -0.968583161128631
10.77566280181299 1 0 -0.2181432413965435 -0.9759167619387472
10.80707872834889 1 0 -0.1873813145857257 -0.9822872507286885
10.83849465488479 1 0 -0.1564344650402321 -0.9876883405951375
10.86991058142068 1 0 -0.125333233564304 -0.9921147013144779
10.90132650795658 1 0 -0.09410831331851421 -0.99556196460308
10.93274243449248 1 0 -0.06279051952931344 -0.9980267284282716
10.96415836102838 1 0 -0.03141075907812854 -0.9995065603657316
10.99557428756428 1 0 -4.286263797015736e-16 -1
11.02699021410017 1 0 0.03141075907812769 -0.9995065603657316
11.05840614063607 1 0 0.06279051952931436 -0.9980267284282714
11.08982206717197 1 0 0.09410831331851335 -0.9955619646030801
11.12123799370787 1 0 0.1253332335643031 -0.992114701314478
11.15265392024376 1 0 0.1564344650402296 -0.9876883405951379
11.18406984677966 1 0 0.1873813145857232 -0.9822872507286889
11.21548577331556 1 0 0.2181432413965426 -0.9759167619387473
11.24690169985146 1 0 0.2486898871648547 -0.9685831611286312
11.27831762638736 1 0 0.278991106039229 -0.9602936856769432
11.30973355292326 1 0 0.309016994374947 -0.9510565162951538
11.34114947945915 1 0 0.3387379202452908 -0.9408807689542257
11.37256540599505 1 0 0.3681245526846772 -0.9297764858882517
11.40398133253095 1 0 0.3971478906347813 -0.9177546256839808
11.43539725906685 1 0 0.4257792915650732 -0.9048270524660192
11.46681318560274 1 0 0.4539904997395456 -0.8910065241883685
11.49822911213864 1 0 0.4817536741017139 -0.8763066800438644
11.52964503867454 1 0 0.5090414157503699 -0.8607420270039445
11.56106096521044 1 0 0.5358267949789965 -0.8443279255020152
11.59247689174634 1 0 0.5620833778521304 -0.8270805742745619
11.62389281828223 1 0 0.5877852522924728 -0.8090169943749477
11.65530874481813 1 0 0.612907053652976 -0.7901550123756907
11.68672467135403 1 0 0.6374239897486891 -0.7705132427757898
11.71814059788993 1 0 0.6613118653236512 -0.7501110696304601
11.74955652442583 1 0 0.6845471059286891 -0.7289686274214111
11.78097245096173 1 0 0.7071067811865478 -0.7071067811865472
11.81238837749762 1 0 0.7289686274214118 -0.6845471059286885
11.84380430403352 1 0 0.7501110696304585 -0.6613118653236532
11.87522023056942 1 0 0.770513242775788 -0.6374239897486912
11.90663615710532 1 0 0.7901550123756902 -0.6129070536529767
11.93805208364121 1 0 0.8090169943749472 -0.5877852522924735
11.96946801017711 1 0 0.8270805742745615 -0.5620833778521311
12.00088393671301 1 0 0.8443279255020146 -0.5358267949789973
12.03229986324891 1 0 0.8607420270039432 -0.5090414157503721
12.0637157897848 1 0 0.876306680043863 -0.4817536741017163
12.0951317163207 1 0 0.891006524188368 -0.4539904997395464
12.1265476428566 1 0 0.9048270524660196 -0.4257792915650724
12.1579635693925 1 0 0.9177546256839811 -0.3971478906347806
12.1893794959284 1 0 0.9297764858882513 -0.3681245526846781
12.22079542246429 1 0 0.9408807689542248 -0.3387379202452934
12.25221134900019 1 0 0.9510565162951534 -0.3090169943749479
12.28362727553609 1 0 0.9602936856769428 -0.2789911060392299
12.31504320207199 1 0 0.968583161128631 -0.2486898871648556
12.34645912860789 1 0 0.9759167619387472 -0.2181432413965436
12.37787505514378 1 0 0.9822872507286885 -0.1873813145857258
12.40929098167968 1 0 0.9876883405951378 -0.1564344650402305
12.44070690821558 1 0 0.9921147013144779 -0.125333233564304
12.47212283475148 1 0 0.99556196460308 -0.09410831331851427
12.50353876128738 1 0 0.9980267284282716 -0.0627905195293135
12.53495468782327 1 0 0.9995065603657316 -0.0314107590781286
12.56637061435917 1 0 1 -4.898587196589413e-16
12.59778654089507 1 0 0.9995065603657316 0.03141075907812763
12.62920246743097 1 0 0.9980267284282717 0.06279051952931254
12.66061839396687 1 0 0.9955619646030801 0.0941083133185133
12.69203432050276 1 0 0.992114701314478 0.125333233564303
12.72345024703866 1 0 0.987688340595138 0.1564344650402295
12.75486617357456 1 0 0.9822872507286886 0.1873813145857248
12.78628210011046 1 0 0.9759167619387474 0.2181432413965426
12.81769802664636 1 0 0.9685831611286312 0.2486898871648546
12.84911395318225 1 0 0.9602936856769432 0.2789911060392289
12.88052987971815 1 0 0.9510565162951538 0.309016994374947
12.91194580625405 1 0 0.9408807689542257 0.3387379202452908
12.94336173278995 1 0 0.929776485888251 0.3681245526846788
12.97477765932585 1 0 0.9177546256839816 0.3971478906347797
13.00619358586174 1 0 0.90482705246602 0.4257792915650715
13.03760951239764 1 0 0.8910065241883685 0.4539904997395455
13.06902543893354 1 0 0.8763066800438644 0.4817536741017139
13.10044136546944 1 0 0.8607420270039436 0.5090414157503713
13.13185729200534 1 0 0.8443279255020152 0.5358267949789965
13.16327321854123 1 0 0.8270805742745619 0.5620833778521304
13.19468914507713 1 0 0.8090169943749477 0.5877852522924728
13.22610507161303 1 0 0.7901550123756907 0.612907053652976
13.25752099814893 1 0 0.7705132427757898 0.6374239897486891
13.28893692468483 1 0 0.750111069630459 0.6613118653236525
13.32035285122072 1 0 0.7289686274214111 0.6845471059286891
13.35176877775662 1 0 0.7071067811865485 0.7071067811865466
13.38318470429252 1 0 0.6845471059286898 0.7289686274214104
13.41460063082842 1 0 0.6613118653236532 0.7501110696304584
13.44601655736431 1 0 0.6374239897486899 0.7705132427757891
13.47743248390021 1 0 0.6129070536529768 0.7901550123756902
13.50884841043611 1 0 0.5877852522924736 0.8090169943749471
13.54026433697201 1 0 0.5620833778521311 0.8270805742745614
13.57168026350791 1 0 0.5358267949789973 0.8443279255020146
13.6030961900438 1 0 0.5090414157503722 0.8607420270039431
13.6345121165797 1 0 0.4817536741017148 0.8763066800438638
13.6659280431156 1 0 0.4539904997395465 0.891006524188368
13.6973439696515 1 0 0.4257792915650725 0.9048270524660196
13.72875989618739 1 0 0.3971478906347822 0.9177546256839805
13.76017582272329 1 0 0.3681245526846798 0.9297764858882507
13.79159174925919 1 0 0.3387379202452917 0.9408807689542253
13.82300767579509 1 0 0.309016994374948 0.9510565162951534
13.85442360233099 1 0 0.2789911060392299 0.9602936856769428
13.88583952886689 1 0 0.2486898871648557 0.9685831611286309
13.91725545540278 1 0 0.2181432413965436 0.9759167619387472
13.94867138193868 1 0 0.1873813145857241 0.9822872507286888
13.98008730847458 1 0 0.1564344650402305 0.9876883405951378
14.01150323501048 1 0 0.1253332335643041 0.9921147013144779
14.04291916154638 1 0 0.09410831331851434 0.99556196460308
14.07433508808227 1 0 0.06279051952931357 0.9980267284282716
14.10575101461817 1 0 0.03141075907813044 0.9995065603657315
14.13716694115407 1 0 5.51091059616309e-16 1
14.16858286768997 1 0 -0.03141075907812757 0.9995065603657316
14.19999879422586 1 0 -0.06279051952931247 0.9980267284282717
14.23141472076176 1 0 -0.09410831331851323 0.9955619646030801
14.26283064729766 1 0 -0.125333233564303 0.992114701314478
14.29424657383356 1 0 -0.1564344650402312 0.9876883405951377
14.32566250036946 1 0 -0.1873813145857248 0.9822872507286886
14.35707842690536 1 0 -0.2181432413965425 0.9759167619387474
14.38849435344125 1 0 -0.2486898871648546 0.9685831611286312
14.41991027997715 1 0 -0.2789911060392289 0.9602936856769432
14.45132620651305 1 0 -0.3090169943749469 0.9510565162951538
14.48274213304895 1 0 -0.3387379202452907 0.9408807689542257
14.51415805958484 1 0 -0.3681245526846771 0.9297764858882518
14.54557398612074 1 0 -0.3971478906347796 0.9177546256839816
14.57698991265664 1 0 -0.4257792915650715 0.90482705246602
14.60840583919254 1 0 -0.4539904997395455 0.8910065241883686
14.63982176572844 1 0 -0.4817536741017154 0.8763066800438635
14.67123769226433 1 0 -0.5090414157503713 0.8607420270039436
14.70265361880023 1 0 -0.5358267949789964 0.8443279255020152
14.73406954533613 1 0 -0.5620833778521303 0.8270805742745621
14.76548547187203 1 0 -0.5877852522924727 0.8090169943749478
14.79690139840793 1 0 -0.6129070536529759 0.7901550123756909
14.82831732494382 1 0 -0.6374239897486903 0.7705132427757887
14.85973325147972 1 0 -0.661311865323651 0.7501110696304603
14.89114917801562 1 0 -0.6845471059286877 0.7289686274214124
14.92256510455152 1 0 -0.7071067811865465 0.7071067811865486
14.95398103108741 1 0 -0.7289686274214103 0.6845471059286899
14.98539695762331 1 0 -0.7501110696304595 0.6613118653236519
15.01681288415921 1 0 -0.770513242775789 0.63742398974869
15.04822881069511 1 0 -0.7901550123756901 0.6129070536529768
15.07964473723101 1 0 -0.809016994374947 0.5877852522924737
15.1110606637669 1 0 -0.8270805742745614 0.5620833778521312
15.1424765903028 1 0 -0.8443279255020145 0.5358267949789974
15.1738925168387 1 0 -0.860742027003944 0.5090414157503708
15.2053084433746 1 0 -0.8763066800438638 0.4817536741017149
15.2367243699105 1 0 -0.8910065241883672 0.4539904997395481
15.26814029644639 1 0 -0.9048270524660188 0.4257792915650742
15.29955622298229 1 0 -0.9177546256839804 0.3971478906347823
15.33097214951819 1 0 -0.9297764858882513 0.3681245526846782
15.36238807605409 1 0 -0.9408807689542253 0.3387379202452918
15.39380400258999 1 0 -0.9510565162951534 0.309016994374948
15.42521992912588 1 0 -0.9602936856769428 0.27899110603923
15.45663585566178 1 0 -0.9685831611286309 0.2486898871648557
15.48805178219768 1 0 -0.9759167619387475 0.2181432413965419
15.51946770873358 1 0 -0.9822872507286887 0.1873813145857242
15.55088363526948 1 0 -0.9876883405951378 0.1564344650402306
15.58229956180537 1 0 -0.9921147013144779 0.1253332335643041
15.61371548834127 1 0 -0.9955619646030799 0.09410831331851616
15.64513141487717 1 0 -0.9980267284282714 0.0627905195293154
15.67654734141307 1 0 -0.9995065603657315 0.03141075907812872
15.70796326794897 1 0 -1 6.123233995736766e-16
15.73937919448486 1 0 -0.9995065603657316 -0.03141075907812751
15.77079512102076 1 0 -0.9980267284282717 -0.06279051952931242
15.80221104755666 1 0 -0.9955619646030801 -0.09410831331851317
15.83362697409256 1 0 -0.9921147013144778 -0.1253332335643047
15.86504290062846 1 0 -0.9876883405951377 -0.1564344650402311
15.89645882716435 1 0 -0.9822872507286886 -0.1873813145857247
15.92787475370025 1 0 -0.9759167619387474 -0.2181432413965425
15.95929068023615 1 0 -0.9685831611286312 -0.2486898871648545
15.99070660677205 1 0 -0.9602936856769437 -0.2789911060392271
16.02212253330795 1 0 -0.9510565162951532 -0.3090169943749485
16.05353845984384 1 0 -0.9408807689542258 -0.3387379202452906
16.08495438637974 1 0 -0.9297764858882511 -0.3681245526846787
16.11637031291564 1 0 -0.9177546256839816 -0.3971478906347796
16.14778623945154 1 0 -0.9048270524660194 -0.425779291565073
16.17920216598743 1 0 -0.8910065241883686 -0.4539904997395454
16.21061809252333 1 0 -0.8763066800438636 -0.4817536741017153
16.24203401905923 1 0 -0.8607420270039446 -0.5090414157503697
16.27344994559513 1 0 -0.8443279255020153 -0.5358267949789963
16.30486587213102 1 0 -0.8270805742745631 -0.5620833778521287
16.33628179866692 1 0 -0.8090169943749478 -0.5877852522924726
16.36769772520282 1 0 -0.7901550123756899 -0.6129070536529772
16.39911365173872 1 0 -0.7705132427757899 -0.6374239897486889
16.43052957827462 1 0 -0.7501110696304591 -0.6613118653236523
16.46194550481052 1 0 -0.7289686274214124 -0.6845471059286876
16.49336143134641 1 0 -0.7071067811865474 -0.7071067811865477
16.52477735788231 1 0 -0.6845471059286899 -0.7289686274214103
16.55619328441821 1 0 -0.6613118653236546 -0.7501110696304572
16.58760921095411 1 0 -0.6374239897486913 -0.7705132427757879
16.61902513749001 1 0 -0.6129070536529768 -0.7901550123756901
16.65044106402591 1 0 -0.5877852522924722 -0.8090169943749481
16.6818569905618 1 0 -0.5620833778521312 -0.8270805742745614
16.7132729170977 1 0 -0.535826794978996 -0.8443279255020155
16.7446888436336 1 0 -0.5090414157503723 -0.860742027003943
16.7761047701695 1 0 -0.4817536741017149 -0.8763066800438638
16.80752069670539 1 0 -0.4539904997395481 -0.8910065241883671
16.83893662324129 1 0 -0.4257792915650726 -0.9048270524660196
16.87035254977719 1 0 -0.3971478906347823 -0.9177546256839804
16.90176847631309 1 0 -0.3681245526846783 -0.9297764858882513
16.93318440284898 1 0 -0.3387379202452935 -0.9408807689542247
16.96460032938488 1 0 -0.3090169943749481 -0.9510565162951534
16.99601625592078 1 0 -0.2789911060392283 -0.9602936856769433
17.02743218245668 1 0 -0.2486898871648558 -0.9685831611286309
17.05884810899258 1 0 -0.218143241396542 -0.9759167619387475
17.09026403552847 1 0 -0.187381314585726 -0.9822872507286884
17.12167996206437 1 0 -0.1564344650402306 -0.9876883405951378
17.15309588860027 1 0 -0.125333233564306 -0.9921147013144777
17.18451181513617 1 0 -0.09410831331851446 -0.99556196460308
17.21592774167206 1 0 -0.06279051952931547 -0.9980267284282714
17.24734366820796 1 0 -0.03141075907812878 -0.9995065603657315
17.27875959474386 1 0 -2.449912578931295e-15 -1
17.31017552127976 1 0 0.03141075907812745 -0.9995065603657316
17.34159144781566 1 0 0.06279051952931411 -0.9980267284282716
17.37300737435156 1 0 0.0941083133185131 -0.9955619646030801
17.40442330088745 1 0 0.1253332335643046 -0.9921147013144778
17.43583922742335 1 0 0.1564344650402293 -0.987688340595138
17.46725515395925 1 0 0.1873813145857247 -0.9822872507286887
17.49867108049515 1 0 0.2181432413965407 -0.9759167619387478
17.53008700703105 1 0 0.2486898871648545 -0.9685831611286312
17.56150293356694 1 0 0.2789911060392271 -0.9602936856769437
17.59291886010284 1 0 0.3090169943749468 -0.9510565162951538
17.62433478663874 1 0 0.3387379202452889 -0.9408807689542263
17.65575071317464 1 0 0.3681245526846803 -0.9297764858882505
17.68716663971054 1 0 0.3971478906347811 -0.9177546256839809
17.71858256624643 1 0 0.4257792915650714 -0.9048270524660201
17.74999849278233 1 0 0.453990499739547 -0.8910065241883678
17.78141441931823 1 0 0.4817536741017138 -0.8763066800438645
17.81283034585413 1 0 0.5090414157503712 -0.8607420270039438
17.84424627239002 1 0 0.5358267949789949 -0.8443279255020162
17.87566219892592 1 0 0.5620833778521301 -0.8270805742745622
17.90707812546182 1 0 0.5877852522924711 -0.8090169943749489
17.93849405199772 1 0 0.6129070536529758 -0.7901550123756909
17.96990997853362 1 0 0.6374239897486903 -0.7705132427757888
18.00132590506952 1 0 0.6613118653236536 -0.750111069630458
18.03274183160541 1 0 0.6845471059286889 -0.7289686274214113
18.06415775814131 1 0 0.7071067811865465 -0.7071067811865487
18.09557368467721 1 0 0.7289686274214116 -0.6845471059286887
18.12698961121311 1 0 0.7501110696304583 -0.6613118653236534
18.158405537749 1 0 0.770513242775789 -0.63742398974869
18.1898214642849 1 0 0.790155012375689 -0.6129070536529784
18.2212373908208 1 0 0.809016994374947 -0.5877852522924737
18.2526533173567 1 0 0.8270805742745603 -0.5620833778521328
18.2840692438926 1 0 0.8443279255020145 -0.5358267949789975
18.3154851704285 1 0 0.8607420270039439 -0.5090414157503709
18.34690109696439 1 0 0.8763066800438646 -0.4817536741017134
18.37831702350029 1 0 0.8910065241883679 -0.4539904997395466
18.40973295003619 1 0 0.9048270524660202 -0.425779291565071
18.44114887657209 1 0 0.917754625683981 -0.3971478906347808
18.47256480310798 1 0 0.9297764858882506 -0.3681245526846799
18.50398072964388 1 0 0.9408807689542253 -0.3387379202452919
18.53539665617978 1 0 0.9510565162951528 -0.3090169943749498
18.56681258271568 1 0 0.9602936856769428 -0.2789911060392301
18.59822850925157 1 0 0.9685831611286304 -0.2486898871648575
18.62964443578747 1 0 0.9759167619387471 -0.2181432413965438
18.66106036232337 1 0 0.9822872507286887 -0.1873813145857243
18.69247628885927 1 0 0.987688340595138 -0.156434465040229
18.72389221539517 1 0 0.9921147013144779 -0.1253332335643043
18.75530814193107 1 0 0.9955619646030801 -0.09410831331851274
18.78672406846696 1 0 0.9980267284282716 -0.06279051952931375
18.81813999500286 1 0 0.9995065603657315 -0.03141075907813062
18.84955592153876 1 0 1 -7.347880794884119e-16
18.88097184807465 1 0 0.9995065603657316 0.03141075907812561
18.91238777461055 1 0 0.9980267284282717 0.06279051952931229
18.94380370114645 1 0 0.9955619646030803 0.09410831331851129
18.97521962768235 1 0 0.992114701314478 0.1253332335643028
19.00663555421825 1 0 0.9876883405951377 0.156434465040231
19.03805148075415 1 0 0.9822872507286884 0.1873813145857263
19.06946740729004 1 0 0.9759167619387474 0.2181432413965424
19.10088333382594 1 0 0.9685831611286307 0.2486898871648562
19.13229926036184 1 0 0.9602936856769432 0.2789911060392287
19.16371518689774 1 0 0.9510565162951532 0.3090169943749484
19.19513111343364 1 0 0.9408807689542258 0.3387379202452905
19.22654703996953 1 0 0.9297764858882525 0.3681245526846753
19.25796296650543 1 0 0.9177546256839817 0.3971478906347795
19.28937889304133 1 0 0.9048270524660209 0.4257792915650697
19.32079481957723 1 0 0.8910065241883686 0.4539904997395454
19.35221074611313 1 0 0.8763066800438636 0.4817536741017152
19.38362667264903 1 0 0.8607420270039429 0.5090414157503726
19.41504259918492 1 0 0.8443279255020153 0.5358267949789962
19.44645852572082 1 0 0.8270805742745612 0.5620833778521316
19.47787445225672 1 0 0.8090169943749479 0.5877852522924725
19.50929037879262 1 0 0.7901550123756899 0.6129070536529772
19.54070630532851 1 0 0.7705132427757899 0.6374239897486889
19.57212223186441 1 0 0.7501110696304616 0.6613118653236496
19.60353815840031 1 0 0.7289686274214126 0.6845471059286876
19.6349540849362 1 0 0.70710678118655 0.707106781186545
19.6663700114721 1 0 0.6845471059286899 0.7289686274214102
19.697785938008 1 0 0.661311865323652 0.7501110696304594
19.7292018645439 1 0 0.6374239897486886 0.7705132427757901
19.7606177910798 1 0 0.6129070536529769 0.79015501237569
19.7920337176157 1 0 0.5877852522924722 0.809016994374948
19.82344964415159 1 0 0.5620833778521314 0.8270805742745613
19.85486557068749 1 0 0.5358267949789961 0.8443279255020154
19.88628149722339 1 0 0.5090414157503724 0.860742027003943
19.91769742375929 1 0 0.4817536741017181 0.876306680043862
19.94911335029519 1 0 0.4539904997395482 0.8910065241883671
19.98052927683108 1 0 0.4257792915650759 0.904827052466018
20.01194520336698 1 0 0.3971478906347825 0.9177546256839804
20.04336112990288 1 0 0.3681245526846784 0.9297764858882512
20.07477705643878 1 0 0.3387379202452903 0.9408807689542259
20.10619298297468 1 0 0.3090169943749482 0.9510565162951533
20.13760890951058 1 0 0.2789911060392284 0.9602936856769433
20.16902483604647 1 0 0.2486898871648559 0.9685831611286309
20.20044076258237 1 0 0.2181432413965421 0.9759167619387475
20.23185668911827 1 0 0.1873813145857261 0.9822872507286884
20.26327261565417 1 0 0.1564344650402308 0.9876883405951378
20.29468854219006 1 0 0.1253332335643061 0.9921147013144775
20.32610446872596 1 0 0.09410831331851811 0.9955619646030797
20.35752039526186 1 0 0.06279051952931558 0.9980267284282714
20.38893632179776 1 0 0.03141075907812891 0.9995065603657315
20.42035224833366 1 0 -9.803364199544708e-16 1
20.45176817486955 1 0 -0.03141075907812732 0.9995065603657316
20.48318410140545 1 0 -0.062790519529314 0.9980267284282716
20.51460002794135 1 0 -0.09410831331851299 0.9955619646030801
20.54601595447725 1 0 -0.1253332335643045 0.9921147013144778
20.57743188101314 1 0 -0.1564344650402292 0.987688340595138
20.60884780754904 1 0 -0.1873813145857245 0.9822872507286887
20.64026373408494 1 0 -0.2181432413965405 0.9759167619387479
20.67167966062084 1 0 -0.2486898871648509 0.9685831611286321
20.70309558715674 1 0 -0.2789911060392269 0.9602936856769437
20.73451151369263 1 0 -0.3090169943749467 0.9510565162951539
20.76592744022853 1 0 -0.3387379202452921 0.9408807689542252
20.79734336676443 1 0 -0.3681245526846769 0.9297764858882518
20.82875929330033 1 0 -0.397147890634781 0.9177546256839809
20.86017521983623 1 0 -0.4257792915650713 0.9048270524660201
20.89159114637213 1 0 -0.4539904997395469 0.8910065241883678
20.92300707290802 1 0 -0.4817536741017137 0.8763066800438645
20.95442299944392 1 0 -0.5090414157503711 0.8607420270039438
20.98583892597982 1 0 -0.5358267949789948 0.8443279255020163
21.01725485251572 1 0 -0.56208337785213 0.8270805742745622
21.04867077905162 1 0 -0.5877852522924739 0.8090169943749469
21.08008670558751 1 0 -0.6129070536529757 0.790155012375691
21.11150263212341 1 0 -0.6374239897486902 0.7705132427757888
21.14291855865931 1 0 -0.6613118653236508 0.7501110696304605
21.17433448519521 1 0 -0.6845471059286888 0.7289686274214113
21.2057504117311 1 0 -0.7071067811865464 0.7071067811865488
21.237166338267 1 0 -0.7289686274214114 0.6845471059286888
21.2685822648029 1 0 -0.7501110696304581 0.6613118653236535
21.2999981913388 1 0 -0.7705132427757889 0.6374239897486901
21.33141411787469 1 0 -0.7901550123756889 0.6129070536529785
21.36283004441059 1 0 -0.8090169943749469 0.5877852522924738
21.39424597094649 1 0 -0.8270805742745623 0.56208337785213
21.42566189748239 1 0 -0.8443279255020163 0.5358267949789947
21.45707782401829 1 0 -0.8607420270039439 0.509041415750371
21.48849375055418 1 0 -0.8763066800438628 0.4817536741017167
21.51990967709008 1 0 -0.8910065241883679 0.4539904997395467
21.55132560362598 1 0 -0.9048270524660187 0.4257792915650743
21.58274153016188 1 0 -0.917754625683981 0.3971478906347809
21.61415745669778 1 0 -0.9297764858882506 0.36812455268468
21.64557338323367 1 0 -0.9408807689542252 0.338737920245292
21.67698930976957 1 0 -0.9510565162951528 0.3090169943749499
21.70840523630547 1 0 -0.9602936856769428 0.2789911060392302
21.73982116284137 1 0 -0.9685831611286313 0.2486898871648542
21.77123708937727 1 0 -0.9759167619387479 0.2181432413965404
21.80265301591317 1 0 -0.9822872507286887 0.1873813145857244
21.83406894244906 1 0 -0.9876883405951374 0.1564344650402326
21.86548486898496 1 0 -0.9921147013144778 0.1253332335643044
21.89690079552086 1 0 -0.9955619646030798 0.09410831331851641
21.92831672205676 1 0 -0.9980267284282716 0.06279051952931387
21.95973264859265 1 0 -0.9995065603657315 0.03141075907813075
21.99114857512855 1 0 -1 8.572527594031472e-16
22.02256450166445 1 0 -0.9995065603657316 -0.03141075907812548
22.05398042820035 1 0 -0.9980267284282717 -0.06279051952931217
22.08539635473625 1 0 -0.99556196460308 -0.0941083133185147
22.11681228127215 1 0 -0.9921147013144775 -0.1253332335643062
22.14822820780804 1 0 -0.9876883405951378 -0.1564344650402309
22.17964413434394 1 0 -0.9822872507286891 -0.1873813145857227
22.21106006087984 1 0 -0.9759167619387474 -0.2181432413965422
22.24247598741573 1 0 -0.9685831611286316 -0.2486898871648526
22.27389191395163 1 0 -0.9602936856769433 -0.2789911060392286
22.30530784048753 1 0 -0.9510565162951544 -0.309016994374945
22.33672376702343 1 0 -0.9408807689542258 -0.3387379202452904
22.36813969355932 1 0 -0.9297764858882525 -0.3681245526846752
22.39955562009522 1 0 -0.9177546256839817 -0.3971478906347793
22.43097154663112 1 0 -0.9048270524660195 -0.4257792915650728
22.46238747316702 1 0 -0.891006524188367 -0.4539904997395484
22.49380339970292 1 0 -0.8763066800438637 -0.4817536741017151
22.52521932623882 1 0 -0.8607420270039429 -0.5090414157503725
22.55663525277471 1 0 -0.8443279255020154 -0.5358267949789961
22.58805117931061 1 0 -0.8270805742745633 -0.5620833778521285
22.61946710584651 1 0 -0.809016994374948 -0.5877852522924724
22.65088303238241 1 0 -0.7901550123756921 -0.6129070536529743
22.68229895891831 1 0 -0.77051324277579 -0.6374239897486887
22.7137148854542 1 0 -0.7501110696304617 -0.6613118653236495
22.7451308119901 1 0 -0.7289686274214127 -0.6845471059286875
22.776546738526 1 0 -0.7071067811865475 -0.7071067811865476
22.8079626650619 1 0 -0.6845471059286875 -0.7289686274214127
22.8393785915978 1 0 -0.6613118653236522 -0.7501110696304594
22.8707945181337 1 0 -0.6374239897486887 -0.77051324277579
22.90221044466959 1 0 -0.612907053652977 -0.79015501237569
22.93362637120549 1 0 -0.5877852522924752 -0.8090169943749459
22.96504229774139 1 0 -0.5620833778521315 -0.8270805742745613
22.99645822427728 1 0 -0.5358267949789991 -0.8443279255020134
23.02787415081318 1 0 -0.5090414157503725 -0.8607420270039429
23.05929007734908 1 0 -0.4817536741017182 -0.8763066800438619
23.09070600388498 1 0 -0.4539904997395484 -0.891006524188367
23.12212193042088 1 0 -0.4257792915650728 -0.9048270524660195
23.15353785695678 1 0 -0.3971478906347793 -0.9177546256839817
23.18495378349267 1 0 -0.3681245526846785 -0.9297764858882512
23.21636971002857 1 0 -0.3387379202452904 -0.9408807689542258
23.24778563656447 1 0 -0.3090169943749483 -0.9510565162951533
23.27920156310037 1 0 -0.2789911060392286 -0.9602936856769433
23.31061748963626 1 0 -0.248689887164856 -0.9685831611286307
23.34203341617216 1 0 -0.2181432413965457 -0.9759167619387467
23.37344934270806 1 0 -0.1873813145857262 -0.9822872507286884
23.40486526924396 1 0 -0.1564344650402344 -0.9876883405951372
23.43628119577986 1 0 -0.1253332335643062 -0.9921147013144775
23.46769712231576 1 0 -0.0941083133185147 -0.99556196460308
23.49911304885165 1 0 -0.06279051952931217 -0.9980267284282717
23.53052897538755 1 0 -0.03141075907812903 -0.9995065603657315
23.56194490192345 1 0 8.578717400397356e-16 -1
23.59336082845935 1 0 0.0314107590781272 -0.9995065603657316
23.62477675499525 1 0 0.06279051952931387 -0.9980267284282716
23.65619268153114 1 0 0.09410831331851287 -0.9955619646030801
23.68760860806704 1 0 0.1253332335643009 -0.9921147013144782
23.71902453460294 1 0 0.1564344650402291 -0.987688340595138
23.75044046113883 1 0 0.1873813145857209 -0.9822872507286894
23.78185638767473 1 0 0.2181432413965404 -0.9759167619387479
23.81327231421063 1 0 0.2486898871648542 -0.9685831611286313
23.84468824074653 1 0 0.2789911060392302 -0.9602936856769428
23.87610416728243 1 0 0.3090169943749465 -0.9510565162951539
23.90752009381833 1 0 0.338737920245292 -0.9408807689542252
23.93893602035422 1 0 0.3681245526846768 -0.9297764858882519
23.97035194689012 1 0 0.3971478906347809 -0.917754625683981
24.00176787342602 1 0 0.4257792915650712 -0.9048270524660202
24.03318379996192 1 0 0.4539904997395467 -0.8910065241883679
24.06459972649781 1 0 0.4817536741017135 -0.8763066800438646
24.09601565303371 1 0 0.5090414157503679 -0.8607420270039456
24.12743157956961 1 0 0.5358267949789947 -0.8443279255020163
24.15884750610551 1 0 0.56208337785213 -0.8270805742745623
24.19026343264141 1 0 0.5877852522924738 -0.8090169943749469
24.2216793591773 1 0 0.6129070536529756 -0.7901550123756911
24.2530952857132 1 0 0.6374239897486901 -0.7705132427757889
24.2845112122491 1 0 0.6613118653236508 -0.7501110696304605
24.315927138785 1 0 0.6845471059286888 -0.7289686274214114
24.3473430653209 1 0 0.7071067811865462 -0.7071067811865488
24.3787589918568 1 0 0.7289686274214113 -0.6845471059286888
24.41017491839269 1 0 0.750111069630458 -0.6613118653236535
24.44159084492859 1 0 0.7705132427757866 -0.637423989748693
24.47300677146449 1 0 0.790155012375691 -0.6129070536529757
24.50442269800039 1 0 0.8090169943749469 -0.5877852522924739
24.53583862453629 1 0 0.8270805742745622 -0.56208337785213
24.56725455107218 1 0 0.8443279255020144 -0.5358267949789978
24.59867047760808 1 0 0.8607420270039438 -0.5090414157503711
24.63008640414398 1 0 0.8763066800438628 -0.4817536741017168
24.66150233067988 1 0 0.8910065241883678 -0.4539904997395469
24.69291825721577 1 0 0.9048270524660187 -0.4257792915650745
24.72433418375167 1 0 0.9177546256839809 -0.397147890634781
24.75575011028757 1 0 0.9297764858882506 -0.3681245526846802
24.78716603682347 1 0 0.9408807689542252 -0.3387379202452921
24.81858196335937 1 0 0.9510565162951539 -0.3090169943749467
24.84999788989526 1 0 0.9602936856769427 -0.2789911060392304
24.88141381643116 1 0 0.9685831611286312 -0.2486898871648544
24.91282974296706 1 0 0.9759167619387471 -0.218143241396544
24.94424566950296 1 0 0.9822872507286887 -0.1873813145857245
24.97566159603885 1 0 0.9876883405951374 -0.1564344650402327
25.00707752257475 1 0 0.9921147013144778 -0.1253332335643045
25.03849344911065 1 0 0.9955619646030798 -0.09410831331851653
25.06990937564655 1 0 0.9980267284282716 -0.062790519529314
25.10132530218245 1 0 0.9995065603657315 -0.03141075907813087
25.13274122871834 1 0 1 -9.797174393178826e-16
25.16415715525424 1 0 0.9995065603657315 0.03141075907812891
25.19557308179014 1 0 0.9980267284282717 0.06279051952931204
25.22698900832604 1 0 0.99556196460308 0.09410831331851457
25.25840493486194 1 0 0.992114701314478 0.1253332335643026
25.28982086139784 1 0 0.9876883405951378 0.1564344650402308
25.32123678793373 1 0 0.9822872507286891 0.1873813145857226
25.35265271446963 1 0 0.9759167619387475 0.2181432413965421
25.38406864100553 1 0 0.9685831611286317 0.2486898871648524
25.41548456754143 1 0 0.9602936856769433 0.2789911060392284
25.44690049407732 1 0 0.9510565162951544 0.3090169943749448
25.47831642061322 1 0 0.9408807689542259 0.3387379202452903
25.50973234714912 1 0 0.9297764858882512 0.3681245526846784
25.54114827368502 1 0 0.9177546256839804 0.3971478906347825
25.57256420022092 1 0 0.9048270524660195 0.4257792915650727
25.60398012675681 1 0 0.8910065241883687 0.4539904997395451
25.63539605329271 1 0 0.8763066800438637 0.481753674101715
25.66681197982861 1 0 0.8607420270039448 0.5090414157503693
25.69822790636451 1 0 0.8443279255020154 0.5358267949789961
25.7296438329004 1 0 0.8270805742745633 0.5620833778521285
25.7610597594363 1 0 0.809016994374948 0.5877852522924722
25.7924756859722 1 0 0.7901550123756922 0.6129070536529742
25.8238916125081 1 0 0.7705132427757901 0.6374239897486886
25.855307539044 1 0 0.7501110696304594 0.661311865323652
25.8867234655799 1 0 0.7289686274214102 0.6845471059286899
25.91813939211579 1 0 0.7071067811865476 0.7071067811865475
25.94955531865169 1 0 0.6845471059286902 0.7289686274214101
25.98097124518759 1 0 0.6613118653236522 0.7501110696304593
26.01238717172349 1 0 0.6374239897486915 0.7705132427757877
26.04380309825939 1 0 0.6129070536529772 0.7901550123756899
26.07521902479528 1 0 0.5877852522924754 0.8090169943749458
26.10663495133118 1 0 0.5620833778521316 0.8270805742745612
26.13805087786708 1 0 0.5358267949789992 0.8443279255020134
26.16946680440298 1 0 0.5090414157503726 0.8607420270039429
26.20088273093888 1 0 0.4817536741017152 0.8763066800438636
26.23229865747478 1 0 0.4539904997395454 0.8910065241883686
26.26371458401067 1 0 0.4257792915650729 0.9048270524660194
26.29513051054657 1 0 0.3971478906347795 0.9177546256839817
26.32654643708247 1 0 0.3681245526846786 0.9297764858882511
26.35796236361836 1 0 0.3387379202452939 0.9408807689542246
26.38937829015426 1 0 0.3090169943749484 0.9510565162951532
26.42079421669016 1 0 0.2789911060392321 0.9602936856769422
26.45221014322606 1 0 0.2486898871648562 0.9685831611286307
26.48362606976195 1 0 0.2181432413965458 0.9759167619387467
26.51504199629785 1 0 0.1873813145857263 0.9822872507286884
26.54645792283375 1 0 0.156434465040231 0.9876883405951377
26.57787384936965 1 0 0.1253332335643028 0.992114701314478
26.60928977590555 1 0 0.09410831331851482 0.99556196460308
26.64070570244145 1 0 0.06279051952931229 0.9980267284282717
26.67212162897734 1 0 0.03141075907812915 0.9995065603657315
26.70353755551324 1 0 2.817306618675501e-15 1
26.73495348204914 1 0 -0.03141075907812708 0.9995065603657316
26.76636940858504 1 0 -0.06279051952931021 0.9980267284282718
26.79778533512093 1 0 -0.09410831331851274 0.9955619646030801
26.82920126165683 1 0 -0.1253332335643007 0.9921147013144783
26.86061718819273 1 0 -0.156434465040229 0.987688340595138
26.89203311472863 1 0 -0.1873813145857243 0.9822872507286887
26.92344904126453 1 0 -0.2181432413965438 0.9759167619387471
26.95486496780043 1 0 -0.2486898871648541 0.9685831611286313
26.98628089433632 1 0 -0.2789911060392301 0.9602936856769428
27.01769682087222 1 0 -0.3090169943749464 0.9510565162951539
27.04911274740812 1 0 -0.3387379202452919 0.9408807689542253
27.08052867394402 1 0 -0.3681245526846766 0.9297764858882519
27.11194460047991 1 0 -0.3971478906347775 0.9177546256839825
27.14336052701581 1 0 -0.425779291565071 0.9048270524660202
27.17477645355171 1 0 -0.4539904997395435 0.8910065241883696
27.20619238008761 1 0 -0.4817536741017134 0.8763066800438646
27.23760830662351 1 0 -0.5090414157503709 0.8607420270039439
27.26902423315941 1 0 -0.5358267949789975 0.8443279255020145
27.3004401596953 1 0 -0.5620833778521299 0.8270805742745623
27.3318560862312 1 0 -0.5877852522924737 0.809016994374947
27.3632720127671 1 0 -0.6129070536529756 0.7901550123756911
27.394687939303 1 0 -0.63742398974869 0.770513242775789
27.42610386583889 1 0 -0.6613118653236507 0.7501110696304606
27.45751979237479 1 0 -0.6845471059286862 0.7289686274214139
27.48893571891069 1 0 -0.7071067811865461 0.7071067811865489
27.52035164544658 1 0 -0.7289686274214089 0.6845471059286915
27.55176757198249 1 0 -0.7501110696304604 0.6613118653236509
27.58318349851838 1 0 -0.7705132427757888 0.6374239897486903
27.61459942505428 1 0 -0.7901550123756909 0.6129070536529758
27.64601535159018 1 0 -0.8090169943749468 0.587785252292474
27.67743127812608 1 0 -0.8270805742745622 0.5620833778521301
27.70884720466197 1 0 -0.8443279255020143 0.5358267949789979
27.74026313119787 1 0 -0.8607420270039438 0.5090414157503712
27.77167905773377 1 0 -0.8763066800438627 0.4817536741017169
27.80309498426967 1 0 -0.8910065241883678 0.453990499739547
27.83451091080557 1 0 -0.9048270524660186 0.4257792915650746
27.86592683734146 1 0 -0.9177546256839795 0.3971478906347844
27.89734276387737 1 0 -0.9297764858882518 0.368124552684677
27.92875869041326 1 0 -0.9408807689542251 0.3387379202452923
27.96017461694916 1 0 -0.9510565162951538 0.3090169943749468
27.99159054348506 1 0 -0.9602936856769427 0.2789911060392305
28.02300647002096 1 0 -0.9685831611286312 0.2486898871648545
28.05442239655685 1 0 -0.975916761938747 0.2181432413965441
28.08583832309275 1 0 -0.9822872507286887 0.1873813145857247
28.11725424962865 1 0 -0.9876883405951374 0.1564344650402328
28.14867017616455 1 0 -0.9921147013144778 0.1253332335643046
28.18008610270044 1 0 -0.9955619646030798 0.09410831331851664
28.21150202923634 1 0 -0.9980267284282713 0.06279051952931766
28.24291795577224 1 0 -0.9995065603657316 0.03141075907812745
28.27433388230814 1 0 -1 1.102182119232618e-15
28.30574980884404 1 0 -0.9995065603657315 -0.03141075907812878
28.33716573537993 1 0 -0.9980267284282717 -0.06279051952931193
28.36858166191583 1 0 -0.99556196460308 -0.09410831331851446
28.39999758845173 1 0 -0.9921147013144781 -0.1253332335643024
28.43141351498763 1 0 -0.9876883405951378 -0.1564344650402306
28.46282944152352 1 0 -0.9822872507286891 -0.1873813145857225
28.49424536805942 1 0 -0.9759167619387475 -0.218143241396542
28.52566129459532 1 0 -0.9685831611286317 -0.2486898871648523
28.55707722113122 1 0 -0.9602936856769443 -0.2789911060392249
28.58849314766712 1 0 -0.9510565162951534 -0.3090169943749481
28.61990907420302 1 0 -0.9408807689542259 -0.3387379202452901
28.65132500073891 1 0 -0.9297764858882513 -0.3681245526846783
28.68274092727481 1 0 -0.9177546256839818 -0.3971478906347791
28.71415685381071 1 0 -0.9048270524660196 -0.4257792915650726
28.74557278034661 1 0 -0.8910065241883688 -0.453990499739545
28.77698870688251 1 0 -0.8763066800438638 -0.4817536741017149
28.8084046334184 1 0 -0.8607420270039449 -0.5090414157503692
28.8398205599543 1 0 -0.8443279255020155 -0.535826794978996
28.8712364864902 1 0 -0.8270805742745634 -0.5620833778521284
28.9026524130261 1 0 -0.8090169943749481 -0.5877852522924722
28.934068339562 1 0 -0.7901550123756901 -0.6129070536529768
28.96548426609789 1 0 -0.7705132427757901 -0.6374239897486885
28.99690019263379 1 0 -0.7501110696304595 -0.6613118653236519
29.02831611916969 1 0 -0.7289686274214128 -0.6845471059286873
29.05973204570559 1 0 -0.7071067811865477 -0.7071067811865474
29.09114797224148 1 0 -0.6845471059286903 -0.72896862742141
29.12256389877738 1 0 -0.6613118653236523 -0.7501110696304591
29.15397982531328 1 0 -0.6374239897486916 -0.7705132427757877
29.18539575184918 1 0 -0.6129070536529772 -0.7901550123756899
29.21681167838507 1 0 -0.5877852522924755 -0.8090169943749457
29.24822760492097 1 0 -0.5620833778521317 -0.8270805742745612
29.27964353145687 1 0 -0.5358267949789963 -0.8443279255020153
29.31105945799277 1 0 -0.5090414157503697 -0.8607420270039446
29.34247538452867 1 0 -0.4817536741017153 -0.8763066800438636
29.37389131106456 1 0 -0.4539904997395486 -0.8910065241883669
29.40530723760046 1 0 -0.425779291565073 -0.9048270524660194
29.43672316413636 1 0 -0.3971478906347828 -0.9177546256839801
29.46813909067226 1 0 -0.3681245526846787 -0.9297764858882511
29.49955501720816 1 0 -0.338737920245294 -0.9408807689542246
29.53097094374406 1 0 -0.3090169943749485 -0.9510565162951532
29.56238687027995 1 0 -0.2789911060392322 -0.9602936856769422
29.59380279681585 1 0 -0.2486898871648562 -0.9685831611286307
29.62521872335175 1 0 -0.2181432413965425 -0.9759167619387474
29.65663464988765 1 0 -0.187381314585723 -0.9822872507286889
29.68805057642355 1 0 -0.1564344650402311 -0.9876883405951377
29.71946650295944 1 0 -0.1253332335643065 -0.9921147013144775
29.75088242949534 1 0 -0.09410831331851495 -0.99556196460308
29.78229835603124 1 0 -0.06279051952931596 -0.9980267284282714
29.81371428256714 1 0 -0.03141075907812928 -0.9995065603657315
29.84513020910303 1 0 -2.939771298590236e-15 -1
29.87654613563893 1 0 0.03141075907812695 -0.9995065603657316
29.90796206217483 1 0 0.06279051952931008 -0.9980267284282718
29.93937798871073 1 0 0.09410831331851262 -0.9955619646030802
29.97079391524663 1 0 0.1253332335643041 -0.9921147013144779
30.00220984178253 1 0 0.1564344650402323 -0.9876883405951374
30.03362576831842 1 0 0.1873813145857242 -0.9822872507286887
30.06504169485432 1 0 0.2181432413965436 -0.9759167619387471
30.09645762139022 1 0 0.248689887164854 -0.9685831611286313
30.12787354792611 1 0 0.2789911060392266 -0.9602936856769438
30.15928947446201 1 0 0.3090169943749463 -0.951056516295154
30.19070540099791 1 0 0.3387379202452884 -0.9408807689542266
30.22212132753381 1 0 0.3681245526846765 -0.929776485888252
30.25353725406971 1 0 0.3971478906347774 -0.9177546256839826
30.2849531806056 1 0 0.4257792915650709 -0.9048270524660204
30.3163691071415 1 0 0.4539904997395465 -0.891006524188368
30.3477850336774 1 0 0.4817536741017165 -0.8763066800438629
30.3792009602133 1 0 0.5090414157503708 -0.860742027003944
30.4106168867492 1 0 0.5358267949789974 -0.8443279255020145
30.4420328132851 1 0 0.5620833778521298 -0.8270805742745624
30.47344873982099 1 0 0.5877852522924708 -0.8090169943749491
30.50486466635689 1 0 0.6129070536529755 -0.7901550123756912
30.53628059289279 1 0 0.6374239897486872 -0.7705132427757913
30.56769651942869 1 0 0.6613118653236506 -0.7501110696304607
30.59911244596458 1 0 0.6845471059286861 -0.728968627421414
30.63052837250049 1 0 0.7071067811865486 -0.7071067811865465
30.66194429903638 1 0 0.7289686274214112 -0.6845471059286891
30.69336022557228 1 0 0.7501110696304603 -0.661311865323651
30.72477615210818 1 0 0.7705132427757887 -0.6374239897486903
30.75619207864408 1 0 0.7901550123756909 -0.6129070536529759
30.78760800517997 1 0 0.8090169943749467 -0.5877852522924741
30.81902393171587 1 0 0.8270805742745601 -0.5620833778521332
30.85043985825177 1 0 0.8443279255020143 -0.535826794978998
30.88185578478766 1 0 0.8607420270039419 -0.5090414157503743
30.91327171132356 1 0 0.8763066800438627 -0.4817536741017169
30.94468763785946 1 0 0.8910065241883661 -0.4539904997395502
30.97610356439536 1 0 0.90482705246602 -0.4257792915650715
31.00751949093126 1 0 0.9177546256839809 -0.3971478906347812
31.03893541746716 1 0 0.9297764858882518 -0.3681245526846771
31.07035134400305 1 0 0.9408807689542251 -0.3387379202452924
31.10176727053895 1 0 0.9510565162951538 -0.3090169943749469
31.13318319707485 1 0 0.9602936856769427 -0.2789911060392306
31.16459912361075 1 0 0.9685831611286312 -0.2486898871648546
31.19601505014665 1 0 0.975916761938747 -0.2181432413965443
31.22743097668254 1 0 0.9822872507286879 -0.1873813145857283
31.25884690321844 1 0 0.9876883405951374 -0.156434465040233
31.29026282975434 1 0 0.9921147013144773 -0.1253332335643083
31.32167875629024 1 0 0.9955619646030801 -0.09410831331851323
31.35309468282614 1 0 0.9980267284282716 -0.06279051952931423
31.38451060936204 1 0 0.9995065603657316 -0.03141075907812756
31.41592653589793 1 0 1 -1.224646799147353e-15
31.44734246243383 1 0 0.9995065603657316 0.03141075907812867
31.47875838896973 1 0 0.9980267284282717 0.06279051952931181
31.51017431550563 1 0 0.99556196460308 0.09410831331851434
31.54159024204152 1 0 0.9921147013144781 0.1253332335643023
31.57300616857742 1 0 0.9876883405951383 0.156434465040227
31.60442209511332 1 0 0.9822872507286892 0.1873813145857224
31.63583802164921 1 0 0.9759167619387483 0.2181432413965384
31.66725394818512 1 0 0.9685831611286309 0.2486898871648557
31.69866987472101 1 0 0.9602936856769434 0.2789911060392282
31.73008580125691 1 0 0.9510565162951534 0.309016994374948
31.76150172779281 1 0 0.9408807689542259 0.33873792024529
31.79291765432871 1 0 0.9297764858882513 0.3681245526846781
31.8243335808646 1 0 0.9177546256839818 0.397147890634779
31.8557495074005 1 0 0.9048270524660196 0.4257792915650725
31.8871654339364 1 0 0.8910065241883688 0.4539904997395449
31.9185813604723 1 0 0.8763066800438638 0.4817536741017148
31.94999728700819 1 0 0.8607420270039449 0.5090414157503692
31.98141321354409 1 0 0.8443279255020174 0.5358267949789929
32.01282914007999 1 0 0.8270805742745614 0.5620833778521311
32.04424506661589 1 0 0.8090169943749461 0.587785252292475
32.07566099315179 1 0 0.7901550123756923 0.6129070536529739
32.10707691968769 1 0 0.7705132427757903 0.6374239897486885
32.13849284622358 1 0 0.7501110696304596 0.6613118653236518
32.16990877275948 1 0 0.7289686274214104 0.6845471059286898
32.20132469929538 1 0 0.7071067811865502 0.7071067811865448
32.23274062583128 1 0 0.6845471059286904 0.7289686274214099
32.26415655236718 1 0 0.6613118653236525 0.750111069630459
32.29557247890308 1 0 0.6374239897486891 0.7705132427757898
32.32698840543897 1 0 0.6129070536529801 0.7901550123756875
32.35840433197487 1 0 0.5877852522924756 0.8090169943749456
32.38982025851077 1 0 0.5620833778521318 0.8270805742745609
32.42123618504667 1 0 0.5358267949789965 0.8443279255020152
32.45265211158257 1 0 0.5090414157503699 0.8607420270039445
32.48406803811846 1 0 0.4817536741017186 0.8763066800438617
32.51548396465436 1 0 0.4539904997395487 0.8910065241883669
32.54689989119026 1 0 0.4257792915650732 0.9048270524660194
32.57831581772616 1 0 0.3971478906347797 0.9177546256839816
32.60973174426205 1 0 0.3681245526846821 0.9297764858882498
32.64114767079795 1 0 0.3387379202452941 0.9408807689542245
32.67256359733385 1 0 0.3090169943749486 0.9510565162951532
32.70397952386975 1 0 0.2789911060392289 0.9602936856769432
32.73539545040565 1 0 0.2486898871648529 0.9685831611286316
32.76681137694154 1 0 0.218143241396546 0.9759167619387467
32.79822730347744 1 0 0.1873813145857266 0.9822872507286883
32.82964323001334 1 0 0.1564344650402313 0.9876883405951377
32.86105915654924 1 0 0.125333233564303 0.992114701314478
32.89247508308513 1 0 0.09410831331851861 0.9955619646030796
32.92389100962103 1 0 0.06279051952931608 0.9980267284282713
32.95530693615693 1 0 0.0314107590781294 0.9995065603657315
32.98672286269283 1 0 -4.904777002955296e-16 1
33.01813878922872 1 0 -0.03141075907812328 0.9995065603657317
33.04955471576462 1 0 -0.06279051952930996 0.9980267284282718
33.08097064230052 1 0 -0.09410831331851249 0.9955619646030802
33.11238656883641 1 0 -0.125333233564297 0.9921147013144788
33.14380249537231 1 0 -0.1564344650402252 0.9876883405951387
33.17521842190821 1 0 -0.1873813145857206 0.9822872507286895
33.20663434844412 1 0 -0.218143241396547 0.9759167619387464
33.23805027498001 1 0 -0.2486898871648539 0.9685831611286313
33.26946620151591 1 0 -0.2789911060392299 0.9602936856769428
33.30088212805181 1 0 -0.3090169943749496 0.9510565162951529
33.33229805458771 1 0 -0.338737920245295 0.9408807689542241
33.3637139811236 1 0 -0.3681245526846764 0.929776485888252
33.3951299076595 1 0 -0.3971478906347806 0.9177546256839811
33.4265458341954 1 0 -0.425779291565074 0.9048270524660189
33.45796176073129 1 0 -0.4539904997395433 0.8910065241883697
33.48937768726719 1 0 -0.4817536741017132 0.8763066800438648
33.52079361380309 1 0 -0.5090414157503707 0.8607420270039441
33.55220954033899 1 0 -0.5358267949789973 0.8443279255020146
33.58362546687489 1 0 -0.5620833778521267 0.8270805742745645
33.61504139341078 1 0 -0.5877852522924706 0.8090169943749492
33.64645731994668 1 0 -0.6129070536529753 0.7901550123756913
33.67787324648258 1 0 -0.6374239897486897 0.7705132427757891
33.70928917301848 1 0 -0.6613118653236478 0.7501110696304631
33.74070509955438 1 0 -0.6845471059286858 0.7289686274214141
33.77212102609028 1 0 -0.7071067811865459 0.7071067811865491
33.80353695262617 1 0 -0.7289686274214111 0.6845471059286891
33.83495287916207 1 0 -0.7501110696304555 0.6613118653236565
33.86636880569797 1 0 -0.7705132427757864 0.6374239897486932
33.89778473223387 1 0 -0.790155012375693 0.6129070536529732
33.92920065876977 1 0 -0.8090169943749467 0.5877852522924741
33.96061658530567 1 0 -0.8270805742745619 0.5620833778521304
33.99203251184156 1 0 -0.8443279255020161 0.535826794978995
34.02344843837746 1 0 -0.8607420270039454 0.5090414157503683
34.05486436491336 1 0 -0.8763066800438626 0.481753674101717
34.08628029144926 1 0 -0.8910065241883677 0.4539904997395472
34.11769621798516 1 0 -0.90482705246602 0.4257792915650716
34.14911214452106 1 0 -0.9177546256839823 0.3971478906347781
34.18052807105695 1 0 -0.9297764858882503 0.3681245526846805
34.21194399759285 1 0 -0.9408807689542251 0.3387379202452925
34.24335992412875 1 0 -0.9510565162951538 0.309016994374947
34.27477585066464 1 0 -0.9602936856769416 0.2789911060392341
34.30619177720054 1 0 -0.9685831611286303 0.2486898871648581
34.33760770373644 1 0 -0.975916761938747 0.2181432413965444
34.36902363027234 1 0 -0.9822872507286886 0.1873813145857249
34.40043955680823 1 0 -0.9876883405951368 0.1564344650402366
34.43185548334413 1 0 -0.9921147013144773 0.1253332335643084
34.46327140988003 1 0 -0.9955619646030798 0.09410831331851689
34.49468733641593 1 0 -0.9980267284282714 0.06279051952931436
34.52610326295182 1 0 -0.9995065603657314 0.03141075907813479
34.55751918948772 1 0 -1 4.899825157862589e-15
34.58893511602363 1 0 -0.9995065603657315 -0.03141075907813209
34.62035104255952 1 0 -0.9980267284282717 -0.06279051952931168
34.65176696909542 1 0 -0.99556196460308 -0.09410831331851421
34.68318289563132 1 0 -0.9921147013144777 -0.1253332335643057
34.71459882216722 1 0 -0.9876883405951372 -0.1564344650402339
34.74601474870311 1 0 -0.9822872507286892 -0.1873813145857222
34.77743067523901 1 0 -0.9759167619387475 -0.2181432413965417
34.80884660177491 1 0 -0.968583161128631 -0.2486898871648555
34.84026252831081 1 0 -0.9602936856769424 -0.2789911060392316
34.8716784548467 1 0 -0.9510565162951545 -0.3090169943749445
34.9030943813826 1 0 -0.940880768954226 -0.3387379202452899
34.9345103079185 1 0 -0.9297764858882513 -0.368124552684678
34.96592623445439 1 0 -0.9177546256839832 -0.3971478906347756
34.99734216099029 1 0 -0.9048270524660211 -0.4257792915650692
35.02875808752619 1 0 -0.8910065241883689 -0.4539904997395448
35.06017401406209 1 0 -0.8763066800438639 -0.4817536741017147
35.09158994059798 1 0 -0.8607420270039468 -0.509041415750366
35.12300586713388 1 0 -0.8443279255020175 -0.5358267949789928
35.15442179366978 1 0 -0.8270805742745635 -0.5620833778521281
35.18583772020568 1 0 -0.8090169943749482 -0.587785252292472
35.21725364674158 1 0 -0.7901550123756945 -0.612907053652971
35.24866957327747 1 0 -0.7705132427757926 -0.6374239897486856
35.28008549981338 1 0 -0.7501110696304573 -0.6613118653236545
35.31150142634928 1 0 -0.7289686274214081 -0.6845471059286924
35.34291735288517 1 0 -0.7071067811865479 -0.7071067811865471
35.37433327942107 1 0 -0.6845471059286879 -0.7289686274214123
35.40574920595697 1 0 -0.6613118653236498 -0.7501110696304613
35.43716513249286 1 0 -0.6374239897486919 -0.7705132427757874
35.46858105902876 1 0 -0.6129070536529775 -0.7901550123756896
35.49999698556466 1 0 -0.5877852522924728 -0.8090169943749477
35.53141291210056 1 0 -0.562083377852129 -0.8270805742745629
35.56282883863646 1 0 -0.5358267949789997 -0.8443279255020132
35.59424476517236 1 0 -0.509041415750373 -0.8607420270039426
35.62566069170826 1 0 -0.4817536741017156 -0.8763066800438635
35.65707661824415 1 0 -0.4539904997395456 -0.8910065241883685
35.68849254478005 1 0 -0.4257792915650764 -0.9048270524660177
35.71990847131595 1 0 -0.397147890634783 -0.9177546256839801
35.75132439785185 1 0 -0.3681245526846789 -0.929776485888251
35.78274032438774 1 0 -0.3387379202452975 -0.9408807689542232
35.81415625092364 1 0 -0.3090169943749521 -0.9510565162951521
35.84557217745954 1 0 -0.2789911060392324 -0.9602936856769422
35.87698810399544 1 0 -0.2486898871648565 -0.9685831611286306
35.90840403053133 1 0 -0.2181432413965496 -0.9759167619387458
35.93981995706724 1 0 -0.1873813145857232 -0.9822872507286889
35.97123588360314 1 0 -0.1564344650402279 -0.9876883405951382
36.00265181013904 1 0 -0.1253332335642997 -0.9921147013144784
36.03406773667493 1 0 -0.09410831331851519 -0.9955619646030799
36.06548366321083 1 0 -0.06279051952931264 -0.9980267284282716
36.09689958974673 1 0 -0.03141075907812597 -0.9995065603657316
36.12831551628262 1 0 -3.184700658419707e-15 -1
36.15973144281852 1 0 0.03141075907812671 -0.9995065603657316
36.19114736935442 1 0 0.06279051952931339 -0.9980267284282716
36.22256329589032 1 0 0.09410831331851592 -0.9955619646030799
36.25397922242621 1 0 0.1253332335643004 -0.9921147013144783
36.28539514896211 1 0 0.1564344650402286 -0.9876883405951381
36.31681107549801 1 0 0.1873813145857239 -0.9822872507286888
36.34822700203391 1 0 0.2181432413965434 -0.9759167619387472
36.3796429285698 1 0 0.2486898871648503 -0.9685831611286323
36.4110588551057 1 0 0.2789911060392264 -0.960293685676944
36.4424747816416 1 0 0.3090169943749461 -0.951056516295154
36.47389070817749 1 0 0.3387379202452849 -0.9408807689542278
36.50530663471339 1 0 0.368124552684673 -0.9297764858882533
36.53672256124929 1 0 0.3971478906347772 -0.9177546256839826
36.56813848778519 1 0 0.4257792915650707 -0.9048270524660205
36.59955441432108 1 0 0.45399049973954 -0.8910065241883713
36.63097034085699 1 0 0.4817536741017162 -0.8763066800438631
36.66238626739289 1 0 0.5090414157503735 -0.8607420270039423
36.69380219392879 1 0 0.5358267949790002 -0.8443279255020129
36.72521812046468 1 0 0.5620833778521296 -0.8270805742745626
36.75663404700058 1 0 0.5877852522924734 -0.8090169943749472
36.78804997353648 1 0 0.612907053652978 -0.7901550123756892
36.81946590007238 1 0 0.6374239897486924 -0.770513242775787
36.85088182660827 1 0 0.6613118653236504 -0.7501110696304608
36.88229775314417 1 0 0.6845471059286884 -0.7289686274214119
36.91371367968007 1 0 0.7071067811865483 -0.7071067811865467
36.94512960621596 1 0 0.7289686274214086 -0.6845471059286917
36.97654553275186 1 0 0.7501110696304578 -0.6613118653236539
37.00796145928776 1 0 0.7705132427757886 -0.6374239897486905
37.03937738582366 1 0 0.7901550123756907 -0.612907053652976
37.07079331235956 1 0 0.8090169943749445 -0.5877852522924771
37.10220923889545 1 0 0.8270805742745599 -0.5620833778521334
37.13362516543135 1 0 0.8443279255020141 -0.5358267949789981
37.16504109196725 1 0 0.8607420270039435 -0.5090414157503714
37.19645701850315 1 0 0.8763066800438608 -0.4817536741017203
37.22787294503905 1 0 0.891006524188366 -0.4539904997395504
37.25928887157495 1 0 0.9048270524660185 -0.4257792915650749
37.29070479811084 1 0 0.9177546256839779 -0.3971478906347879
37.32212072464674 1 0 0.9297764858882517 -0.3681245526846773
37.35353665118264 1 0 0.9408807689542262 -0.3387379202452892
37.38495257771854 1 0 0.9510565162951548 -0.3090169943749437
37.41636850425444 1 0 0.9602936856769426 -0.2789911060392308
37.44778443079034 1 0 0.9685831611286311 -0.2486898871648548
37.47920035732623 1 0 0.9759167619387478 -0.218143241396541
37.51061628386213 1 0 0.9822872507286893 -0.1873813145857215
37.54203221039803 1 0 0.9876883405951373 -0.1564344650402332
37.57344813693393 1 0 0.9921147013144778 -0.125333233564305
37.60486406346983 1 0 0.9955619646030801 -0.09410831331851348
37.63627999000572 1 0 0.9980267284282712 -0.06279051952931804
37.66769591654162 1 0 0.9995065603657315 -0.03141075907813136
37.69911184307752 1 0 1 -1.469576158976824e-15
37.73052776961342 1 0 0.9995065603657316 0.03141075907812842
37.76194369614931 1 0 0.9980267284282719 0.062790519529308
37.79335962268521 1 0 0.9955619646030803 0.09410831331851055
37.82477554922111 1 0 0.9921147013144781 0.1253332335643021
37.85619147575701 1 0 0.9876883405951378 0.1564344650402303
37.8876074022929 1 0 0.9822872507286898 0.1873813145857186
37.9190233288288 1 0 0.9759167619387484 0.2181432413965382
37.9504392553647 1 0 0.9685831611286319 0.248689887164852
37.98185518190059 1 0 0.9602936856769454 0.2789911060392212
38.0132711084365 1 0 0.9510565162951535 0.3090169943749477
38.0446870349724 1 0 0.9408807689542248 0.3387379202452932
38.0761029615083 1 0 0.9297764858882501 0.3681245526846812
38.10751888804419 1 0 0.9177546256839819 0.3971478906347788
38.13893481458009 1 0 0.9048270524660197 0.4257792915650723
38.17035074111599 1 0 0.8910065241883673 0.4539904997395479
38.20176666765189 1 0 0.8763066800438623 0.4817536741017177
38.23318259418778 1 0 0.860742027003945 0.509041415750369
38.26459852072368 1 0 0.8443279255020156 0.5358267949789957
38.29601444725958 1 0 0.8270805742745615 0.562083377852131
38.32743037379548 1 0 0.8090169943749462 0.5877852522924748
38.35884630033137 1 0 0.7901550123756925 0.6129070536529738
38.39026222686727 1 0 0.7705132427757904 0.6374239897486883
38.42167815340317 1 0 0.7501110696304597 0.6613118653236517
38.45309407993906 1 0 0.7289686274214154 0.6845471059286845
38.48451000647496 1 0 0.7071067811865505 0.7071067811865446
38.51592593301086 1 0 0.6845471059286906 0.7289686274214098
38.54734185954676 1 0 0.6613118653236526 0.7501110696304589
38.57875778608265 1 0 0.6374239897486947 0.7705132427757851
38.61017371261855 1 0 0.6129070536529804 0.7901550123756874
38.64158963915445 1 0 0.5877852522924758 0.8090169943749455
38.67300556569036 1 0 0.5620833778521261 0.8270805742745648
38.70442149222625 1 0 0.5358267949789967 0.844327925502015
38.73583741876215 1 0 0.50904141575037 0.8607420270039444
38.76725334529805 1 0 0.4817536741017126 0.876306680043865
38.79866927183394 1 0 0.453990499739549 0.8910065241883668
38.83008519836984 1 0 0.4257792915650734 0.9048270524660191
38.86150112490574 1 0 0.3971478906347799 0.9177546256839815
38.89291705144164 1 0 0.3681245526846758 0.9297764858882522
38.92433297797754 1 0 0.3387379202452943 0.9408807689542245
38.95574890451343 1 0 0.3090169943749489 0.9510565162951531
38.98716483104933 1 0 0.2789911060392292 0.9602936856769431
39.01858075758523 1 0 0.2486898871648532 0.9685831611286315
39.04999668412113 1 0 0.2181432413965463 0.9759167619387465
39.08141261065703 1 0 0.1873813145857268 0.9822872507286883
39.11282853719293 1 0 0.1564344650402315 0.9876883405951377
39.14424446372882 1 0 0.1253332335643103 0.9921147013144771
39.17566039026472 1 0 0.09410831331851884 0.9955619646030796
39.20707631680062 1 0 0.06279051952931632 0.9980267284282713
39.23849224333652 1 0 0.03141075907812965 0.9995065603657315
39.26990816987241 1 0 6.859879017134943e-15 1
39.30132409640831 1 0 -0.03141075907812303 0.9995065603657317
39.33274002294421 1 0 -0.06279051952930972 0.9980267284282718
39.36415594948011 1 0 -0.09410831331851933 0.9955619646030796
39.39557187601601 1 0 -0.1253332335643038 0.9921147013144779
39.42698780255191 1 0 -0.156434465040232 0.9876883405951375
39.45840372908781 1 0 -0.1873813145857273 0.9822872507286882
39.4898196556237 1 0 -0.2181432413965398 0.975916761938748
39.5212355821596 1 0 -0.2486898871648536 0.9685831611286314
39.5526515086955 1 0 -0.2789911060392296 0.960293685676943
39.5840674352314 1 0 -0.3090169943749493 0.951056516295153
39.61548336176729 1 0 -0.3387379202452881 0.9408807689542267
39.64689928830319 1 0 -0.3681245526846761 0.9297764858882521
39.67831521483909 1 0 -0.3971478906347803 0.9177546256839813
39.70973114137499 1 0 -0.4257792915650738 0.904827052466019
39.74114706791088 1 0 -0.453990499739543 0.8910065241883698
39.77256299444678 1 0 -0.481753674101713 0.8763066800438648
39.80397892098268 1 0 -0.5090414157503704 0.8607420270039442
39.83539484751857 1 0 -0.5358267949789911 0.8443279255020186
39.86681077405447 1 0 -0.5620833778521265 0.8270805742745646
39.89822670059037 1 0 -0.5877852522924705 0.8090169943749494
39.92964262712627 1 0 -0.6129070536529752 0.7901550123756914
39.96105855366216 1 0 -0.6374239897486841 0.7705132427757939
39.99247448019806 1 0 -0.6613118653236476 0.7501110696304633
40.02389040673396 1 0 -0.6845471059286857 0.7289686274214143
40.05530633326987 1 0 -0.7071067811865508 0.7071067811865442
40.08672225980576 1 0 -0.728968627421411 0.6845471059286893
40.11813818634166 1 0 -0.7501110696304601 0.6613118653236513
40.14955411287756 1 0 -0.7705132427757907 0.6374239897486879
40.18097003941346 1 0 -0.7901550123756929 0.6129070536529734
40.21238596594935 1 0 -0.8090169943749466 0.5877852522924744
40.24380189248525 1 0 -0.8270805742745618 0.5620833778521306
40.27521781902115 1 0 -0.844327925502016 0.5358267949789952
40.30663374555704 1 0 -0.8607420270039416 0.5090414157503746
40.33804967209294 1 0 -0.8763066800438625 0.4817536741017173
40.36946559862884 1 0 -0.8910065241883676 0.4539904997395474
40.40088152516474 1 0 -0.9048270524660199 0.4257792915650718
40.43229745170063 1 0 -0.9177546256839793 0.3971478906347848
40.46371337823653 1 0 -0.9297764858882503 0.3681245526846808
40.49512930477243 1 0 -0.940880768954225 0.3387379202452927
40.52654523130833 1 0 -0.9510565162951536 0.3090169943749472
40.55796115784423 1 0 -0.9602936856769416 0.2789911060392344
40.58937708438012 1 0 -0.9685831611286302 0.2486898871648584
40.62079301091602 1 0 -0.975916761938747 0.2181432413965446
40.65220893745192 1 0 -0.9822872507286873 0.1873813145857321
40.68362486398782 1 0 -0.9876883405951368 0.1564344650402368
40.71504079052372 1 0 -0.9921147013144773 0.1253332335643086
40.74645671705962 1 0 -0.9955619646030804 0.09410831331851006
40.77787264359552 1 0 -0.9980267284282714 0.06279051952931461
40.80928857013141 1 0 -0.9995065603657316 0.03141075907812793
40.84070449666731 1 0 -1 -1.960672839908942e-15
40.87212042320321 1 0 -0.9995065603657315 -0.03141075907813185
40.90353634973911 1 0 -0.9980267284282717 -0.06279051952931143
40.93495227627501 1 0 -0.99556196460308 -0.09410831331851396
40.96636820281091 1 0 -0.9921147013144777 -0.1253332335643055
40.9977841293468 1 0 -0.9876883405951384 -0.1564344650402267
41.0292000558827 1 0 -0.9822872507286892 -0.187381314585722
41.0606159824186 1 0 -0.9759167619387477 -0.2181432413965415
41.0920319089545 1 0 -0.968583161128631 -0.2486898871648553
41.12344783549039 1 0 -0.9602936856769445 -0.2789911060392244
41.15486376202629 1 0 -0.9510565162951546 -0.3090169943749442
41.18627968856219 1 0 -0.9408807689542261 -0.3387379202452897
41.21769561509809 1 0 -0.9297764858882515 -0.3681245526846778
41.24911154163398 1 0 -0.9177546256839834 -0.3971478906347753
41.28052746816988 1 0 -0.9048270524660212 -0.4257792915650689
41.31194339470578 1 0 -0.891006524188369 -0.4539904997395445
41.34335932124167 1 0 -0.8763066800438674 -0.4817536741017083
41.37477524777757 1 0 -0.8607420270039469 -0.5090414157503658
41.40619117431347 1 0 -0.8443279255020176 -0.5358267949789925
41.43760710084938 1 0 -0.8270805742745596 -0.5620833778521338
41.46902302738527 1 0 -0.8090169943749483 -0.5877852522924718
41.50043895392117 1 0 -0.7901550123756904 -0.6129070536529765
41.53185488045707 1 0 -0.7705132427757883 -0.637423989748691
41.56327080699297 1 0 -0.7501110696304574 -0.6613118653236543
41.59468673352886 1 0 -0.7289686274214131 -0.6845471059286869
41.62610266006476 1 0 -0.707106781186548 -0.707106781186547
41.65751858660066 1 0 -0.6845471059286881 -0.7289686274214121
41.68893451313656 1 0 -0.66131186532365 -0.7501110696304611
41.72035043967245 1 0 -0.6374239897486921 -0.7705132427757873
41.75176636620835 1 0 -0.6129070536529777 -0.7901550123756894
41.78318229274425 1 0 -0.587785252292473 -0.8090169943749475
41.81459821928014 1 0 -0.562083377852135 -0.8270805742745588
41.84601414581604 1 0 -0.5358267949789998 -0.8443279255020131
41.87743007235194 1 0 -0.5090414157503732 -0.8607420270039425
41.90884599888784 1 0 -0.4817536741017158 -0.8763066800438634
41.94026192542373 1 0 -0.4539904997395522 -0.8910065241883651
41.97167785195963 1 0 -0.4257792915650767 -0.9048270524660176
42.00309377849553 1 0 -0.3971478906347833 -0.91775462568398
42.03450970503143 1 0 -0.3681245526846791 -0.9297764858882509
42.06592563156732 1 0 -0.3387379202452978 -0.9408807689542231
42.09734155810323 1 0 -0.3090169943749456 -0.9510565162951542
42.12875748463913 1 0 -0.2789911060392259 -0.9602936856769441
42.16017341117502 1 0 -0.2486898871648567 -0.9685831611286306
42.19158933771092 1 0 -0.218143241396543 -0.9759167619387473
42.22300526424682 1 0 -0.1873813145857235 -0.9822872507286889
42.25442119078272 1 0 -0.1564344650402281 -0.9876883405951382
42.28583711731861 1 0 -0.125333233564307 -0.9921147013144775
42.31725304385451 1 0 -0.09410831331851544 -0.9955619646030799
42.34866897039041 1 0 -0.06279051952931289 -0.9980267284282716
42.38008489692631 1 0 -0.03141075907812622 -0.9995065603657316
42.41150082346221 1 0 -3.429630018249177e-15 -1
42.4429167499981 1 0 0.03141075907812647 -0.9995065603657316
42.474332676534 1 0 0.06279051952931314 -0.9980267284282716
42.5057486030699 1 0 0.09410831331850861 -0.9955619646030806
42.5371645296058 1 0 0.1253332335643001 -0.9921147013144783
42.5685804561417 1 0 0.1564344650402283 -0.9876883405951381
42.5999963826776 1 0 0.1873813145857237 -0.9822872507286888
42.63141230921349 1 0 0.2181432413965362 -0.9759167619387488
42.66282823574939 1 0 0.2486898871648501 -0.9685831611286323
42.69424416228529 1 0 0.2789911060392261 -0.960293685676944
42.72566008882119 1 0 0.3090169943749458 -0.9510565162951541
42.75707601535708 1 0 0.3387379202452846 -0.9408807689542279
42.78849194189299 1 0 0.3681245526846794 -0.9297764858882508
42.81990786842888 1 0 0.3971478906347835 -0.9177546256839799
42.85132379496478 1 0 0.4257792915650769 -0.9048270524660176
42.88273972150068 1 0 0.4539904997395461 -0.8910065241883682
42.91415564803658 1 0 0.481753674101716 -0.8763066800438633
42.94557157457248 1 0 0.5090414157503734 -0.8607420270039424
42.97698750110837 1 0 0.535826794978994 -0.8443279255020167
43.00840342764427 1 0 0.5620833778521294 -0.8270805742745626
43.03981935418017 1 0 0.5877852522924732 -0.8090169943749473
43.07123528071607 1 0 0.6129070536529778 -0.7901550123756893
43.10265120725196 1 0 0.6374239897486867 -0.7705132427757917
43.13406713378786 1 0 0.6613118653236502 -0.750111069630461
43.16548306032376 1 0 0.6845471059286882 -0.728968627421412
43.19689898685966 1 0 0.7071067811865482 -0.7071067811865468
43.22831491339555 1 0 0.7289686274214084 -0.6845471059286919
43.25973083993145 1 0 0.7501110696304577 -0.661311865323654
43.29114676646735 1 0 0.7705132427757885 -0.6374239897486907
43.32256269300324 1 0 0.7901550123756862 -0.6129070536529818
43.35397861953914 1 0 0.8090169943749443 -0.5877852522924774
43.38539454607504 1 0 0.8270805742745598 -0.5620833778521336
43.41681047261094 1 0 0.844327925502014 -0.5358267949789983
43.44822639914683 1 0 0.8607420270039398 -0.5090414157503778
43.47964232568274 1 0 0.8763066800438641 -0.4817536741017142
43.51105825221864 1 0 0.8910065241883691 -0.4539904997395444
43.54247417875454 1 0 0.9048270524660214 -0.4257792915650687
43.57389010529043 1 0 0.9177546256839807 -0.3971478906347817
43.60530603182633 1 0 0.9297764858882516 -0.3681245526846776
43.63672195836223 1 0 0.9408807689542261 -0.3387379202452895
43.66813788489812 1 0 0.9510565162951525 -0.3090169943749507
43.69955381143402 1 0 0.9602936856769425 -0.2789911060392311
43.73096973796992 1 0 0.9685831611286311 -0.2486898871648551
43.76238566450582 1 0 0.9759167619387477 -0.2181432413965413
43.79380159104171 1 0 0.9822872507286879 -0.1873813145857288
43.82521751757761 1 0 0.9876883405951373 -0.1564344650402335
43.85663344411351 1 0 0.9921147013144777 -0.1253332335643052
43.88804937064941 1 0 0.9955619646030801 -0.09410831331851373
43.9194652971853 1 0 0.9980267284282712 -0.06279051952931829
43.9508812237212 1 0 0.9995065603657315 -0.0314107590781316
43.9822971502571 1 0 1 -1.714505518806294e-15
44.013713076793 1 0 0.9995065603657318 0.03141075907812108
44.0451290033289 1 0 0.9980267284282719 0.06279051952930775
44.0765449298648 1 0 0.9955619646030804 0.0941083133185103
44.10796085640069 1 0 0.9921147013144781 0.1253332335643018
44.13937678293659 1 0 0.987688340595139 0.156434465040223
44.17079270947249 1 0 0.9822872507286885 0.1873813145857254
44.20220863600839 1 0 0.9759167619387469 0.2181432413965448
44.23362456254429 1 0 0.9685831611286302 0.2486898871648586
44.26504048908019 1 0 0.9602936856769435 0.2789911060392278
44.29645641561608 1 0 0.9510565162951535 0.3090169943749475
44.32787234215198 1 0 0.9408807689542249 0.3387379202452929
44.35928826868788 1 0 0.9297764858882528 0.3681245526846744
44.39070419522378 1 0 0.917754625683982 0.3971478906347785
44.42212012175968 1 0 0.9048270524660198 0.425779291565072
44.45353604829558 1 0 0.8910065241883675 0.4539904997395476
44.48495197483147 1 0 0.8763066800438658 0.4817536741017113
44.51636790136737 1 0 0.8607420270039451 0.5090414157503688
44.54778382790327 1 0 0.8443279255020159 0.5358267949789955
44.57919975443917 1 0 0.8270805742745617 0.5620833778521308
44.61061568097506 1 0 0.8090169943749506 0.5877852522924689
44.64203160751096 1 0 0.7901550123756926 0.6129070536529736
44.67344753404686 1 0 0.7705132427757906 0.6374239897486881
44.70486346058276 1 0 0.7501110696304598 0.6613118653236516
44.73627938711865 1 0 0.7289686274214157 0.6845471059286843
44.76769531365455 1 0 0.7071067811865506 0.7071067811865445
44.79911124019045 1 0 0.6845471059286907 0.7289686274214096
44.83052716672634 1 0 0.6613118653236582 0.750111069630454
44.86194309326225 1 0 0.6374239897486894 0.7705132427757895
44.89335901979815 1 0 0.6129070536529749 0.7901550123756916
44.92477494633405 1 0 0.5877852522924703 0.8090169943749496
44.95619087286994 1 0 0.5620833778521322 0.8270805742745607
44.98760679940584 1 0 0.5358267949789969 0.8443279255020149
45.01902272594174 1 0 0.5090414157503702 0.8607420270039443
45.05043865247764 1 0 0.4817536741017128 0.8763066800438649
45.08185457901353 1 0 0.4539904997395491 0.8910065241883667
45.11327050554943 1 0 0.4257792915650736 0.9048270524660191
45.14468643208533 1 0 0.3971478906347801 0.9177546256839814
45.17610235862122 1 0 0.3681245526846826 0.9297764858882496
45.20751828515712 1 0 0.3387379202452945 0.9408807689542243
45.23893421169302 1 0 0.3090169943749491 0.951056516295153
45.27035013822892 1 0 0.2789911060392294 0.9602936856769431
45.30176606476481 1 0 0.2486898871648603 0.9685831611286297
45.33318199130071 1 0 0.2181432413965465 0.9759167619387465
45.36459791783661 1 0 0.1873813145857271 0.9822872507286882
45.39601384437251 1 0 0.1564344650402317 0.9876883405951375
45.4274297709084 1 0 0.1253332335643106 0.992114701314477
45.4588456974443 1 0 0.09410831331851909 0.9955619646030796
45.4902616239802 1 0 0.06279051952931657 0.9980267284282713
45.5216775505161 1 0 0.03141075907812989 0.9995065603657315
45.553093477052 1 0 -6.189806365883577e-19 1
45.5845094035879 1 0 -0.03141075907812989 0.9995065603657315
45.6159253301238 1 0 -0.06279051952931657 0.9980267284282713
45.64734125665969 1 0 -0.09410831331851202 0.9955619646030802
45.67875718319559 1 0 -0.1253332335643035 0.9921147013144779
45.71017310973149 1 0 -0.1564344650402317 0.9876883405951375
45.74158903626739 1 0 -0.1873813145857271 0.9822872507286882
45.77300496280328 1 0 -0.2181432413965396 0.9759167619387481
45.80442088933918 1 0 -0.2486898871648534 0.9685831611286315
45.83583681587508 1 0 -0.2789911060392294 0.9602936856769431
45.86725274241098 1 0 -0.3090169943749423 0.9510565162951552
45.89866866894688 1 0 -0.3387379202452879 0.9408807689542268
45.93008459548278 1 0 -0.368124552684676 0.9297764858882522
45.96150052201867 1 0 -0.3971478906347801 0.9177546256839814
45.99291644855457 1 0 -0.4257792915650672 0.9048270524660221
46.02433237509047 1 0 -0.4539904997395428 0.8910065241883699
46.05574830162637 1 0 -0.4817536741017128 0.8763066800438649
46.08716422816227 1 0 -0.5090414157503702 0.8607420270039443
46.11858015469816 1 0 -0.5358267949789909 0.8443279255020187
46.14999608123406 1 0 -0.5620833778521264 0.8270805742745647
46.18141200776996 1 0 -0.5877852522924703 0.8090169943749496
46.21282793430586 1 0 -0.6129070536529806 0.7901550123756872
46.24424386084176 1 0 -0.6374239897486894 0.7705132427757895
46.27565978737766 1 0 -0.6613118653236528 0.7501110696304587
46.30707571391356 1 0 -0.6845471059286907 0.7289686274214096
46.33849164044945 1 0 -0.7071067811865456 0.7071067811865495
46.36990756698535 1 0 -0.7289686274214107 0.6845471059286895
46.40132349352125 1 0 -0.7501110696304598 0.6613118653236516
46.43273942005715 1 0 -0.7705132427757906 0.6374239897486881
46.46415534659304 1 0 -0.7901550123756883 0.6129070536529793
46.49557127312894 1 0 -0.8090169943749463 0.5877852522924747
46.52698719966484 1 0 -0.8270805742745617 0.5620833778521308
46.55840312620074 1 0 -0.8443279255020159 0.5358267949789955
46.58981905273663 1 0 -0.8607420270039415 0.5090414157503749
46.62123497927253 1 0 -0.8763066800438624 0.4817536741017175
46.65265090580843 1 0 -0.8910065241883675 0.4539904997395476
46.68406683234432 1 0 -0.9048270524660168 0.4257792915650785
46.71548275888022 1 0 -0.9177546256839793 0.3971478906347851
46.74689868541612 1 0 -0.9297764858882502 0.368124552684681
46.77831461195202 1 0 -0.9408807689542249 0.3387379202452929
46.80973053848791 1 0 -0.9510565162951513 0.3090169943749542
46.84114646502381 1 0 -0.9602936856769415 0.2789911060392346
46.87256239155971 1 0 -0.9685831611286302 0.2486898871648586
46.90397831809562 1 0 -0.9759167619387484 0.2181432413965379
46.93539424463151 1 0 -0.9822872507286885 0.1873813145857254
46.96681017116741 1 0 -0.9876883405951379 0.15643446504023
46.99822609770331 1 0 -0.9921147013144781 0.1253332335643018
47.0296420242392 1 0 -0.9955619646030798 0.09410831331851738
47.0610579507751 1 0 -0.9980267284282714 0.06279051952931484
47.092473877311 1 0 -0.9995065603657316 0.03141075907812818
47.1238898038469 1 0 -1 -1.715743480079471e-15
47.15530573038279 1 0 -0.9995065603657317 -0.0314107590781245
47.18672165691869 1 0 -0.9980267284282717 -0.0627905195293112
47.21813758345459 1 0 -0.9955619646030801 -0.09410831331851373
47.24955350999049 1 0 -0.9921147013144777 -0.1253332335643052
47.28096943652638 1 0 -0.9876883405951384 -0.1564344650402264
47.31238536306228 1 0 -0.9822872507286893 -0.1873813145857218
47.34380128959818 1 0 -0.9759167619387477 -0.2181432413965413
47.37521721613408 1 0 -0.9685831611286329 -0.2486898871648482
47.40663314266997 1 0 -0.9602936856769445 -0.2789911060392242
47.43804906920587 1 0 -0.9510565162951546 -0.309016994374944
47.46946499574177 1 0 -0.9408807689542261 -0.3387379202452895
47.50088092227767 1 0 -0.9297764858882542 -0.368124552684671
47.53229684881357 1 0 -0.9177546256839835 -0.3971478906347752
47.56371277534947 1 0 -0.9048270524660214 -0.4257792915650687
47.59512870188537 1 0 -0.8910065241883659 -0.4539904997395507
47.62654462842126 1 0 -0.8763066800438641 -0.4817536741017142
47.65796055495716 1 0 -0.8607420270039434 -0.5090414157503717
47.68937648149306 1 0 -0.844327925502014 -0.5358267949789983
47.72079240802896 1 0 -0.8270805742745598 -0.5620833778521336
47.75220833456486 1 0 -0.8090169943749486 -0.5877852522924716
47.78362426110075 1 0 -0.7901550123756905 -0.6129070536529763
47.81504018763665 1 0 -0.7705132427757885 -0.6374239897486907
47.84645611417255 1 0 -0.7501110696304624 -0.6613118653236487
47.87787204070845 1 0 -0.7289686274214133 -0.6845471059286867
47.90928796724435 1 0 -0.7071067811865482 -0.7071067811865468
47.94070389378025 1 0 -0.6845471059286882 -0.728968627421412
47.97211982031614 1 0 -0.6613118653236556 -0.7501110696304564
48.00353574685204 1 0 -0.6374239897486922 -0.7705132427757871
48.03495167338794 1 0 -0.6129070536529778 -0.7901550123756893
48.06636759992384 1 0 -0.5877852522924732 -0.8090169943749473
48.09778352645973 1 0 -0.5620833778521352 -0.8270805742745587
48.12919945299563 1 0 -0.535826794979 -0.844327925502013
48.16061537953153 1 0 -0.5090414157503734 -0.8607420270039424
48.19203130606742 1 0 -0.4817536741017222 -0.8763066800438598
48.22344723260332 1 0 -0.4539904997395524 -0.891006524188365
48.25486315913922 1 0 -0.4257792915650769 -0.9048270524660176
48.28627908567513 1 0 -0.397147890634777 -0.9177546256839827
48.31769501221102 1 0 -0.3681245526846794 -0.9297764858882508
48.34911093874692 1 0 -0.3387379202452913 -0.9408807689542255
48.38052686528282 1 0 -0.3090169943749458 -0.9510565162951541
48.41194279181872 1 0 -0.2789911060392261 -0.960293685676944
48.44335871835461 1 0 -0.248689887164857 -0.9685831611286305
48.47477464489051 1 0 -0.2181432413965432 -0.9759167619387472
48.50619057142641 1 0 -0.1873813145857237 -0.9822872507286888
48.5376064979623 1 0 -0.1564344650402354 -0.987688340595137
48.5690224244982 1 0 -0.1253332335643072 -0.9921147013144774
48.6004383510341 1 0 -0.09410831331851567 -0.9955619646030799
48.63185427757 1 0 -0.06279051952931314 -0.9980267284282716
48.66327020410589 1 0 -0.03141075907813357 -0.9995065603657314
48.69468613064179 1 0 -3.674559378078648e-15 -1
48.72610205717769 1 0 0.03141075907812622 -0.9995065603657316
48.75751798371359 1 0 0.06279051952931289 -0.9980267284282716
48.78893391024948 1 0 0.09410831331850836 -0.9955619646030806
48.82034983678538 1 0 0.1253332335642999 -0.9921147013144784
48.85176576332128 1 0 0.1564344650402281 -0.9876883405951382
48.88318168985717 1 0 0.1873813145857165 -0.9822872507286903
48.91459761639307 1 0 0.218143241396536 -0.9759167619387489
48.94601354292898 1 0 0.2486898871648567 -0.9685831611286306
48.97742946946488 1 0 0.2789911060392327 -0.9602936856769421
49.00884539600077 1 0 0.3090169943749456 -0.9510565162951542
49.04026132253667 1 0 0.3387379202452911 -0.9408807689542256
49.07167724907257 1 0 0.3681245526846791 -0.9297764858882509
49.10309317560847 1 0 0.3971478906347833 -0.91775462568398
49.13450910214436 1 0 0.4257792915650703 -0.9048270524660207
49.16592502868026 1 0 0.4539904997395459 -0.8910065241883683
49.19734095521616 1 0 0.4817536741017158 -0.8763066800438634
49.22875688175206 1 0 0.5090414157503732 -0.8607420270039425
49.26017280828795 1 0 0.5358267949789938 -0.8443279255020169
49.29158873482385 1 0 0.5620833778521291 -0.8270805742745628
49.32300466135975 1 0 0.587785252292473 -0.8090169943749475
49.35442058789565 1 0 0.612907053652972 -0.7901550123756939
49.38583651443155 1 0 0.6374239897486866 -0.7705132427757918
49.41725244096745 1 0 0.66131186532365 -0.7501110696304611
49.44866836750334 1 0 0.6845471059286881 -0.7289686274214121
49.48008429403924 1 0 0.707106781186543 -0.707106781186552
49.51150022057514 1 0 0.7289686274214082 -0.6845471059286922
49.54291614711104 1 0 0.7501110696304574 -0.6613118653236543
49.57433207364694 1 0 0.7705132427757883 -0.637423989748691
49.60574800018283 1 0 0.790155012375686 -0.6129070536529821
49.63716392671873 1 0 0.8090169943749483 -0.5877852522924718
49.66857985325463 1 0 0.8270805742745636 -0.5620833778521279
49.69999577979053 1 0 0.8443279255020139 -0.5358267949789985
49.73141170632643 1 0 0.8607420270039433 -0.509041415750372
49.76282763286233 1 0 0.876306680043864 -0.4817536741017145
49.79424355939823 1 0 0.891006524188369 -0.4539904997395445
49.82565948593412 1 0 0.9048270524660182 -0.4257792915650754
49.85707541247002 1 0 0.9177546256839806 -0.3971478906347819
49.88849133900592 1 0 0.9297764858882515 -0.3681245526846778
49.91990726554182 1 0 0.9408807689542261 -0.3387379202452897
49.95132319207771 1 0 0.9510565162951524 -0.3090169943749509
49.98273911861361 1 0 0.9602936856769425 -0.2789911060392313
50.01415504514951 1 0 0.968583161128631 -0.2486898871648553
50.0455709716854 1 0 0.9759167619387461 -0.2181432413965484
50.0769868982213 1 0 0.9822872507286878 -0.187381314585729
50.1084028247572 1 0 0.9876883405951373 -0.1564344650402337
50.1398187512931 1 0 0.9921147013144777 -0.1253332335643055
50.17123467782899 1 0 0.9955619646030793 -0.09410831331852104
50.20265060436489 1 0 0.9980267284282712 -0.06279051952931852
50.23406653090079 1 0 0.9995065603657315 -0.03141075907813184
50.26548245743669 1 0 1 -1.959434878635765e-15
50.29689838397258 1 0 0.9995065603657318 0.03141075907812083
50.32831431050849 1 0 0.9980267284282714 0.06279051952931461
50.35973023704439 1 0 0.9955619646030798 0.09410831331851714
50.39114616358028 1 0 0.9921147013144782 0.1253332335643016
50.42256209011618 1 0 0.9876883405951379 0.1564344650402298
50.45397801665208 1 0 0.9822872507286886 0.1873813145857251
50.48539394318798 1 0 0.975916761938747 0.2181432413965446
50.51680986972387 1 0 0.968583161128632 0.2486898871648515
50.54822579625977 1 0 0.9602936856769436 0.2789911060392276
50.57964172279567 1 0 0.9510565162951536 0.3090169943749472
50.61105764933157 1 0 0.940880768954225 0.3387379202452927
50.64247357586746 1 0 0.9297764858882529 0.3681245526846741
50.67388950240336 1 0 0.9177546256839821 0.3971478906347783
50.70530542893926 1 0 0.9048270524660199 0.4257792915650718
50.73672135547515 1 0 0.8910065241883708 0.4539904997395411
50.76813728201105 1 0 0.8763066800438659 0.481753674101711
50.79955320854695 1 0 0.8607420270039453 0.5090414157503685
50.83096913508285 1 0 0.844327925502016 0.5358267949789952
50.86238506161875 1 0 0.8270805742745658 0.5620833778521247
50.89380098815464 1 0 0.8090169943749507 0.5877852522924686
50.92521691469054 1 0 0.7901550123756929 0.6129070536529734
50.95663284122644 1 0 0.7705132427757907 0.6374239897486879
50.98804876776234 1 0 0.7501110696304647 0.6613118653236459
51.01946469429824 1 0 0.728968627421411 0.6845471059286893
51.05088062083414 1 0 0.7071067811865458 0.7071067811865492
51.08229654737004 1 0 0.6845471059286857 0.7289686274214143
51.11371247390593 1 0 0.6613118653236529 0.7501110696304586
51.14512840044183 1 0 0.6374239897486896 0.7705132427757894
51.17654432697773 1 0 0.6129070536529752 0.7901550123756914
51.20796025351363 1 0 0.5877852522924761 0.8090169943749452
51.23937618004953 1 0 0.5620833778521324 0.8270805742745606
51.27079210658543 1 0 0.5358267949789971 0.8443279255020147
51.30220803312132 1 0 0.5090414157503704 0.8607420270039442
51.33362395965722 1 0 0.4817536741017192 0.8763066800438615
51.36503988619312 1 0 0.4539904997395494 0.8910065241883666
51.39645581272902 1 0 0.4257792915650738 0.904827052466019
51.42787173926492 1 0 0.3971478906347803 0.9177546256839813
51.45928766580081 1 0 0.3681245526846828 0.9297764858882495
51.49070359233671 1 0 0.3387379202452948 0.9408807689542242
51.52211951887261 1 0 0.3090169943749493 0.951056516295153
51.5535354454085 1 0 0.2789911060392364 0.960293685676941
51.5849513719444 1 0 0.2486898871648605 0.9685831611286296
51.6163672984803 1 0 0.2181432413965468 0.9759167619387464
51.6477832250162 1 0 0.1873813145857273 0.9822872507286882
51.6791991515521 1 0 0.156434465040232 0.9876883405951375
51.710615078088 1 0 0.1253332335643038 0.9921147013144779
51.7420310046239 1 0 0.09410831331851227 0.9955619646030802
51.7734469311598 1 0 0.06279051952930972 0.9980267284282718
51.80486285769569 1 0 0.03141075907813013 0.9995065603657315
51.83627878423159 1 0 2.443103791928823e-16 1
51.86769471076749 1 0 -0.03141075907812965 0.9995065603657315
51.89911063730338 1 0 -0.06279051952930922 0.9980267284282718
51.93052656383928 1 0 -0.09410831331851177 0.9955619646030802
51.96194249037518 1 0 -0.1253332335643033 0.992114701314478
51.99335841691108 1 0 -0.1564344650402315 0.9876883405951377
52.02477434344697 1 0 -0.1873813145857199 0.9822872507286896
52.05619026998287 1 0 -0.2181432413965393 0.9759167619387481
52.08760619651877 1 0 -0.2486898871648532 0.9685831611286315
52.11902212305467 1 0 -0.2789911060392292 0.9602936856769431
52.15043804959056 1 0 -0.3090169943749421 0.9510565162951553
52.18185397612646 1 0 -0.3387379202452876 0.9408807689542268
52.21326990266236 1 0 -0.3681245526846758 0.9297764858882522
52.24468582919825 1 0 -0.3971478906347734 0.9177546256839842
52.27610175573415 1 0 -0.4257792915650669 0.9048270524660222
52.30751768227005 1 0 -0.4539904997395426 0.89100652418837
52.33893360880595 1 0 -0.4817536741017126 0.876306680043865
52.37034953534185 1 0 -0.50904141575037 0.8607420270039444
52.40176546187775 1 0 -0.5358267949789967 0.844327925502015
52.43318138841365 1 0 -0.562083377852132 0.8270805742745608
52.46459731494955 1 0 -0.5877852522924758 0.8090169943749455
52.49601324148544 1 0 -0.6129070536529747 0.7901550123756917
52.52742916802134 1 0 -0.6374239897486893 0.7705132427757896
52.55884509455724 1 0 -0.6613118653236526 0.7501110696304589
52.59026102109314 1 0 -0.6845471059286906 0.7289686274214098
52.62167694762903 1 0 -0.7071067811865455 0.7071067811865496
52.65309287416493 1 0 -0.7289686274214106 0.6845471059286897
52.68450880070083 1 0 -0.7501110696304597 0.6613118653236517
52.71592472723673 1 0 -0.7705132427757859 0.6374239897486937
52.74734065377262 1 0 -0.7901550123756881 0.6129070536529794
52.77875658030852 1 0 -0.8090169943749462 0.5877852522924748
52.81017250684442 1 0 -0.8270805742745615 0.562083377852131
52.84158843338032 1 0 -0.8443279255020119 0.5358267949790017
52.87300435991622 1 0 -0.8607420270039414 0.5090414157503751
52.90442028645212 1 0 -0.8763066800438623 0.4817536741017177
52.93583621298801 1 0 -0.8910065241883673 0.4539904997395479
52.96725213952391 1 0 -0.9048270524660167 0.4257792915650787
52.99866806605981 1 0 -0.9177546256839791 0.3971478906347853
53.03008399259571 1 0 -0.9297764858882501 0.3681245526846812
53.06149991913161 1 0 -0.9408807689542248 0.3387379202452932
53.09291584566751 1 0 -0.9510565162951535 0.3090169943749477
53.1243317722034 1 0 -0.9602936856769434 0.278991106039228
53.1557476987393 1 0 -0.9685831611286319 0.248689887164852
53.1871636252752 1 0 -0.9759167619387469 0.2181432413965451
53.2185795518111 1 0 -0.9822872507286885 0.1873813145857256
53.249995478347 1 0 -0.9876883405951378 0.1564344650402303
53.2814114048829 1 0 -0.9921147013144781 0.1253332335643021
53.31282733141879 1 0 -0.9955619646030797 0.09410831331851763
53.34424325795469 1 0 -0.9980267284282714 0.06279051952931509
53.37565918449059 1 0 -0.9995065603657316 0.03141075907812842
53.40707511102648 1 0 -1 5.634613237351002e-15
53.43849103756238 1 0 -0.9995065603657317 -0.03141075907812426
53.46990696409828 1 0 -0.9980267284282717 -0.06279051952931095
53.50132289063418 1 0 -0.9955619646030801 -0.09410831331851348
53.53273881717007 1 0 -0.9921147013144787 -0.125333233564298
53.56415474370597 1 0 -0.9876883405951384 -0.1564344650402262
53.59557067024187 1 0 -0.9822872507286893 -0.1873813145857215
53.62698659677777 1 0 -0.9759167619387478 -0.218143241396541
53.65840252331366 1 0 -0.9685831611286329 -0.2486898871648479
53.68981844984956 1 0 -0.9602936856769446 -0.278991106039224
53.72123437638546 1 0 -0.9510565162951548 -0.3090169943749437
53.75265030292137 1 0 -0.9408807689542239 -0.3387379202452959
53.78406622945726 1 0 -0.9297764858882517 -0.3681245526846773
53.81548215599316 1 0 -0.9177546256839808 -0.3971478906347815
53.84689808252906 1 0 -0.9048270524660185 -0.4257792915650749
53.87831400906495 1 0 -0.8910065241883692 -0.4539904997395441
53.90972993560085 1 0 -0.8763066800438643 -0.481753674101714
53.94114586213675 1 0 -0.8607420270039435 -0.5090414157503714
53.97256178867265 1 0 -0.8443279255020141 -0.5358267949789981
54.00397771520854 1 0 -0.8270805742745639 -0.5620833778521275
54.03539364174444 1 0 -0.8090169943749487 -0.5877852522924714
54.06680956828034 1 0 -0.7901550123756907 -0.612907053652976
54.09822549481624 1 0 -0.7705132427757886 -0.6374239897486905
54.12964142135213 1 0 -0.7501110696304625 -0.6613118653236485
54.16105734788803 1 0 -0.7289686274214134 -0.6845471059286866
54.19247327442393 1 0 -0.7071067811865483 -0.7071067811865467
54.22388920095982 1 0 -0.6845471059286936 -0.7289686274214069
54.25530512749572 1 0 -0.6613118653236557 -0.7501110696304562
54.28672105403162 1 0 -0.6374239897486924 -0.770513242775787
54.31813698056752 1 0 -0.612907053652978 -0.7901550123756892
54.34955290710342 1 0 -0.5877852522924791 -0.809016994374943
54.38096883363932 1 0 -0.5620833778521354 -0.8270805742745585
54.41238476017521 1 0 -0.5358267949790002 -0.8443279255020129
54.44380068671112 1 0 -0.5090414157503674 -0.860742027003946
54.47521661324701 1 0 -0.4817536741017162 -0.8763066800438631
54.50663253978291 1 0 -0.4539904997395463 -0.8910065241883681
54.53804846631881 1 0 -0.4257792915650707 -0.9048270524660205
54.56946439285471 1 0 -0.3971478906347837 -0.9177546256839798
54.6008803193906 1 0 -0.3681245526846796 -0.9297764858882508
54.6322962459265 1 0 -0.3387379202452916 -0.9408807689542255
54.6637121724624 1 0 -0.3090169943749461 -0.951056516295154
54.6951280989983 1 0 -0.2789911060392332 -0.960293685676942
54.7265440255342 1 0 -0.2486898871648572 -0.9685831611286305
54.7579599520701 1 0 -0.2181432413965434 -0.9759167619387472
54.78937587860599 1 0 -0.1873813145857239 -0.9822872507286888
54.82079180514189 1 0 -0.1564344650402356 -0.987688340595137
54.85220773167779 1 0 -0.1253332335643074 -0.9921147013144774
54.88362365821369 1 0 -0.09410831331851591 -0.9955619646030799
54.91503958474958 1 0 -0.06279051952932047 -0.9980267284282711
54.94645551128548 1 0 -0.03141075907813381 -0.9995065603657314
54.97787143782138 1 0 -3.919488737908119e-15 -1
55.00928736435728 1 0 0.03141075907812597 -0.9995065603657316
55.04070329089317 1 0 0.06279051952930557 -0.998026728428272
55.07211921742907 1 0 0.09410831331850812 -0.9955619646030806
55.10353514396498 1 0 0.1253332335643067 -0.9921147013144775
55.13495107050088 1 0 0.1564344650402349 -0.9876883405951371
55.16636699703677 1 0 0.1873813145857232 -0.9822872507286889
55.19778292357267 1 0 0.2181432413965427 -0.9759167619387473
55.22919885010857 1 0 0.2486898871648565 -0.9685831611286306
55.26061477664446 1 0 0.2789911060392256 -0.9602936856769442
55.29203070318036 1 0 0.3090169943749453 -0.9510565162951542
55.32344662971626 1 0 0.3387379202452908 -0.9408807689542257
55.35486255625216 1 0 0.3681245526846789 -0.929776485888251
55.38627848278805 1 0 0.3971478906347765 -0.9177546256839829
55.41769440932395 1 0 0.4257792915650701 -0.9048270524660208
55.44911033585985 1 0 0.4539904997395456 -0.8910065241883685
55.48052626239575 1 0 0.4817536741017156 -0.8763066800438635
55.51194218893164 1 0 0.5090414157503669 -0.8607420270039463
55.54335811546754 1 0 0.5358267949789937 -0.844327925502017
55.57477404200344 1 0 0.562083377852129 -0.8270805742745629
55.60618996853934 1 0 0.5877852522924728 -0.8090169943749477
55.63760589507523 1 0 0.6129070536529718 -0.790155012375694
55.66902182161113 1 0 0.6374239897486864 -0.7705132427757919
55.70043774814703 1 0 0.6613118653236498 -0.7501110696304613
55.73185367468292 1 0 0.6845471059286827 -0.7289686274214171
55.76326960121882 1 0 0.7071067811865429 -0.7071067811865521
55.79468552775473 1 0 0.7289686274214129 -0.6845471059286872
55.82610145429063 1 0 0.7501110696304619 -0.6613118653236492
55.85751738082652 1 0 0.770513242775788 -0.6374239897486912
55.88893330736242 1 0 0.7901550123756902 -0.6129070536529767
55.92034923389832 1 0 0.8090169943749482 -0.587785252292472
55.95176516043422 1 0 0.8270805742745635 -0.5620833778521281
55.98318108697011 1 0 0.8443279255020137 -0.5358267949789988
56.01459701350601 1 0 0.8607420270039432 -0.5090414157503721
56.04601294004191 1 0 0.8763066800438639 -0.4817536741017147
56.0774288665778 1 0 0.8910065241883657 -0.4539904997395511
56.1088447931137 1 0 0.9048270524660181 -0.4257792915650756
56.1402607196496 1 0 0.9177546256839805 -0.3971478906347822
56.1716766461855 1 0 0.9297764858882513 -0.368124552684678
56.2030925727214 1 0 0.9408807689542236 -0.3387379202452966
56.2345084992573 1 0 0.9510565162951523 -0.3090169943749512
56.26592442579319 1 0 0.9602936856769424 -0.2789911060392316
56.29734035232909 1 0 0.968583161128631 -0.2486898871648555
56.32875627886499 1 0 0.975916761938746 -0.2181432413965487
56.36017220540089 1 0 0.9822872507286878 -0.1873813145857292
56.39158813193679 1 0 0.9876883405951372 -0.1564344650402339
56.42300405847268 1 0 0.9921147013144768 -0.1253332335643128
56.45441998500858 1 0 0.9955619646030793 -0.09410831331852129
56.48583591154448 1 0 0.9980267284282717 -0.06279051952931168
56.51725183808038 1 0 0.9995065603657317 -0.031410759078125
56.54866776461628 1 0 1 -2.204364238465236e-15
56.58008369115218 1 0 0.9995065603657316 0.03141075907812769
56.61149961768808 1 0 0.9980267284282714 0.06279051952931436
56.64291554422397 1 0 0.9955619646030798 0.09410831331851689
56.67433147075987 1 0 0.9921147013144782 0.1253332335643014
56.70574739729577 1 0 0.9876883405951379 0.1564344650402296
56.73716332383167 1 0 0.9822872507286886 0.1873813145857249
56.76857925036756 1 0 0.9759167619387485 0.2181432413965375
56.79999517690346 1 0 0.9685831611286321 0.2486898871648512
56.83141110343936 1 0 0.9602936856769436 0.2789911060392273
56.86282702997526 1 0 0.9510565162951538 0.309016994374947
56.89424295651115 1 0 0.9408807689542275 0.3387379202452858
56.92565888304705 1 0 0.929776485888253 0.3681245526846739
56.95707480958295 1 0 0.9177546256839823 0.3971478906347781
56.98849073611885 1 0 0.90482705246602 0.4257792915650716
57.01990666265474 1 0 0.8910065241883709 0.4539904997395409
57.05132258919064 1 0 0.876306680043866 0.4817536741017108
57.08273851572654 1 0 0.8607420270039454 0.5090414157503683
57.11415444226243 1 0 0.8443279255020198 0.535826794978989
57.14557036879833 1 0 0.8270805742745659 0.5620833778521245
57.17698629533424 1 0 0.8090169943749467 0.5877852522924741
57.20840222187014 1 0 0.7901550123756885 0.6129070536529788
57.23981814840603 1 0 0.7705132427757909 0.6374239897486877
57.27123407494193 1 0 0.7501110696304601 0.6613118653236512
57.30265000147783 1 0 0.7289686274214111 0.6845471059286891
57.33406592801373 1 0 0.7071067811865459 0.7071067811865491
57.36548185454962 1 0 0.6845471059286911 0.7289686274214093
57.39689778108552 1 0 0.6613118653236532 0.7501110696304585
57.42831370762142 1 0 0.6374239897486897 0.7705132427757891
57.45972963415732 1 0 0.6129070536529753 0.7901550123756913
57.49114556069321 1 0 0.5877852522924764 0.8090169943749451
57.52256148722911 1 0 0.5620833778521326 0.8270805742745605
57.55397741376501 1 0 0.5358267949789973 0.8443279255020146
57.5853933403009 1 0 0.5090414157503768 0.8607420270039404
57.6168092668368 1 0 0.4817536741017194 0.8763066800438614
57.6482251933727 1 0 0.4539904997395496 0.8910065241883665
57.6796411199086 1 0 0.425779291565074 0.9048270524660189
57.71105704644449 1 0 0.3971478906347871 0.9177546256839784
57.74247297298039 1 0 0.368124552684683 0.9297764858882493
57.77388889951629 1 0 0.338737920245295 0.9408807689542241
57.80530482605219 1 0 0.3090169943749496 0.9510565162951529
57.83672075258809 1 0 0.2789911060392367 0.960293685676941
57.86813667912399 1 0 0.2486898871648539 0.9685831611286313
57.89955260565989 1 0 0.2181432413965401 0.975916761938748
57.93096853219578 1 0 0.1873813145857276 0.9822872507286882
57.96238445873168 1 0 0.1564344650402322 0.9876883405951375
57.99380038526758 1 0 0.125333233564304 0.9921147013144779
58.02521631180348 1 0 0.09410831331851249 0.9955619646030802
58.05663223833938 1 0 0.06279051952931705 0.9980267284282713
58.08804816487527 1 0 0.03141075907813038 0.9995065603657315
58.11946409141117 1 0 4.892397390223529e-16 1
58.15088001794707 1 0 -0.0314107590781294 0.9995065603657315
58.18229594448297 1 0 -0.06279051952930899 0.9980267284282719
58.21371187101887 1 0 -0.09410831331851154 0.9955619646030803
58.24512779755477 1 0 -0.125333233564303 0.992114701314478
58.27654372409066 1 0 -0.1564344650402242 0.9876883405951388
58.30795965062656 1 0 -0.1873813145857196 0.9822872507286896
58.33937557716246 1 0 -0.2181432413965391 0.9759167619387482
58.37079150369836 1 0 -0.2486898871648529 0.9685831611286316
58.40220743023425 1 0 -0.2789911060392221 0.9602936856769452
58.43362335677015 1 0 -0.3090169943749418 0.9510565162951554
58.46503928330605 1 0 -0.3387379202452874 0.9408807689542269
58.49645520984195 1 0 -0.3681245526846755 0.9297764858882523
58.52787113637785 1 0 -0.3971478906347797 0.9177546256839816
58.55928706291375 1 0 -0.4257792915650732 0.9048270524660194
58.59070298944965 1 0 -0.4539904997395487 0.8910065241883669
58.62211891598555 1 0 -0.4817536741017186 0.8763066800438617
58.65353484252144 1 0 -0.5090414157503699 0.8607420270039445
58.68495076905734 1 0 -0.5358267949789965 0.8443279255020152
58.71636669559324 1 0 -0.5620833778521318 0.8270805742745609
58.74778262212913 1 0 -0.5877852522924699 0.8090169943749498
58.77919854866503 1 0 -0.6129070536529746 0.7901550123756919
58.81061447520093 1 0 -0.6374239897486891 0.7705132427757898
58.84203040173683 1 0 -0.6613118653236525 0.750111069630459
58.87344632827272 1 0 -0.6845471059286852 0.7289686274214148
58.90486225480862 1 0 -0.7071067811865452 0.7071067811865498
58.93627818134452 1 0 -0.7289686274214104 0.6845471059286898
58.96769410788042 1 0 -0.7501110696304596 0.6613118653236518
58.99911003441631 1 0 -0.7705132427757857 0.637423989748694
59.03052596095221 1 0 -0.790155012375688 0.6129070536529796
59.06194188748811 1 0 -0.8090169943749461 0.587785252292475
59.093357814024 1 0 -0.8270805742745574 0.562083377852137
59.1247737405599 1 0 -0.8443279255020117 0.5358267949790019
59.1561896670958 1 0 -0.8607420270039413 0.5090414157503753
59.1876055936317 1 0 -0.8763066800438621 0.4817536741017179
59.2190215201676 1 0 -0.8910065241883672 0.4539904997395481
59.2504374467035 1 0 -0.9048270524660196 0.4257792915650725
59.2818533732394 1 0 -0.9177546256839818 0.397147890634779
59.3132692997753 1 0 -0.9297764858882527 0.3681245526846748
59.34468522631119 1 0 -0.9408807689542248 0.3387379202452934
59.37610115284709 1 0 -0.9510565162951534 0.309016994374948
59.40751707938299 1 0 -0.9602936856769434 0.2789911060392282
59.43893300591888 1 0 -0.96858316112863 0.2486898871648591
59.47034893245478 1 0 -0.9759167619387468 0.2181432413965453
59.50176485899068 1 0 -0.9822872507286885 0.1873813145857259
59.53318078552658 1 0 -0.9876883405951378 0.1564344650402305
59.56459671206247 1 0 -0.9921147013144772 0.1253332335643094
59.59601263859837 1 0 -0.9955619646030797 0.09410831331851788
59.62742856513427 1 0 -0.9980267284282714 0.06279051952931534
59.65884449167017 1 0 -0.9995065603657316 0.03141075907812866
59.69026041820607 1 0 -1 5.879542597180472e-15
59.72167634474197 1 0 -0.9995065603657317 -0.03141075907812402
59.75309227127786 1 0 -0.9980267284282718 -0.0627905195293107
59.78450819781376 1 0 -0.9955619646030808 -0.09410831331850616
59.81592412434966 1 0 -0.9921147013144787 -0.1253332335642977
59.84734005088556 1 0 -0.9876883405951385 -0.1564344650402259
59.87875597742146 1 0 -0.9822872507286893 -0.1873813145857213
59.91017190395736 1 0 -0.9759167619387478 -0.2181432413965408
59.94158783049325 1 0 -0.9685831611286312 -0.2486898871648546
59.97300375702915 1 0 -0.9602936856769427 -0.2789911060392306
60.00441968356505 1 0 -0.9510565162951526 -0.3090169943749503
60.03583561010095 1 0 -0.9408807689542263 -0.338737920245289
60.06725153663685 1 0 -0.9297764858882518 -0.3681245526846771
60.09866746317275 1 0 -0.9177546256839809 -0.3971478906347812
60.13008338970864 1 0 -0.9048270524660186 -0.4257792915650747
60.16149931624454 1 0 -0.8910065241883693 -0.4539904997395439
60.19291524278044 1 0 -0.8763066800438644 -0.4817536741017138
60.22433116931634 1 0 -0.8607420270039436 -0.5090414157503713
60.25574709585223 1 0 -0.8443279255020181 -0.5358267949789919
60.28716302238813 1 0 -0.8270805742745641 -0.5620833778521274
60.31857894892403 1 0 -0.8090169943749488 -0.5877852522924712
60.34999487545993 1 0 -0.7901550123756909 -0.6129070536529759
60.38141080199582 1 0 -0.7705132427757933 -0.6374239897486849
60.41282672853172 1 0 -0.7501110696304626 -0.6613118653236484
60.44424265506762 1 0 -0.7289686274214137 -0.6845471059286864
60.47565858160352 1 0 -0.7071067811865486 -0.7071067811865465
60.50707450813941 1 0 -0.6845471059286938 -0.7289686274214068
60.53849043467531 1 0 -0.6613118653236559 -0.7501110696304559
60.56990636121121 1 0 -0.6374239897486926 -0.7705132427757868
60.60132228774711 1 0 -0.6129070536529783 -0.790155012375689
60.63273821428301 1 0 -0.5877852522924737 -0.809016994374947
60.66415414081891 1 0 -0.5620833778521298 -0.8270805742745624
60.69557006735481 1 0 -0.5358267949789944 -0.8443279255020164
60.7269859938907 1 0 -0.5090414157503739 -0.8607420270039421
60.7584019204266 1 0 -0.4817536741017165 -0.8763066800438629
60.7898178469625 1 0 -0.4539904997395465 -0.891006524188368
60.8212337734984 1 0 -0.4257792915650709 -0.9048270524660204
60.85264970003429 1 0 -0.397147890634784 -0.9177546256839797
60.88406562657019 1 0 -0.3681245526846798 -0.9297764858882507
60.91548155310609 1 0 -0.3387379202452918 -0.9408807689542253
60.94689747964198 1 0 -0.3090169943749531 -0.9510565162951518
60.97831340617788 1 0 -0.2789911060392334 -0.9602936856769418
61.00972933271378 1 0 -0.2486898871648574 -0.9685831611286304
61.04114525924968 1 0 -0.2181432413965436 -0.9759167619387471
61.07256118578557 1 0 -0.1873813145857312 -0.9822872507286874
61.10397711232147 1 0 -0.1564344650402359 -0.9876883405951369
61.13539303885737 1 0 -0.1253332335643077 -0.9921147013144774
61.16680896539327 1 0 -0.09410831331851616 -0.9955619646030799
61.19822489192916 1 0 -0.06279051952932072 -0.9980267284282711
61.22964081846506 1 0 -0.03141075907813405 -0.9995065603657314
61.26105674500097 1 0 2.941009259863413e-15 -1
61.29247267153686 1 0 0.03141075907812573 -0.9995065603657316
61.32388859807276 1 0 0.06279051952931242 -0.9980267284282717
61.35530452460866 1 0 0.09410831331851495 -0.99556196460308
61.38672045114456 1 0 0.1253332335643065 -0.9921147013144775
61.41813637768045 1 0 0.1564344650402276 -0.9876883405951382
61.44955230421635 1 0 0.187381314585723 -0.9822872507286889
61.48096823075225 1 0 0.2181432413965425 -0.9759167619387474
61.51238415728815 1 0 0.2486898871648562 -0.9685831611286307
61.54380008382405 1 0 0.2789911060392254 -0.9602936856769442
61.57521601035995 1 0 0.3090169943749451 -0.9510565162951543
61.60663193689584 1 0 0.3387379202452906 -0.9408807689542258
61.63804786343174 1 0 0.3681245526846721 -0.9297764858882537
61.66946378996764 1 0 0.3971478906347763 -0.917754625683983
61.70087971650354 1 0 0.4257792915650698 -0.9048270524660209
61.73229564303944 1 0 0.4539904997395454 -0.8910065241883686
61.76371156957533 1 0 0.4817536741017091 -0.876306680043867
61.79512749611123 1 0 0.5090414157503665 -0.8607420270039464
61.82654342264713 1 0 0.5358267949789933 -0.8443279255020172
61.85795934918303 1 0 0.5620833778521287 -0.8270805742745631
61.88937527571892 1 0 0.5877852522924668 -0.809016994374952
61.92079120225482 1 0 0.6129070536529716 -0.7901550123756942
61.95220712879073 1 0 0.6374239897486916 -0.7705132427757877
61.98362305532662 1 0 0.6613118653236549 -0.7501110696304568
62.01503898186252 1 0 0.6845471059286876 -0.7289686274214124
62.04645490839842 1 0 0.7071067811865477 -0.7071067811865474
62.07787083493432 1 0 0.7289686274214128 -0.6845471059286873
62.10928676147021 1 0 0.7501110696304572 -0.6613118653236546
62.14070268800611 1 0 0.7705132427757879 -0.6374239897486913
62.17211861454201 1 0 0.7901550123756901 -0.6129070536529768
62.20353454107791 1 0 0.8090169943749481 -0.5877852522924722
62.2349504676138 1 0 0.8270805742745594 -0.5620833778521342
62.2663663941497 1 0 0.8443279255020136 -0.535826794978999
62.2977823206856 1 0 0.860742027003943 -0.5090414157503723
62.3291982472215 1 0 0.8763066800438638 -0.4817536741017149
62.36061417375739 1 0 0.8910065241883656 -0.4539904997395513
62.39203010029329 1 0 0.904827052466018 -0.4257792915650758
62.42344602682919 1 0 0.9177546256839804 -0.3971478906347823
62.45486195336508 1 0 0.9297764858882487 -0.3681245526846849
62.48627787990098 1 0 0.9408807689542235 -0.3387379202452969
62.51769380643688 1 0 0.9510565162951523 -0.3090169943749514
62.54910973297278 1 0 0.9602936856769423 -0.2789911060392318
62.58052565950867 1 0 0.9685831611286291 -0.2486898871648626
62.61194158604457 1 0 0.975916761938746 -0.2181432413965489
62.64335751258048 1 0 0.9822872507286891 -0.1873813145857225
62.67477343911638 1 0 0.9876883405951383 -0.1564344650402271
62.70618936565227 1 0 0.9921147013144777 -0.125333233564306
62.73760529218817 1 0 0.99556196460308 -0.09410831331851445
62.76902121872407 1 0 0.9980267284282717 -0.06279051952931192
62.80043714525996 1 0 0.9995065603657314 -0.03141075907813234
62.83185307179586 1 0 1 -2.449293598294707e-15
62.86326899833176 1 0 0.9995065603657316 0.03141075907812745
62.89468492486766 1 0 0.9980267284282716 0.06279051952931412
62.92610085140355 1 0 0.9955619646030804 0.09410831331850958
62.95751677793945 1 0 0.9921147013144782 0.1253332335643011
62.98893270447535 1 0 0.987688340595138 0.1564344650402293
63.02034863101125 1 0 0.9822872507286887 0.1873813145857247
63.05176455754714 1 0 0.9759167619387485 0.2181432413965372
63.08318048408304 1 0 0.9685831611286321 0.248689887164851
63.11459641061894 1 0 0.9602936856769437 0.2789911060392271
63.14601233715484 1 0 0.951056516295156 0.30901699437494
63.17742826369074 1 0 0.9408807689542276 0.3387379202452855
63.20884419022664 1 0 0.9297764858882531 0.3681245526846737
63.24026011676253 1 0 0.9177546256839824 0.3971478906347778
63.27167604329843 1 0 0.9048270524660231 0.4257792915650649
63.30309196983433 1 0 0.891006524188371 0.4539904997395406
63.33450789637023 1 0 0.8763066800438627 0.4817536741017169
63.36592382290613 1 0 0.8607420270039419 0.5090414157503742
63.39733974944203 1 0 0.8443279255020162 0.5358267949789949
63.42875567597792 1 0 0.8270805742745622 0.5620833778521301
63.46017160251382 1 0 0.8090169943749468 0.587785252292474
63.49158752904972 1 0 0.7901550123756887 0.6129070536529786
63.52300345558562 1 0 0.770513242775791 0.6374239897486875
63.55441938212152 1 0 0.7501110696304604 0.6613118653236509
63.58583530865742 1 0 0.7289686274214113 0.6845471059286889
63.61725123519331 1 0 0.7071067811865511 0.7071067811865439
63.64866716172921 1 0 0.6845471059286913 0.728968627421409
63.68008308826511 1 0 0.6613118653236534 0.7501110696304583
63.71149901480101 1 0 0.63742398974869 0.770513242775789
63.7429149413369 1 0 0.6129070536529811 0.7901550123756867
63.7743308678728 1 0 0.5877852522924766 0.8090169943749449
63.8057467944087 1 0 0.5620833778521328 0.8270805742745603
63.8371627209446 1 0 0.5358267949789975 0.8443279255020145
63.86857864748049 1 0 0.509041415750377 0.8607420270039403
63.89999457401639 1 0 0.4817536741017197 0.8763066800438611
63.93141050055229 1 0 0.4539904997395498 0.8910065241883663
63.96282642708818 1 0 0.4257792915650807 0.9048270524660158
63.99424235362408 1 0 0.3971478906347873 0.9177546256839783
64.02565828015999 1 0 0.3681245526846766 0.9297764858882519
64.05707420669589 1 0 0.3387379202452885 0.9408807689542265
64.08849013323179 1 0 0.309016994374943 0.951056516295155
64.11990605976769 1 0 0.2789911060392233 0.9602936856769448
64.15132198630357 1 0 0.248689887164861 0.9685831611286295
64.18273791283947 1 0 0.2181432413965472 0.9759167619387463
64.21415383937537 1 0 0.1873813145857278 0.9822872507286881
64.24556976591127 1 0 0.1564344650402325 0.9876883405951374
64.27698569244717 1 0 0.1253332335643043 0.9921147013144779
64.30840161898307 1 0 0.09410831331851274 0.9955619646030801
64.33981754551897 1 0 0.06279051952931021 0.9980267284282718
64.37123347205485 1 0 0.03141075907813773 0.9995065603657313
64.40264939859075 1 0 7.839596456452825e-15 1
64.43406532512665 1 0 -0.03141075907812205 0.9995065603657317
64.46548125166255 1 0 -0.06279051952930874 0.9980267284282719
64.49689717819845 1 0 -0.09410831331851129 0.9955619646030803
64.52831310473435 1 0 -0.1253332335643028 0.992114701314478
64.55972903127025 1 0 -0.156434465040231 0.9876883405951377
64.59114495780615 1 0 -0.1873813145857263 0.9822872507286884
64.62256088434204 1 0 -0.218143241396532 0.9759167619387498
64.65397681087794 1 0 -0.2486898871648458 0.9685831611286334
64.68539273741385 1 0 -0.2789911060392355 0.9602936856769413
64.71680866394973 1 0 -0.3090169943749417 0.9510565162951554
64.74822459048563 1 0 -0.3387379202452872 0.940880768954227
64.77964051702153 1 0 -0.3681245526846753 0.9297764858882525
64.81105644355743 1 0 -0.3971478906347795 0.9177546256839817
64.84247237009333 1 0 -0.4257792915650729 0.9048270524660194
64.87388829662923 1 0 -0.4539904997395485 0.891006524188367
64.90530422316513 1 0 -0.4817536741017183 0.8763066800438619
64.93672014970103 1 0 -0.5090414157503756 0.8607420270039411
64.96813607623692 1 0 -0.5358267949789902 0.8443279255020191
64.99955200277282 1 0 -0.5620833778521257 0.8270805742745652
65.03096792930872 1 0 -0.5877852522924696 0.80901699437495
65.06238385584462 1 0 -0.6129070536529744 0.7901550123756921
65.09379978238051 1 0 -0.6374239897486889 0.7705132427757899
65.12521570891641 1 0 -0.6613118653236522 0.7501110696304593
65.15663163545231 1 0 -0.6845471059286902 0.7289686274214101
65.1880475619882 1 0 -0.70710678118654 0.707106781186555
65.2194634885241 1 0 -0.7289686274214054 0.6845471059286952
65.25087941506 1 0 -0.7501110696304547 0.6613118653236574
65.2822953415959 1 0 -0.7705132427757856 0.6374239897486941
65.3137112681318 1 0 -0.7901550123756879 0.6129070536529797
65.3451271946677 1 0 -0.8090169943749459 0.5877852522924751
65.3765431212036 1 0 -0.8270805742745613 0.5620833778521314
65.4079590477395 1 0 -0.8443279255020154 0.5358267949789961
65.4393749742754 1 0 -0.8607420270039448 0.5090414157503693
65.47079090081129 1 0 -0.8763066800438655 0.4817536741017119
65.50220682734719 1 0 -0.8910065241883703 0.4539904997395419
65.53362275388308 1 0 -0.9048270524660165 0.4257792915650791
65.56503868041898 1 0 -0.9177546256839789 0.3971478906347857
65.59645460695488 1 0 -0.9297764858882499 0.3681245526846816
65.62787053349078 1 0 -0.9408807689542247 0.3387379202452936
65.65928646002668 1 0 -0.9510565162951533 0.3090169943749482
65.69070238656256 1 0 -0.9602936856769393 0.2789911060392421
65.72211831309848 1 0 -0.9685831611286317 0.2486898871648524
65.75353423963438 1 0 -0.9759167619387483 0.2181432413965387
65.78495016617026 1 0 -0.9822872507286871 0.1873813145857331
65.81636609270618 1 0 -0.9876883405951389 0.1564344650402238
65.84778201924206 1 0 -0.9921147013144771 0.1253332335643096
65.87919794577796 1 0 -0.9955619646030797 0.09410831331851811
65.91061387231386 1 0 -0.9980267284282714 0.06279051952931558
65.94202979884976 1 0 -0.9995065603657315 0.03141075907812891
65.97344572538566 1 0 -1 -9.809554005910593e-16
66.00486165192156 1 0 -0.9995065603657315 -0.03141075907813087
66.03627757845744 1 0 -0.9980267284282722 -0.06279051952930337
66.06769350499336 1 0 -0.9955619646030794 -0.09410831331852007
66.09910943152924 1 0 -0.9921147013144787 -0.1253332335642975
66.13052535806514 1 0 -0.9876883405951385 -0.1564344650402257
66.16194128460104 1 0 -0.9822872507286894 -0.187381314585721
66.19335721113694 1 0 -0.9759167619387479 -0.2181432413965405
66.22477313767283 1 0 -0.9685831611286347 -0.2486898871648406
66.25618906420874 1 0 -0.9602936856769427 -0.2789911060392304
66.28760499074463 1 0 -0.9510565162951571 -0.3090169943749365
66.31902091728054 1 0 -0.940880768954224 -0.3387379202452955
66.35043684381642 1 0 -0.9297764858882545 -0.3681245526846703
66.38185277035232 1 0 -0.9177546256839838 -0.3971478906347745
66.41326869688824 1 0 -0.9048270524660156 -0.4257792915650809
66.44468462342412 1 0 -0.8910065241883695 -0.4539904997395437
66.47610054996002 1 0 -0.8763066800438645 -0.4817536741017137
66.50751647649592 1 0 -0.8607420270039438 -0.5090414157503711
66.53893240303182 1 0 -0.8443279255020144 -0.5358267949789978
66.57034832956771 1 0 -0.8270805742745682 -0.5620833778521213
66.60176425610362 1 0 -0.8090169943749448 -0.5877852522924768
66.63318018263951 1 0 -0.7901550123756953 -0.6129070536529702
66.66459610917542 1 0 -0.7705132427757844 -0.6374239897486956
66.69601203571131 1 0 -0.7501110696304628 -0.6613118653236482
66.72742796224721 1 0 -0.7289686274214138 -0.6845471059286863
66.7588438887831 1 0 -0.7071067811865488 -0.7071067811865464
66.790259815319 1 0 -0.6845471059286888 -0.7289686274214114
66.82167574185489 1 0 -0.6613118653236615 -0.750111069630451
66.8530916683908 1 0 -0.6374239897486874 -0.7705132427757911
66.88450759492669 1 0 -0.612907053652984 -0.7901550123756845
66.91592352146259 1 0 -0.5877852522924796 -0.8090169943749428
66.94733944799849 1 0 -0.5620833778521359 -0.8270805742745583
66.97875537453439 1 0 -0.5358267949790007 -0.8443279255020125
67.01017130107029 1 0 -0.5090414157503741 -0.860742027003942
67.04158722760619 1 0 -0.4817536741017167 -0.8763066800438628
67.07300315414207 1 0 -0.4539904997395594 -0.8910065241883615
67.10441908067799 1 0 -0.4257792915650712 -0.9048270524660202
67.13583500721388 1 0 -0.3971478906347776 -0.9177546256839825
67.16725093374977 1 0 -0.3681245526846866 -0.9297764858882479
67.19866686028568 1 0 -0.3387379202452853 -0.9408807689542277
67.23008278682157 1 0 -0.3090169943749533 -0.9510565162951516
67.26149871335748 1 0 -0.2789911060392199 -0.9602936856769457
67.29291463989337 1 0 -0.2486898871648577 -0.9685831611286304
67.32433056642927 1 0 -0.2181432413965439 -0.9759167619387471
67.35574649296517 1 0 -0.1873813145857244 -0.9822872507286887
67.38716241950107 1 0 -0.1564344650402291 -0.987688340595138
67.41857834603695 1 0 -0.125333233564315 -0.9921147013144764
67.44999427257287 1 0 -0.09410831331850933 -0.9955619646030804
67.48141019910875 1 0 -0.06279051952932097 -0.9980267284282711
67.51282612564465 1 0 -0.03141075907813429 -0.9995065603657314
67.54424205218055 1 0 -4.40934745756706e-15 -1
67.57565797871645 1 0 0.03141075907812549 -0.9995065603657316
67.60707390525235 1 0 0.06279051952931217 -0.9980267284282717
67.63848983178825 1 0 0.0941083133185147 -0.99556196460308
67.66990575832413 1 0 0.1253332335642921 -0.9921147013144793
67.70132168486005 1 0 0.1564344650402344 -0.9876883405951372
67.73273761139593 1 0 0.1873813145857157 -0.9822872507286904
67.76415353793183 1 0 0.2181432413965353 -0.975916761938749
67.79556946446775 1 0 0.2486898871648629 -0.9685831611286291
67.82698539100363 1 0 0.2789911060392252 -0.9602936856769443
67.85840131753953 1 0 0.309016994374945 -0.9510565162951544
67.88981724407543 1 0 0.3387379202452904 -0.9408807689542258
67.92123317061133 1 0 0.3681245526846785 -0.9297764858882512
67.95264909714723 1 0 0.3971478906347826 -0.9177546256839803
67.98406502368313 1 0 0.425779291565076 -0.9048270524660179
68.01548095021901 1 0 0.4539904997395389 -0.8910065241883719
68.04689687675493 1 0 0.4817536741017213 -0.8763066800438603
68.07831280329081 1 0 0.5090414157503664 -0.8607420270039465
68.10972872982671 1 0 0.5358267949789931 -0.8443279255020173
68.14114465636261 1 0 0.5620833778521285 -0.8270805742745633
68.17256058289851 1 0 0.5877852522924724 -0.809016994374948
68.2039765094344 1 0 0.6129070536529658 -0.7901550123756986
68.23539243597031 1 0 0.6374239897486915 -0.7705132427757878
68.2668083625062 1 0 0.6613118653236442 -0.7501110696304664
68.29822428904211 1 0 0.6845471059286927 -0.7289686274214078
68.329640215578 1 0 0.7071067811865425 -0.7071067811865526
68.3610561421139 1 0 0.7289686274214078 -0.6845471059286927
68.39247206864979 1 0 0.750111069630457 -0.6613118653236548
68.42388799518569 1 0 0.7705132427757878 -0.6374239897486915
68.45530392172159 1 0 0.79015501237569 -0.612907053652977
68.48671984825749 1 0 0.809016994374948 -0.5877852522924724
68.51813577479339 1 0 0.8270805742745633 -0.5620833778521285
68.54955170132928 1 0 0.8443279255020096 -0.5358267949790052
68.58096762786519 1 0 0.8607420270039465 -0.5090414157503664
68.61238355440108 1 0 0.8763066800438603 -0.4817536741017213
68.64379948093699 1 0 0.8910065241883719 -0.4539904997395389
68.67521540747288 1 0 0.9048270524660179 -0.425779291565076
68.70663133400878 1 0 0.9177546256839803 -0.3971478906347826
68.73804726054468 1 0 0.9297764858882512 -0.3681245526846785
68.76946318708058 1 0 0.9408807689542258 -0.3387379202452904
68.80087911361646 1 0 0.95105651629515 -0.3090169943749584
68.83229504015237 1 0 0.9602936856769443 -0.2789911060392252
68.86371096668826 1 0 0.9685831611286291 -0.2486898871648629
68.89512689322416 1 0 0.9759167619387459 -0.2181432413965492
68.92654281976006 1 0 0.9822872507286877 -0.1873813145857297
68.95795874629596 1 0 0.9876883405951372 -0.1564344650402344
68.98937467283186 1 0 0.9921147013144775 -0.1253332335643062
69.02079059936776 1 0 0.99556196460308 -0.0941083133185147
69.05220652590364 1 0 0.9980267284282708 -0.06279051952932635
69.08362245243956 1 0 0.9995065603657316 -0.03141075907812548
69.11503837897544 1 0 1 -9.799650315725178e-15
69.14645430551134 1 0 0.9995065603657318 0.0314107590781201
69.17787023204725 1 0 0.9980267284282711 0.06279051952932097
69.20928615858314 1 0 0.9955619646030804 0.09410831331850933
69.24070208511904 1 0 0.9921147013144782 0.1253332335643009
69.27211801165494 1 0 0.987688340595138 0.1564344650402291
69.30353393819084 1 0 0.9822872507286887 0.1873813145857244
69.33494986472674 1 0 0.9759167619387471 0.2181432413965439
69.36636579126264 1 0 0.9685831611286304 0.2486898871648577
69.39778171779852 1 0 0.9602936856769457 0.2789911060392199
69.42919764433444 1 0 0.9510565162951516 0.3090169943749533
69.46061357087032 1 0 0.9408807689542277 0.3387379202452853
69.49202949740622 1 0 0.9297764858882532 0.3681245526846734
69.52344542394212 1 0 0.9177546256839825 0.3971478906347776
69.55486135047802 1 0 0.9048270524660202 0.4257792915650712
69.58627727701391 1 0 0.8910065241883743 0.4539904997395341
69.61769320354982 1 0 0.8763066800438628 0.4817536741017167
69.64910913008571 1 0 0.8607420270039492 0.5090414157503618
69.68052505662162 1 0 0.8443279255020125 0.5358267949790007
69.7119409831575 1 0 0.8270805742745663 0.5620833778521241
69.7433569096934 1 0 0.8090169943749511 0.587785252292468
69.7747728362293 1 0 0.7901550123756932 0.6129070536529728
69.8061887627652 1 0 0.7705132427757911 0.6374239897486874
69.8376046893011 1 0 0.7501110696304605 0.6613118653236508
69.869020615837 1 0 0.7289686274214114 0.6845471059286888
69.9004365423729 1 0 0.7071067811865464 0.7071067811865488
69.93185246890879 1 0 0.6845471059286966 0.7289686274214041
69.9632683954447 1 0 0.6613118653236482 0.7501110696304628
69.99468432198059 1 0 0.6374239897486956 0.7705132427757844
70.0261002485165 1 0 0.6129070536529702 0.7901550123756953
70.05751617505238 1 0 0.5877852522924768 0.8090169943749448
70.08893210158828 1 0 0.562083377852133 0.8270805742745602
70.12034802812418 1 0 0.5358267949789978 0.8443279255020144
70.15176395466008 1 0 0.5090414157503711 0.8607420270039438
70.18317988119597 1 0 0.4817536741017261 0.8763066800438577
70.21459580773188 1 0 0.4539904997395437 0.8910065241883695
70.24601173426777 1 0 0.4257792915650809 0.9048270524660156
70.27742766080368 1 0 0.3971478906347745 0.9177546256839838
70.30884358733957 1 0 0.3681245526846835 0.9297764858882492
70.34025951387547 1 0 0.3387379202452955 0.940880768954224
70.37167544041137 1 0 0.3090169943749501 0.9510565162951528
70.40309136694727 1 0 0.2789911060392304 0.9602936856769427
70.43450729348315 1 0 0.2486898871648681 0.9685831611286277
70.46592322001906 1 0 0.2181432413965405 0.9759167619387479
70.49733914655495 1 0 0.187381314585735 0.9822872507286867
70.52875507309085 1 0 0.1564344650402397 0.9876883405951363
70.56017099962676 1 0 0.1253332335642975 0.9921147013144787
70.59158692616265 1 0 0.09410831331852007 0.9955619646030794
70.62300285269856 1 0 0.06279051952930337 0.9980267284282722
70.65441877923445 1 0 0.03141075907813087 0.9995065603657315
70.68583470577035 1 0 9.790984586812941e-16 1
70.71725063230625 1 0 -0.03141075907812891 0.9995065603657315
70.74866655884215 1 0 -0.06279051952931558 0.9980267284282714
70.78008248537803 1 0 -0.09410831331850396 0.995561964603081
70.81149841191395 1 0 -0.1253332335643096 0.9921147013144771
70.84291433844983 1 0 -0.1564344650402238 0.9876883405951389
70.87433026498573 1 0 -0.1873813145857191 0.9822872507286897
70.90574619152163 1 0 -0.2181432413965387 0.9759167619387483
70.93716211805753 1 0 -0.2486898871648524 0.9685831611286317
70.96857804459343 1 0 -0.2789911060392284 0.9602936856769433
70.99999397112933 1 0 -0.3090169943749482 0.9510565162951533
71.03140989766521 1 0 -0.3387379202452802 0.9408807689542295
71.06282582420113 1 0 -0.3681245526846816 0.9297764858882499
71.09424175073701 1 0 -0.3971478906347727 0.9177546256839846
71.12565767727291 1 0 -0.4257792915650663 0.9048270524660226
71.15707360380881 1 0 -0.4539904997395419 0.8910065241883703
71.18848953034471 1 0 -0.4817536741017119 0.8763066800438655
71.21990545688061 1 0 -0.5090414157503693 0.8607420270039448
71.25132138341651 1 0 -0.5358267949789961 0.8443279255020154
71.28273730995241 1 0 -0.5620833778521314 0.8270805742745613
71.31415323648831 1 0 -0.5877852522924751 0.8090169943749459
71.34556916302421 1 0 -0.6129070536529797 0.7901550123756879
71.37698508956009 1 0 -0.6374239897486832 0.7705132427757947
71.40840101609601 1 0 -0.6613118653236574 0.7501110696304547
71.43981694263189 1 0 -0.6845471059286848 0.7289686274214151
71.47123286916779 1 0 -0.7071067811865449 0.7071067811865501
71.50264879570369 1 0 -0.7289686274214101 0.6845471059286902
71.53406472223959 1 0 -0.7501110696304593 0.6613118653236522
71.56548064877548 1 0 -0.7705132427757809 0.6374239897486997
71.59689657531139 1 0 -0.7901550123756921 0.6129070536529744
71.62831250184728 1 0 -0.8090169943749417 0.5877852522924811
71.65972842838319 1 0 -0.8270805742745652 0.5620833778521257
71.69114435491907 1 0 -0.8443279255020115 0.5358267949790022
71.72256028145497 1 0 -0.8607420270039411 0.5090414157503756
71.75397620799087 1 0 -0.8763066800438619 0.4817536741017183
71.78539213452677 1 0 -0.891006524188367 0.4539904997395485
71.81680806106266 1 0 -0.9048270524660134 0.4257792915650858
71.84822398759857 1 0 -0.9177546256839817 0.3971478906347795
71.87963991413447 1 0 -0.9297764858882525 0.3681245526846753
71.91105584067036 1 0 -0.9408807689542221 0.3387379202453005
71.94247176720627 1 0 -0.9510565162951554 0.3090169943749417
71.97388769374216 1 0 -0.9602936856769413 0.2789911060392355
72.00530362027807 1 0 -0.9685831611286334 0.2486898871648458
72.03671954681396 1 0 -0.9759167619387467 0.2181432413965458
72.06813547334986 1 0 -0.9822872507286884 0.1873813145857263
72.09955139988575 1 0 -0.9876883405951377 0.156434465040231
72.13096732642165 1 0 -0.992114701314478 0.1253332335643028
72.16238325295754 1 0 -0.995561964603079 0.09410831331852543
72.19379917949345 1 0 -0.9980267284282719 0.06279051952930874
72.22521510602934 1 0 -0.9995065603657313 0.03141075907813626
72.25663103256524 1 0 -1 6.369401316839413e-15
72.28804695910114 1 0 -0.9995065603657317 -0.03141075907812352
72.31946288563704 1 0 -0.9980267284282718 -0.06279051952931021
72.35087881217294 1 0 -0.9955619646030801 -0.09410831331851274
72.38229473870884 1 0 -0.9921147013144779 -0.1253332335643043
72.41371066524472 1 0 -0.9876883405951397 -0.1564344650402184
72.44512659178064 1 0 -0.9822872507286881 -0.1873813145857278
72.47654251831652 1 0 -0.9759167619387494 -0.2181432413965334
72.50795844485242 1 0 -0.9685831611286331 -0.2486898871648472
72.53937437138832 1 0 -0.9602936856769448 -0.2789911060392233
72.57079029792422 1 0 -0.951056516295155 -0.309016994374943
72.60220622446012 1 0 -0.9408807689542265 -0.3387379202452885
72.63362215099602 1 0 -0.9297764858882519 -0.3681245526846766
72.66503807753192 1 0 -0.917754625683981 -0.3971478906347808
72.69645400406782 1 0 -0.9048270524660188 -0.4257792915650743
72.72786993060372 1 0 -0.8910065241883663 -0.4539904997395498
72.7592858571396 1 0 -0.876306680043868 -0.4817536741017072
72.79070178367552 1 0 -0.8607420270039403 -0.509041415750377
72.8221177102114 1 0 -0.8443279255020183 -0.5358267949789915
72.8535336367473 1 0 -0.8270805742745643 -0.5620833778521269
72.8849495632832 1 0 -0.8090169943749491 -0.5877852522924709
72.9163654898191 1 0 -0.7901550123756911 -0.6129070536529756
72.94778141635499 1 0 -0.770513242775798 -0.6374239897486791
72.9791973428909 1 0 -0.7501110696304583 -0.6613118653236534
73.01061326942678 1 0 -0.7289686274214188 -0.684547105928681
73.0420291959627 1 0 -0.7071067811865439 -0.7071067811865511
73.07344512249858 1 0 -0.6845471059286942 -0.7289686274214063
73.10486104903448 1 0 -0.6613118653236563 -0.7501110696304557
73.13627697557038 1 0 -0.637423989748693 -0.7705132427757865
73.16769290210628 1 0 -0.6129070536529786 -0.7901550123756887
73.19910882864217 1 0 -0.5877852522924855 -0.8090169943749385
73.23052475517808 1 0 -0.5620833778521301 -0.8270805742745622
73.26194068171398 1 0 -0.5358267949789949 -0.8443279255020162
73.29335660824987 1 0 -0.5090414157503803 -0.8607420270039383
73.32477253478578 1 0 -0.4817536741017106 -0.8763066800438661
73.35618846132166 1 0 -0.4539904997395533 -0.8910065241883646
73.38760438785758 1 0 -0.4257792915650649 -0.9048270524660231
73.41902031439346 1 0 -0.3971478906347844 -0.9177546256839795
73.45043624092936 1 0 -0.3681245526846803 -0.9297764858882505
73.48185216746526 1 0 -0.3387379202452923 -0.9408807689542251
73.51326809400116 1 0 -0.3090169943749468 -0.9510565162951538
73.54468402053705 1 0 -0.2789911060392407 -0.9602936856769397
73.57609994707296 1 0 -0.248689887164851 -0.9685831611286321
73.60751587360885 1 0 -0.2181432413965511 -0.9759167619387454
73.63893180014476 1 0 -0.1873813145857177 -0.9822872507286901
73.67034772668065 1 0 -0.1564344650402363 -0.9876883405951369
73.70176365321655 1 0 -0.1253332335643082 -0.9921147013144773
73.73317957975244 1 0 -0.09410831331851664 -0.9955619646030798
73.76459550628834 1 0 -0.06279051952931411 -0.9980267284282716
73.79601143282423 1 0 -0.03141075907814165 -0.9995065603657312
73.82742735936014 1 0 2.451150540204471e-15 -1
73.85884328589603 1 0 0.03141075907811813 -0.9995065603657318
73.89025921243193 1 0 0.06279051952930484 -0.9980267284282721
73.92167513896783 1 0 0.09410831331850739 -0.9955619646030807
73.95309106550373 1 0 0.1253332335642989 -0.9921147013144785
73.98450699203964 1 0 0.1564344650402412 -0.9876883405951361
74.01592291857553 1 0 0.1873813145857225 -0.9822872507286891
74.04733884511143 1 0 0.218143241396542 -0.9759167619387475
74.07875477164733 1 0 0.2486898871648558 -0.9685831611286309
74.11017069818323 1 0 0.2789911060392318 -0.9602936856769423
74.14158662471911 1 0 0.3090169943749379 -0.9510565162951566
74.17300255125502 1 0 0.3387379202452969 -0.9408807689542235
74.20441847779091 1 0 0.3681245526846716 -0.9297764858882539
74.23583440432681 1 0 0.3971478906347758 -0.9177546256839832
74.26725033086271 1 0 0.4257792915650694 -0.904827052466021
74.29866625739861 1 0 0.453990499739545 -0.8910065241883688
74.33008218393451 1 0 0.4817536741017149 -0.8763066800438638
74.36149811047041 1 0 0.5090414157503723 -0.860742027003943
74.39291403700629 1 0 0.535826794978987 -0.8443279255020212
74.42432996354221 1 0 0.5620833778521342 -0.8270805742745594
74.45574589007809 1 0 0.5877852522924665 -0.8090169943749522
74.48716181661399 1 0 0.6129070536529713 -0.7901550123756944
74.51857774314989 1 0 0.6374239897486859 -0.7705132427757925
74.54999366968579 1 0 0.6613118653236493 -0.7501110696304618
74.58140959622168 1 0 0.684547105928677 -0.7289686274214225
74.61282552275759 1 0 0.7071067811865474 -0.7071067811865477
74.64424144929349 1 0 0.7289686274214124 -0.6845471059286876
74.67565737582939 1 0 0.7501110696304615 -0.6613118653236496
74.70707330236529 1 0 0.7705132427757921 -0.6374239897486862
74.73848922890117 1 0 0.7901550123756854 -0.6129070536529828
74.76990515543709 1 0 0.809016994374952 -0.5877852522924668
74.80132108197297 1 0 0.8270805742745592 -0.5620833778521346
74.83273700850887 1 0 0.8443279255020134 -0.5358267949789993
74.86415293504477 1 0 0.8607420270039429 -0.5090414157503726
74.89556886158067 1 0 0.8763066800438636 -0.4817536741017153
74.92698478811656 1 0 0.8910065241883621 -0.4539904997395581
74.95840071465247 1 0 0.9048270524660209 -0.4257792915650698
74.98981664118836 1 0 0.9177546256839774 -0.3971478906347893
75.02123256772427 1 0 0.9297764858882537 -0.3681245526846721
75.05264849426015 1 0 0.9408807689542233 -0.3387379202452973
75.08406442079605 1 0 0.9510565162951521 -0.3090169943749519
75.11548034733195 1 0 0.9602936856769422 -0.2789911060392322
75.14689627386785 1 0 0.9685831611286307 -0.2486898871648562
75.17831220040374 1 0 0.9759167619387443 -0.2181432413965563
75.20972812693965 1 0 0.9822872507286889 -0.187381314585723
75.24114405347554 1 0 0.987688340595136 -0.1564344650402417
75.27255998001144 1 0 0.9921147013144767 -0.1253332335643135
75.30397590654735 1 0 0.9955619646030807 -0.09410831331850787
75.33539183308324 1 0 0.9980267284282712 -0.06279051952931951
75.36680775961915 1 0 0.9995065603657318 -0.03141075907811863
75.39822368615503 1 0 1 -2.939152317953648e-15
75.42963961269093 1 0 0.9995065603657316 0.03141075907812695
75.46105553922683 1 0 0.9980267284282716 0.06279051952931362
75.49247146576273 1 0 0.9955619646030799 0.09410831331851616
75.52388739229862 1 0 0.9921147013144792 0.1253332335642936
75.55530331883453 1 0 0.9876883405951369 0.1564344650402359
75.58671924537042 1 0 0.9822872507286901 0.1873813145857172
75.61813517190632 1 0 0.9759167619387487 0.2181432413965367
75.64955109844222 1 0 0.9685831611286322 0.2486898871648505
75.68096702497812 1 0 0.9602936856769438 0.2789911060392266
75.71238295151402 1 0 0.951056516295154 0.3090169943749463
75.74379887804992 1 0 0.9408807689542253 0.3387379202452918
75.7752148045858 1 0 0.9297764858882559 0.3681245526846666
75.80663073112171 1 0 0.9177546256839797 0.397147890634784
75.8380466576576 1 0 0.9048270524660234 0.4257792915650645
75.8694625841935 1 0 0.8910065241883712 0.4539904997395402
75.9008785107294 1 0 0.8763066800438664 0.4817536741017102
75.9322944372653 1 0 0.8607420270039458 0.5090414157503678
75.96371036380118 1 0 0.8443279255020241 0.5358267949789824
75.9951262903371 1 0 0.8270805742745624 0.5620833778521298
76.026542216873 1 0 0.809016994374947 0.5877852522924737
76.0579581434089 1 0 0.790155012375689 0.6129070536529783
76.0893740699448 1 0 0.7705132427757868 0.6374239897486926
76.12078999648068 1 0 0.7501110696304654 0.6613118653236453
76.1522059230166 1 0 0.7289686274214068 0.6845471059286938
76.18362184955248 1 0 0.7071067811865515 0.7071067811865436
76.21503777608838 1 0 0.6845471059286916 0.7289686274214088
76.24645370262428 1 0 0.6613118653236537 0.7501110696304579
76.27786962916018 1 0 0.6374239897486903 0.7705132427757887
76.30928555569606 1 0 0.6129070536529871 0.7901550123756821
76.34070148223198 1 0 0.5877852522924712 0.8090169943749488
76.37211740876786 1 0 0.5620833778521391 0.8270805742745561
76.40353333530378 1 0 0.5358267949789919 0.8443279255020181
76.43494926183966 1 0 0.5090414157503774 0.8607420270039401
76.46636518837556 1 0 0.48175367410172 0.8763066800438609
76.49778111491146 1 0 0.4539904997395502 0.8910065241883661
76.52919704144736 1 0 0.4257792915650747 0.9048270524660186
76.56061296798325 1 0 0.3971478906347943 0.9177546256839753
76.59202889451916 1 0 0.3681245526846771 0.9297764858882518
76.62344482105505 1 0 0.3387379202453024 0.9408807689542215
76.65486074759096 1 0 0.3090169943749435 0.9510565162951549
76.68627667412686 1 0 0.2789911060392238 0.9602936856769446
76.71769260066274 1 0 0.2486898871648615 0.9685831611286294
76.74910852719866 1 0 0.2181432413965338 0.9759167619387493
76.78052445373454 1 0 0.1873813145857283 0.9822872507286879
76.81194038027044 1 0 0.156434465040233 0.9876883405951374
76.84335630680634 1 0 0.1253332335643048 0.9921147013144778
76.87477223334224 1 0 0.09410831331851323 0.9955619646030801
76.90618815987813 1 0 0.06279051952932488 0.9980267284282709
76.93760408641404 1 0 0.03141075907812401 0.9995065603657317
76.96902001294993 1 0 8.329455176111767e-15 1
77.00043593948584 1 0 -0.03141075907813577 0.9995065603657313
77.03185186602173 1 0 -0.06279051952930825 0.9980267284282719
77.06326779255762 1 0 -0.0941083133185108 0.9955619646030803
77.09468371909352 1 0 -0.1253332335643023 0.9921147013144781
77.12609964562942 1 0 -0.1564344650402305 0.9876883405951378
77.15751557216531 1 0 -0.1873813145857119 0.9822872507286912
77.18893149870122 1 0 -0.2181432413965453 0.9759167619387468
77.22034742523711 1 0 -0.2486898871648453 0.9685831611286335
77.25176335177301 1 0 -0.2789911060392214 0.9602936856769454
77.28317927830891 1 0 -0.3090169943749412 0.9510565162951556
77.31459520484481 1 0 -0.3387379202452867 0.9408807689542271
77.34601113138072 1 0 -0.368124552684688 0.9297764858882474
77.37742705791661 1 0 -0.397147890634779 0.9177546256839818
77.40884298445251 1 0 -0.4257792915650725 0.9048270524660196
77.4402589109884 1 0 -0.4539904997395481 0.8910065241883672
77.4716748375243 1 0 -0.4817536741017179 0.8763066800438621
77.50309076406019 1 0 -0.5090414157503631 0.8607420270039485
77.5345066905961 1 0 -0.5358267949790019 0.8443279255020117
77.56592261713199 1 0 -0.5620833778521253 0.8270805742745654
77.59733854366789 1 0 -0.5877852522924693 0.8090169943749502
77.62875447020379 1 0 -0.6129070536529739 0.7901550123756923
77.66017039673969 1 0 -0.6374239897486885 0.7705132427757903
77.69158632327559 1 0 -0.6613118653236518 0.7501110696304596
77.72300224981149 1 0 -0.6845471059286898 0.7289686274214104
77.75441817634737 1 0 -0.7071067811865397 0.7071067811865553
77.78583410288329 1 0 -0.7289686274214148 0.6845471059286852
77.81725002941917 1 0 -0.7501110696304544 0.6613118653236578
77.84866595595507 1 0 -0.7705132427757853 0.6374239897486945
77.88008188249097 1 0 -0.7901550123756875 0.6129070536529801
77.91149780902687 1 0 -0.8090169943749456 0.5877852522924756
77.94291373556275 1 0 -0.8270805742745529 0.5620833778521436
77.97432966209867 1 0 -0.8443279255020152 0.5358267949789965
78.00574558863455 1 0 -0.8607420270039373 0.5090414157503821
78.03716151517047 1 0 -0.8763066800438651 0.4817536741017124
78.06857744170637 1 0 -0.8910065241883701 0.4539904997395424
78.09999336824225 1 0 -0.9048270524660162 0.4257792915650796
78.13140929477817 1 0 -0.9177546256839844 0.3971478906347731
78.16282522131405 1 0 -0.9297764858882498 0.3681245526846821
78.19424114784995 1 0 -0.9408807689542245 0.3387379202452941
78.22565707438585 1 0 -0.9510565162951532 0.3090169943749486
78.25707300092175 1 0 -0.9602936856769432 0.2789911060392289
78.28848892745764 1 0 -0.9685831611286281 0.2486898871648667
78.31990485399355 1 0 -0.9759167619387482 0.2181432413965391
78.35132078052943 1 0 -0.9822872507286869 0.1873813145857336
78.38273670706535 1 0 -0.9876883405951388 0.1564344650402242
78.41415263360123 1 0 -0.9921147013144771 0.1253332335643101
78.44556856013713 1 0 -0.9955619646030796 0.09410831331851861
78.47698448667303 1 0 -0.9980267284282713 0.06279051952931608
78.50840041320893 1 0 -0.9995065603657315 0.0314107590781294
78.53981633974482 1 0 -1 1.371975803426989e-14
78.57123226628073 1 0 -0.9995065603657315 -0.03141075907813038
78.60264819281662 1 0 -0.9980267284282722 -0.06279051952930287
78.63406411935252 1 0 -0.9955619646030809 -0.09410831331850543
78.66548004588842 1 0 -0.9921147013144788 -0.125333233564297
78.69689597242431 1 0 -0.9876883405951387 -0.1564344650402252
78.72831189896023 1 0 -0.9822872507286868 -0.1873813145857345
78.75972782549611 1 0 -0.975916761938748 -0.2181432413965401
78.79114375203201 1 0 -0.9685831611286313 -0.2486898871648539
78.82255967856791 1 0 -0.9602936856769428 -0.2789911060392299
78.85397560510381 1 0 -0.9510565162951529 -0.3090169943749496
78.8853915316397 1 0 -0.940880768954229 -0.3387379202452817
78.91680745817561 1 0 -0.9297764858882493 -0.368124552684683
78.9482233847115 1 0 -0.917754625683984 -0.3971478906347741
78.9796393112474 1 0 -0.9048270524660219 -0.4257792915650676
79.0110552377833 1 0 -0.8910065241883697 -0.4539904997395433
79.0424711643192 1 0 -0.8763066800438648 -0.4817536741017132
79.0738870908551 1 0 -0.8607420270039441 -0.5090414157503707
79.10530301739099 1 0 -0.8443279255020146 -0.5358267949789973
79.13671894392688 1 0 -0.8270805742745685 -0.5620833778521208
79.16813487046279 1 0 -0.8090169943749451 -0.5877852522924764
79.19955079699868 1 0 -0.7901550123756956 -0.6129070536529697
79.23096672353458 1 0 -0.7705132427757937 -0.6374239897486843
79.26238265007048 1 0 -0.7501110696304631 -0.6613118653236478
79.29379857660638 1 0 -0.7289686274214141 -0.6845471059286858
79.32521450314226 1 0 -0.7071067811865592 -0.7071067811865359
79.35663042967818 1 0 -0.6845471059286891 -0.7289686274214111
79.38804635621406 1 0 -0.6613118653236618 -0.7501110696304508
79.41946228274998 1 0 -0.6374239897486877 -0.7705132427757909
79.45087820928588 1 0 -0.6129070536529732 -0.790155012375693
79.48229413582176 1 0 -0.5877852522924799 -0.8090169943749425
79.51371006235767 1 0 -0.5620833778521245 -0.8270805742745659
79.54512598889356 1 0 -0.535826794979001 -0.8443279255020123
79.57654191542946 1 0 -0.5090414157503744 -0.8607420270039418
79.60795784196536 1 0 -0.481753674101717 -0.8763066800438626
79.63937376850126 1 0 -0.4539904997395472 -0.8910065241883677
79.67078969503714 1 0 -0.4257792915650844 -0.904827052466014
79.70220562157306 1 0 -0.3971478906347781 -0.9177546256839823
79.73362154810894 1 0 -0.3681245526846871 -0.9297764858882478
79.76503747464486 1 0 -0.3387379202452858 -0.9408807689542275
79.79645340118074 1 0 -0.3090169943749537 -0.9510565162951515
79.82786932771664 1 0 -0.2789911060392341 -0.9602936856769416
79.85928525425254 1 0 -0.2486898871648581 -0.9685831611286303
79.89070118078844 1 0 -0.2181432413965444 -0.975916761938747
79.92211710732433 1 0 -0.1873813145857389 -0.9822872507286859
79.95353303386024 1 0 -0.1564344650402296 -0.9876883405951379
79.98494896039612 1 0 -0.1253332335643155 -0.9921147013144764
80.01636488693204 1 0 -0.09410831331850981 -0.9955619646030804
80.04778081346792 1 0 -0.06279051952932145 -0.998026728428271
80.07919674000382 1 0 -0.03141075907813479 -0.9995065603657314
80.11061266653974 1 0 9.311648537976002e-15 -1
80.14202859307562 1 0 0.031410759078125 -0.9995065603657317
80.17344451961152 1 0 0.06279051952931168 -0.9980267284282717
80.20486044614742 1 0 0.09410831331851421 -0.99556196460308
80.23627637268332 1 0 0.1253332335643057 -0.9921147013144777
80.26769229921921 1 0 0.1564344650402199 -0.9876883405951394
80.29910822575512 1 0 0.1873813145857292 -0.9822872507286878
80.33052415229101 1 0 0.2181432413965348 -0.9759167619387491
80.36194007882692 1 0 0.2486898871648624 -0.9685831611286292
80.3933560053628 1 0 0.2789911060392247 -0.9602936856769444
80.4247719318987 1 0 0.3090169943749445 -0.9510565162951545
80.4561878584346 1 0 0.3387379202452899 -0.940880768954226
80.4876037849705 1 0 0.368124552684678 -0.9297764858882513
80.51901971150639 1 0 0.3971478906347691 -0.9177546256839861
80.5504356380423 1 0 0.4257792915650756 -0.9048270524660181
80.58185156457819 1 0 0.4539904997395385 -0.8910065241883721
80.61326749111409 1 0 0.4817536741017085 -0.8763066800438672
80.64468341764999 1 0 0.509041415750366 -0.8607420270039468
80.67609934418589 1 0 0.5358267949789928 -0.8443279255020175
80.70751527072179 1 0 0.5620833778521281 -0.8270805742745635
80.73893119725768 1 0 0.587785252292472 -0.8090169943749482
80.77034712379358 1 0 0.6129070536529767 -0.7901550123756902
80.80176305032948 1 0 0.6374239897486912 -0.770513242775788
80.83317897686538 1 0 0.6613118653236545 -0.7501110696304573
80.86459490340127 1 0 0.684547105928682 -0.7289686274214178
80.89601082993718 1 0 0.7071067811865521 -0.7071067811865429
80.92742675647307 1 0 0.7289686274214074 -0.6845471059286931
80.95884268300897 1 0 0.7501110696304566 -0.6613118653236553
80.99025860954487 1 0 0.7705132427757874 -0.6374239897486919
81.02167453608077 1 0 0.7901550123756896 -0.6129070536529775
81.05309046261667 1 0 0.8090169943749477 -0.5877852522924728
81.08450638915257 1 0 0.8270805742745629 -0.562083377852129
81.11592231568845 1 0 0.8443279255020094 -0.5358267949790056
81.14733824222436 1 0 0.8607420270039463 -0.5090414157503669
81.17875416876025 1 0 0.87630668004386 -0.4817536741017218
81.21017009529615 1 0 0.8910065241883652 -0.453990499739552
81.24158602183205 1 0 0.9048270524660177 -0.4257792915650764
81.27300194836795 1 0 0.9177546256839801 -0.397147890634783
81.30441787490383 1 0 0.9297764858882458 -0.3681245526846921
81.33583380143975 1 0 0.9408807689542257 -0.3387379202452908
81.36724972797563 1 0 0.9510565162951499 -0.3090169943749589
81.39866565451155 1 0 0.9602936856769442 -0.2789911060392256
81.43008158104743 1 0 0.968583161128629 -0.2486898871648633
81.46149750758333 1 0 0.9759167619387458 -0.2181432413965496
81.49291343411925 1 0 0.9822872507286903 -0.1873813145857162
81.52432936065513 1 0 0.9876883405951371 -0.1564344650402349
81.55574528719103 1 0 0.9921147013144775 -0.1253332335643067
81.58716121372693 1 0 0.9955619646030799 -0.09410831331851519
81.61857714026283 1 0 0.9980267284282716 -0.06279051952931264
81.64999306679871 1 0 0.9995065603657312 -0.03141075907814018
81.68140899333463 1 0 1 3.921345679817883e-15
81.71282491987051 1 0 0.9995065603657318 0.0314107590781196
81.74424084640643 1 0 0.9980267284282711 0.06279051952932048
81.77565677294231 1 0 0.9955619646030806 0.09410831331850886
81.80707269947821 1 0 0.9921147013144783 0.1253332335643004
81.83848862601411 1 0 0.9876883405951381 0.1564344650402286
81.86990455255001 1 0 0.9822872507286888 0.1873813145857239
81.9013204790859 1 0 0.9759167619387503 0.2181432413965295
81.93273640562181 1 0 0.9685831611286305 0.2486898871648572
81.9641523321577 1 0 0.9602936856769458 0.2789911060392196
81.99556825869359 1 0 0.9510565162951562 0.3090169943749393
82.02698418522949 1 0 0.9408807689542278 0.3387379202452849
82.05840011176539 1 0 0.9297764858882533 0.368124552684673
82.08981603830129 1 0 0.9177546256839826 0.3971478906347772
82.12123196483719 1 0 0.9048270524660205 0.4257792915650707
82.15264789137309 1 0 0.8910065241883681 0.4539904997395463
82.18406381790899 1 0 0.8763066800438631 0.4817536741017162
82.21547974444489 1 0 0.8607420270039423 0.5090414157503735
82.24689567098078 1 0 0.8443279255020204 0.5358267949789882
82.27831159751669 1 0 0.8270805742745585 0.5620833778521354
82.30972752405258 1 0 0.8090169943749514 0.5877852522924676
82.34114345058848 1 0 0.7901550123756935 0.6129070536529724
82.37255937712438 1 0 0.7705132427757916 0.637423989748687
82.40397530366027 1 0 0.7501110696304608 0.6613118653236504
82.43539123019617 1 0 0.7289686274214119 0.6845471059286884
82.46680715673207 1 0 0.7071067811865467 0.7071067811865483
82.49822308326796 1 0 0.6845471059286969 0.7289686274214038
82.52963900980387 1 0 0.6613118653236485 0.7501110696304625
82.56105493633976 1 0 0.637423989748696 0.770513242775784
82.59247086287566 1 0 0.6129070536529817 0.7901550123756863
82.62388678941156 1 0 0.5877852522924771 0.8090169943749445
82.65530271594746 1 0 0.5620833778521334 0.8270805742745599
82.68671864248334 1 0 0.5358267949790101 0.8443279255020065
82.71813456901926 1 0 0.5090414157503714 0.8607420270039435
82.74955049555514 1 0 0.4817536741017265 0.8763066800438574
82.78096642209105 1 0 0.4539904997395441 0.8910065241883692
82.81238234862694 1 0 0.4257792915650813 0.9048270524660155
82.84379827516284 1 0 0.3971478906347879 0.9177546256839779
82.87521420169875 1 0 0.3681245526846707 0.9297764858882542
82.90663012823464 1 0 0.3387379202452959 0.9408807689542239
82.93804605477054 1 0 0.3090169943749504 0.9510565162951525
82.96946198130644 1 0 0.2789911060392308 0.9602936856769426
83.00087790784234 1 0 0.2486898871648548 0.9685831611286311
83.03229383437824 1 0 0.218143241396541 0.9759167619387478
83.06370976091414 1 0 0.1873813145857215 0.9822872507286893
83.09512568745002 1 0 0.1564344650402402 0.9876883405951362
83.12654161398594 1 0 0.125333233564298 0.9921147013144787
83.15795754052182 1 0 0.09410831331852056 0.9955619646030794
83.18937346705772 1 0 0.06279051952931804 0.9980267284282712
83.22078939359362 1 0 0.03141075907813136 0.9995065603657315
83.25220532012952 1 0 1.468957178340235e-15 1
83.2836212466654 1 0 -0.03141075907811422 0.999506560365732
83.31503717320132 1 0 -0.06279051952931509 0.9980267284282714
83.3464530997372 1 0 -0.09410831331850347 0.995561964603081
83.37786902627312 1 0 -0.1253332335643091 0.9921147013144772
83.409284952809 1 0 -0.1564344650402233 0.9876883405951389
83.4407008793449 1 0 -0.1873813145857186 0.9822872507286898
83.4721168058808 1 0 -0.2181432413965382 0.9759167619387484
83.5035327324167 1 0 -0.248689887164852 0.9685831611286319
83.5349486589526 1 0 -0.278991106039228 0.9602936856769434
83.5663645854885 1 0 -0.3090169943749477 0.9510565162951535
83.5977805120244 1 0 -0.3387379202452932 0.9408807689542248
83.62919643856029 1 0 -0.368124552684668 0.9297764858882553
83.6606123650962 1 0 -0.3971478906347853 0.9177546256839791
83.69202829163208 1 0 -0.4257792915650659 0.9048270524660227
83.723444218168 1 0 -0.4539904997395542 0.8910065241883641
83.75486014470388 1 0 -0.4817536741017115 0.8763066800438657
83.78627607123978 1 0 -0.509041415750369 0.860742027003945
83.81769199777568 1 0 -0.5358267949789957 0.8443279255020156
83.84910792431158 1 0 -0.562083377852131 0.8270805742745615
83.88052385084747 1 0 -0.5877852522924634 0.8090169943749546
83.91193977738338 1 0 -0.6129070536529794 0.7901550123756881
83.94335570391927 1 0 -0.6374239897486829 0.7705132427757949
83.97477163045517 1 0 -0.6613118653236464 0.7501110696304644
84.00618755699107 1 0 -0.6845471059286845 0.7289686274214154
84.03760348352696 1 0 -0.7071067811865446 0.7071067811865505
84.06901941006286 1 0 -0.7289686274214098 0.6845471059286906
84.10043533659876 1 0 -0.7501110696304589 0.6613118653236526
84.13185126313465 1 0 -0.7705132427757806 0.6374239897487002
84.16326718967056 1 0 -0.7901550123756917 0.6129070536529747
84.19468311620646 1 0 -0.8090169943749497 0.58778525229247
84.22609904274235 1 0 -0.8270805742745568 0.5620833778521379
84.25751496927826 1 0 -0.8443279255020189 0.5358267949789907
84.28893089581415 1 0 -0.8607420270039408 0.5090414157503761
84.32034682235005 1 0 -0.8763066800438616 0.4817536741017188
84.35176274888595 1 0 -0.8910065241883668 0.453990499739549
84.38317867542185 1 0 -0.9048270524660191 0.4257792915650734
84.41459460195775 1 0 -0.9177546256839815 0.3971478906347799
84.44601052849364 1 0 -0.9297764858882522 0.3681245526846758
84.47742645502953 1 0 -0.940880768954222 0.338737920245301
84.50884238156544 1 0 -0.9510565162951553 0.3090169943749421
84.54025830810133 1 0 -0.9602936856769411 0.278991106039236
84.57167423463723 1 0 -0.9685831611286297 0.2486898871648601
84.60309016117313 1 0 -0.9759167619387465 0.2181432413965463
84.63450608770903 1 0 -0.9822872507286883 0.1873813145857268
84.66592201424491 1 0 -0.9876883405951354 0.1564344650402455
84.69733794078083 1 0 -0.992114701314478 0.1253332335643033
84.72875386731671 1 0 -0.9955619646030789 0.09410831331852591
84.76016979385263 1 0 -0.9980267284282718 0.06279051952930922
84.79158572038851 1 0 -0.9995065603657313 0.03141075907813675
84.82300164692441 1 0 -1 6.859260036498355e-15
84.85441757346031 1 0 -0.9995065603657317 -0.03141075907812303
84.88583349999621 1 0 -0.9980267284282718 -0.06279051952930972
84.91724942653211 1 0 -0.9955619646030802 -0.09410831331851227
84.94866535306801 1 0 -0.9921147013144779 -0.1253332335643038
84.98008127960391 1 0 -0.9876883405951375 -0.156434465040232
85.01149720613979 1 0 -0.9822872507286908 -0.1873813145857134
85.04291313267571 1 0 -0.9759167619387464 -0.2181432413965468
85.07432905921159 1 0 -0.9685831611286332 -0.2486898871648467
85.10574498574751 1 0 -0.960293685676941 -0.2789911060392364
85.13716091228339 1 0 -0.9510565162951552 -0.3090169943749426
85.16857683881929 1 0 -0.9408807689542267 -0.3387379202452881
85.19999276535519 1 0 -0.9297764858882521 -0.3681245526846761
85.23140869189109 1 0 -0.9177546256839813 -0.3971478906347803
85.26282461842698 1 0 -0.904827052466025 -0.4257792915650609
85.29424054496289 1 0 -0.8910065241883666 -0.4539904997395494
85.32565647149877 1 0 -0.8763066800438682 -0.4817536741017067
85.35707239803467 1 0 -0.8607420270039478 -0.5090414157503643
85.38848832457057 1 0 -0.8443279255020186 -0.5358267949789911
85.41990425110647 1 0 -0.8270805742745646 -0.5620833778521265
85.45132017764237 1 0 -0.8090169943749494 -0.5877852522924705
85.48273610417827 1 0 -0.7901550123756914 -0.6129070536529752
85.51415203071416 1 0 -0.7705132427757984 -0.6374239897486786
85.54556795725007 1 0 -0.7501110696304586 -0.6613118653236529
85.57698388378597 1 0 -0.7289686274214094 -0.6845471059286908
85.60839981032186 1 0 -0.7071067811865543 -0.7071067811865408
85.63981573685777 1 0 -0.6845471059286841 -0.7289686274214158
85.67123166339366 1 0 -0.6613118653236566 -0.7501110696304554
85.70264758992957 1 0 -0.6374239897486824 -0.7705132427757952
85.73406351646545 1 0 -0.6129070536529789 -0.7901550123756884
85.76547944300135 1 0 -0.5877852522924744 -0.8090169943749466
85.79689536953725 1 0 -0.5620833778521306 -0.8270805742745618
85.82831129607315 1 0 -0.5358267949789952 -0.844327925502016
85.85972722260904 1 0 -0.5090414157503808 -0.8607420270039381
85.89114314914495 1 0 -0.481753674101711 -0.8763066800438659
85.92255907568084 1 0 -0.4539904997395537 -0.8910065241883643
85.95397500221674 1 0 -0.4257792915650783 -0.9048270524660169
85.98539092875264 1 0 -0.3971478906347848 -0.9177546256839793
86.01680685528854 1 0 -0.3681245526846808 -0.9297764858882503
86.04822278182442 1 0 -0.3387379202453061 -0.9408807689542201
86.07963870836033 1 0 -0.3090169943749472 -0.9510565162951536
86.11105463489622 1 0 -0.2789911060392412 -0.9602936856769396
86.14247056143213 1 0 -0.2486898871648515 -0.968583161128632
86.17388648796802 1 0 -0.2181432413965515 -0.9759167619387454
86.20530241450392 1 0 -0.1873813145857321 -0.9822872507286873
86.23671834103982 1 0 -0.1564344650402368 -0.9876883405951368
86.26813426757572 1 0 -0.1253332335643086 -0.9921147013144773
86.29955019411162 1 0 -0.09410831331851714 -0.9955619646030798
86.33096612064752 1 0 -0.06279051952931461 -0.9980267284282714
86.36238204718342 1 0 -0.03141075907812793 -0.9995065603657316
86.39379797371932 1 0 1.96129182054553e-15 -1
86.42521390025522 1 0 0.03141075907813185 -0.9995065603657315
86.4566298267911 1 0 0.06279051952930434 -0.9980267284282721
86.48804575332701 1 0 0.09410831331852104 -0.9955619646030793
86.5194616798629 1 0 0.1253332335642984 -0.9921147013144785
86.5508776063988 1 0 0.1564344650402267 -0.9876883405951384
86.5822935329347 1 0 0.187381314585722 -0.9822872507286892
86.6137094594706 1 0 0.2181432413965415 -0.9759167619387477
86.64512538600648 1 0 0.2486898871648415 -0.9685831611286345
86.6765413125424 1 0 0.2789911060392313 -0.9602936856769425
86.70795723907828 1 0 0.3090169943749375 -0.9510565162951569
86.7393731656142 1 0 0.3387379202452964 -0.9408807689542237
86.77078909215008 1 0 0.3681245526846711 -0.9297764858882541
86.80220501868598 1 0 0.3971478906347753 -0.9177546256839834
86.83362094522188 1 0 0.4257792915650689 -0.9048270524660212
86.86503687175778 1 0 0.4539904997395445 -0.891006524188369
86.89645279829367 1 0 0.4817536741017021 -0.8763066800438708
86.92786872482958 1 0 0.509041415750372 -0.8607420270039433
86.95928465136548 1 0 0.5358267949789985 -0.8443279255020139
86.99070057790136 1 0 0.5620833778521221 -0.8270805742745676
87.02211650443728 1 0 0.5877852522924776 -0.8090169943749442
87.05353243097316 1 0 0.6129070536529709 -0.7901550123756947
87.08494835750908 1 0 0.6374239897486964 -0.7705132427757837
87.11636428404496 1 0 0.6613118653236489 -0.7501110696304621
87.14778021058086 1 0 0.6845471059286869 -0.7289686274214131
87.17919613711676 1 0 0.707106781186547 -0.707106781186548
87.21061206365266 1 0 0.7289686274214121 -0.6845471059286881
87.24202799018855 1 0 0.7501110696304517 -0.6613118653236607
87.27344391672446 1 0 0.7705132427757918 -0.6374239897486866
87.30485984326035 1 0 0.7901550123756851 -0.6129070536529833
87.33627576979625 1 0 0.8090169943749433 -0.5877852522924788
87.36769169633214 1 0 0.8270805742745588 -0.562083377852135
87.39910762286804 1 0 0.8443279255020131 -0.5358267949789998
87.43052354940394 1 0 0.8607420270039425 -0.5090414157503732
87.46193947593984 1 0 0.8763066800438634 -0.4817536741017158
87.49335540247573 1 0 0.8910065241883619 -0.4539904997395586
87.52477132901164 1 0 0.9048270524660207 -0.4257792915650703
87.55618725554753 1 0 0.9177546256839771 -0.3971478906347898
87.58760318208343 1 0 0.9297764858882483 -0.3681245526846857
87.61901910861934 1 0 0.940880768954228 -0.3387379202452844
87.65043503515523 1 0 0.951056516295152 -0.3090169943749524
87.68185096169113 1 0 0.9602936856769421 -0.2789911060392327
87.71326688822703 1 0 0.9685831611286306 -0.2486898871648567
87.74468281476292 1 0 0.9759167619387473 -0.218143241396543
87.77609874129882 1 0 0.9822872507286889 -0.1873813145857235
87.80751466783472 1 0 0.9876883405951382 -0.1564344650402281
87.83893059437061 1 0 0.9921147013144767 -0.125333233564314
87.87034652090652 1 0 0.9955619646030806 -0.09410831331850836
87.90176244744241 1 0 0.9980267284282711 -0.06279051952931998
87.93317837397831 1 0 0.9995065603657314 -0.03141075907813332
87.96459430051421 1 0 1 -3.429011037612589e-15
87.99601022705011 1 0 0.9995065603657316 0.03141075907812647
88.02742615358599 1 0 0.9980267284282724 0.06279051952929895
88.05884208012191 1 0 0.9955619646030799 0.09410831331851567
88.09025800665779 1 0 0.9921147013144792 0.1253332335642931
88.1216739331937 1 0 0.987688340595137 0.1564344650402354
88.15308985972959 1 0 0.9822872507286902 0.1873813145857167
88.18450578626549 1 0 0.9759167619387488 0.2181432413965362
88.21592171280139 1 0 0.9685831611286323 0.2486898871648501
88.24733763933729 1 0 0.960293685676944 0.2789911060392261
88.27875356587317 1 0 0.9510565162951585 0.3090169943749323
88.31016949240909 1 0 0.9408807689542255 0.3387379202452913
88.34158541894499 1 0 0.9297764858882508 0.3681245526846794
88.37300134548087 1 0 0.9177546256839856 0.3971478906347704
88.40441727201679 1 0 0.9048270524660176 0.4257792915650769
88.43583319855267 1 0 0.8910065241883715 0.4539904997395398
88.46724912508859 1 0 0.8763066800438598 0.4817536741017222
88.49866505162447 1 0 0.860742027003946 0.5090414157503672
88.53008097816037 1 0 0.8443279255020167 0.535826794978994
88.56149690469627 1 0 0.8270805742745626 0.5620833778521294
88.59291283123217 1 0 0.8090169943749473 0.5877852522924732
88.62432875776805 1 0 0.7901550123756981 0.6129070536529666
88.65574468430397 1 0 0.7705132427757871 0.6374239897486922
88.68716061083985 1 0 0.7501110696304657 0.6613118653236449
88.71857653737575 1 0 0.7289686274214168 0.6845471059286831
88.74999246391165 1 0 0.7071067811865518 0.7071067811865431
88.78140839044755 1 0 0.6845471059286919 0.7289686274214084
88.81282431698345 1 0 0.661311865323654 0.7501110696304577
88.84424024351935 1 0 0.6374239897486907 0.7705132427757885
88.87565617005524 1 0 0.6129070536529875 0.7901550123756819
88.90707209659115 1 0 0.5877852522924716 0.8090169943749486
88.93848802312704 1 0 0.5620833778521395 0.8270805742745558
88.96990394966294 1 0 0.5358267949790043 0.8443279255020102
89.00131987619885 1 0 0.5090414157503655 0.8607420270039471
89.03273580273473 1 0 0.4817536741017204 0.8763066800438607
89.06415172927065 1 0 0.453990499739538 0.8910065241883723
89.09556765580653 1 0 0.4257792915650752 0.9048270524660184
89.12698358234243 1 0 0.3971478906347817 0.9177546256839807
89.15839950887833 1 0 0.3681245526846776 0.9297764858882516
89.18981543541423 1 0 0.3387379202452895 0.9408807689542261
89.22123136195012 1 0 0.3090169943749575 0.9510565162951503
89.25264728848603 1 0 0.2789911060392242 0.9602936856769445
89.28406321502192 1 0 0.248689887164862 0.9685831611286293
89.31547914155782 1 0 0.2181432413965482 0.9759167619387461
89.34689506809372 1 0 0.1873813145857288 0.9822872507286879
89.37831099462962 1 0 0.1564344650402335 0.9876883405951373
89.40972692116551 1 0 0.1253332335643052 0.9921147013144777
89.44114284770141 1 0 0.09410831331851371 0.9955619646030801
89.4725587742373 1 0 0.06279051952932536 0.9980267284282708
89.50397470077321 1 0 0.0314107590781245 0.9995065603657317
89.5353906273091 1 0 8.819313895770708e-15 1
89.566806553845 1 0 -0.03141075907812108 0.9995065603657318
89.5982224803809 1 0 -0.06279051952930777 0.9980267284282719
89.6296384069168 1 0 -0.09410831331851031 0.9955619646030804
89.66105433345268 1 0 -0.1253332335642877 0.9921147013144799
89.6924702599886 1 0 -0.15643446504023 0.9876883405951379
89.7238861865245 1 0 -0.1873813145857254 0.9822872507286885
89.7553021130604 1 0 -0.2181432413965448 0.9759167619387469
89.78671803959629 1 0 -0.2486898871648586 0.9685831611286302
89.81813396613218 1 0 -0.2789911060392209 0.9602936856769455
89.84954989266809 1 0 -0.3090169943749542 0.9510565162951513
89.88096581920398 1 0 -0.3387379202452863 0.9408807689542273
89.91238174573988 1 0 -0.3681245526846744 0.9297764858882528
89.94379767227578 1 0 -0.3971478906347785 0.917754625683982
89.97521359881168 1 0 -0.425779291565072 0.9048270524660198
90.00662952534756 1 0 -0.453990499739535 0.8910065241883739
90.03804545188348 1 0 -0.4817536741017175 0.8763066800438624
90.06946137841936 1 0 -0.5090414157503627 0.8607420270039488
90.10087730495528 1 0 -0.5358267949790015 0.844327925502012
90.13229323149116 1 0 -0.5620833778521249 0.8270805742745656
90.16370915802706 1 0 -0.5877852522924689 0.8090169943749506
90.19512508456296 1 0 -0.6129070536529736 0.7901550123756926
90.22654101109886 1 0 -0.6374239897486881 0.7705132427757906
90.25795693763475 1 0 -0.6613118653236408 0.7501110696304693
90.28937286417066 1 0 -0.6845471059286895 0.7289686274214107
90.32078879070654 1 0 -0.7071067811865395 0.7071067811865557
90.35220471724244 1 0 -0.7289686274214047 0.6845471059286959
90.38362064377836 1 0 -0.7501110696304635 0.6613118653236475
90.41503657031424 1 0 -0.7705132427757849 0.6374239897486949
90.44645249685016 1 0 -0.790155012375696 0.6129070536529693
90.47786842338604 1 0 -0.8090169943749453 0.587785252292476
90.50928434992194 1 0 -0.8270805742745607 0.5620833778521322
90.54070027645784 1 0 -0.8443279255020149 0.5358267949789969
90.57211620299374 1 0 -0.8607420270039443 0.5090414157503702
90.60353212952963 1 0 -0.8763066800438581 0.4817536741017252
90.63494805606554 1 0 -0.8910065241883699 0.4539904997395428
90.66636398260142 1 0 -0.904827052466016 0.42577929156508
90.69777990913732 1 0 -0.9177546256839786 0.3971478906347866
90.72919583567322 1 0 -0.9297764858882496 0.3681245526846826
90.76061176220912 1 0 -0.9408807689542243 0.3387379202452945
90.79202768874502 1 0 -0.951056516295153 0.3090169943749491
90.82344361528092 1 0 -0.9602936856769431 0.2789911060392294
90.85485954181681 1 0 -0.968583161128628 0.2486898871648672
90.88627546835272 1 0 -0.9759167619387481 0.2181432413965396
90.91769139488861 1 0 -0.9822872507286868 0.187381314585734
90.94910732142451 1 0 -0.9876883405951364 0.1564344650402388
90.98052324796041 1 0 -0.992114701314477 0.1253332335643106
91.01193917449631 1 0 -0.9955619646030796 0.09410831331851909
91.0433551010322 1 0 -0.9980267284282713 0.06279051952931657
91.0747710275681 1 0 -0.9995065603657315 0.03141075907812989
91.106186954104 1 0 -1 -1.237961273176715e-18
91.1376028806399 1 0 -0.9995065603657315 -0.03141075907812989
91.1690188071758 1 0 -0.9980267284282713 -0.06279051952931657
91.20043473371169 1 0 -0.9955619646030809 -0.09410831331850494
91.2318506602476 1 0 -0.992114701314477 -0.1253332335643106
91.26326658678349 1 0 -0.9876883405951387 -0.1564344650402247
91.29468251331939 1 0 -0.9822872507286895 -0.1873813145857201
91.32609843985529 1 0 -0.9759167619387481 -0.2181432413965396
91.35751436639119 1 0 -0.9685831611286315 -0.2486898871648534
91.38893029292707 1 0 -0.960293685676947 -0.2789911060392158
91.42034621946299 1 0 -0.951056516295153 -0.3090169943749491
91.45176214599887 1 0 -0.9408807689542291 -0.3387379202452812
91.48317807253478 1 0 -0.9297764858882496 -0.3681245526846826
91.51459399907067 1 0 -0.9177546256839841 -0.3971478906347736
91.54600992560657 1 0 -0.9048270524660221 -0.4257792915650672
91.57742585214247 1 0 -0.8910065241883699 -0.4539904997395428
91.60884177867837 1 0 -0.8763066800438649 -0.4817536741017128
91.64025770521425 1 0 -0.8607420270039515 -0.509041415750358
91.67167363175017 1 0 -0.8443279255020149 -0.5358267949789969
91.70308955828605 1 0 -0.8270805742745687 -0.5620833778521205
91.73450548482195 1 0 -0.8090169943749537 -0.5877852522924645
91.76592141135787 1 0 -0.7901550123756872 -0.6129070536529806
91.79733733789375 1 0 -0.770513242775794 -0.637423989748684
91.82875326442966 1 0 -0.750111069630454 -0.6613118653236582
91.86016919096555 1 0 -0.7289686274214144 -0.6845471059286855
91.89158511750145 1 0 -0.7071067811865495 -0.7071067811865456
91.92300104403735 1 0 -0.6845471059286895 -0.7289686274214107
91.95441697057325 1 0 -0.6613118653236516 -0.7501110696304598
91.98583289710913 1 0 -0.6374239897486991 -0.7705132427757815
92.01724882364505 1 0 -0.6129070536529736 -0.7901550123756926
92.04866475018093 1 0 -0.5877852522924804 -0.8090169943749421
92.08008067671685 1 0 -0.5620833778521249 -0.8270805742745656
92.11149660325273 1 0 -0.5358267949790015 -0.844327925502012
92.14291252978863 1 0 -0.5090414157503749 -0.8607420270039415
92.17432845632453 1 0 -0.4817536741017175 -0.8763066800438624
92.20574438286043 1 0 -0.4539904997395476 -0.8910065241883675
92.23716030939632 1 0 -0.4257792915650849 -0.9048270524660138
92.26857623593223 1 0 -0.3971478906347785 -0.917754625683982
92.29999216246811 1 0 -0.3681245526846876 -0.9297764858882476
92.33140808900401 1 0 -0.3387379202452996 -0.9408807689542225
92.36282401553991 1 0 -0.3090169943749542 -0.9510565162951513
92.39423994207581 1 0 -0.2789911060392346 -0.9602936856769415
92.42565586861173 1 0 -0.2486898871648449 -0.9685831611286336
92.45707179514761 1 0 -0.2181432413965448 -0.9759167619387469
92.48848772168351 1 0 -0.1873813145857254 -0.9822872507286885
92.51990364821941 1 0 -0.15643446504023 -0.9876883405951379
92.55131957475531 1 0 -0.1253332335643018 -0.9921147013144781
92.5827355012912 1 0 -0.09410831331852446 -0.9955619646030791
92.61415142782711 1 0 -0.06279051952930775 -0.9980267284282719
92.645567354363 1 0 -0.03141075907813528 -0.9995065603657314
92.6769832808989 1 0 -5.389064896884942e-15 -1
92.70839920743479 1 0 0.0314107590781245 -0.9995065603657317
92.73981513397069 1 0 0.0627905195293112 -0.9980267284282717
92.77123106050659 1 0 0.09410831331851373 -0.9955619646030801
92.80264698704249 1 0 0.1253332335643052 -0.9921147013144777
92.83406291357838 1 0 0.1564344650402194 -0.9876883405951395
92.86547884011429 1 0 0.1873813145857288 -0.9822872507286879
92.89689476665018 1 0 0.2181432413965343 -0.9759167619387492
92.92831069318608 1 0 0.2486898871648482 -0.9685831611286329
92.95972661972198 1 0 0.2789911060392242 -0.9602936856769445
92.99114254625788 1 0 0.309016994374944 -0.9510565162951546
93.02255847279376 1 0 0.3387379202452761 -0.940880768954231
93.05397439932968 1 0 0.3681245526846776 -0.9297764858882516
93.08539032586556 1 0 0.3971478906347686 -0.9177546256839864
93.11680625240147 1 0 0.4257792915650752 -0.9048270524660184
93.14822217893737 1 0 0.4539904997395507 -0.8910065241883659
93.17963810547326 1 0 0.481753674101708 -0.8763066800438676
93.21105403200917 1 0 0.5090414157503778 -0.8607420270039398
93.24246995854506 1 0 0.5358267949789923 -0.8443279255020179
93.27388588508096 1 0 0.5620833778521277 -0.8270805742745638
93.30530181161686 1 0 0.5877852522924716 -0.8090169943749486
93.33671773815276 1 0 0.6129070536529763 -0.7901550123756905
93.36813366468864 1 0 0.6374239897486798 -0.7705132427757975
93.39954959122456 1 0 0.661311865323654 -0.7501110696304577
93.43096551776044 1 0 0.6845471059286816 -0.7289686274214182
93.46238144429635 1 0 0.7071067811865518 -0.7071067811865431
93.49379737083224 1 0 0.7289686274214071 -0.6845471059286934
93.52521329736814 1 0 0.7501110696304564 -0.6613118653236556
93.55662922390404 1 0 0.7705132427757871 -0.6374239897486922
93.58804515043994 1 0 0.7901550123756893 -0.6129070536529778
93.61946107697582 1 0 0.809016994374939 -0.5877852522924847
93.65087700351174 1 0 0.8270805742745626 -0.5620833778521294
93.68229293004762 1 0 0.8443279255020091 -0.535826794979006
93.71370885658352 1 0 0.8607420270039388 -0.5090414157503795
93.74512478311942 1 0 0.8763066800438598 -0.4817536741017222
93.77654070965532 1 0 0.891006524188365 -0.4539904997395524
93.80795663619124 1 0 0.9048270524660236 -0.4257792915650641
93.83937256272712 1 0 0.9177546256839799 -0.3971478906347835
93.87078848926302 1 0 0.9297764858882508 -0.3681245526846794
93.90220441579892 1 0 0.9408807689542255 -0.3387379202452913
93.93362034233482 1 0 0.9510565162951541 -0.3090169943749458
93.9650362688707 1 0 0.9602936856769401 -0.2789911060392398
93.99645219540662 1 0 0.9685831611286323 -0.2486898871648501
94.0278681219425 1 0 0.9759167619387457 -0.2181432413965501
94.0592840484784 1 0 0.9822872507286875 -0.1873813145857307
94.0906999750143 1 0 0.987688340595137 -0.1564344650402354
94.1221159015502 1 0 0.9921147013144774 -0.1253332335643072
94.1535318280861 1 0 0.9955619646030799 -0.09410831331851567
94.184947754622 1 0 0.9980267284282716 -0.06279051952931314
94.21636368115789 1 0 0.9995065603657312 -0.03141075907814066
94.2477796076938 1 0 1 3.431486960158942e-15
94.27919553422969 1 0 0.9995065603657318 0.03141075907811912
94.31061146076559 1 0 0.998026728428272 0.0627905195293058
94.34202738730148 1 0 0.9955619646030806 0.09410831331850836
94.37344331383738 1 0 0.9921147013144784 0.1253332335642999
94.40485924037327 1 0 0.9876883405951404 0.1564344650402141
94.43627516690918 1 0 0.9822872507286889 0.1873813145857235
94.46769109344508 1 0 0.9759167619387473 0.218143241396543
94.49910701998098 1 0 0.9685831611286306 0.2486898871648567
94.53052294651688 1 0 0.9602936856769421 0.2789911060392327
94.56193887305277 1 0 0.9510565162951563 0.3090169943749388
94.59335479958868 1 0 0.9408807689542231 0.3387379202452978
94.62477072612457 1 0 0.9297764858882536 0.3681245526846725
94.65618665266047 1 0 0.9177546256839828 0.3971478906347767
94.68760257919637 1 0 0.9048270524660207 0.4257792915650703
94.71901850573227 1 0 0.8910065241883683 0.4539904997395459
94.75043443226815 1 0 0.8763066800438701 0.4817536741017033
94.78185035880406 1 0 0.8607420270039425 0.5090414157503732
94.81326628533995 1 0 0.8443279255020206 0.5358267949789878
94.84468221187586 1 0 0.8270805742745588 0.562083377852135
94.87609813841175 1 0 0.8090169943749517 0.5877852522924673
94.90751406494765 1 0 0.7901550123756939 0.612907053652972
94.93892999148355 1 0 0.7705132427757918 0.6374239897486866
94.97034591801945 1 0 0.7501110696304611 0.66131186532365
95.00176184455533 1 0 0.7289686274214219 0.6845471059286777
95.03317777109125 1 0 0.707106781186547 0.707106781186548
95.06459369762713 1 0 0.6845471059286974 0.7289686274214033
95.09600962416303 1 0 0.6613118653236596 0.7501110696304527
95.12742555069893 1 0 0.6374239897486964 0.7705132427757837
95.15884147723483 1 0 0.6129070536529821 0.790155012375686
95.19025740377074 1 0 0.5877852522924661 0.8090169943749526
95.22167333030663 1 0 0.5620833778521338 0.8270805742745596
95.25308925684253 1 0 0.5358267949789985 0.8443279255020139
95.28450518337843 1 0 0.509041415750372 0.8607420270039433
95.31592110991433 1 0 0.4817536741017145 0.876306680043864
95.34733703645021 1 0 0.4539904997395572 0.8910065241883626
95.37875296298613 1 0 0.4257792915650689 0.9048270524660212
95.41016888952201 1 0 0.3971478906347884 0.9177546256839778
95.44158481605793 1 0 0.3681245526846711 0.9297764858882541
95.47300074259381 1 0 0.3387379202452964 0.9408807689542237
95.50441666912971 1 0 0.3090169943749509 0.9510565162951524
95.53583259566561 1 0 0.2789911060392313 0.9602936856769425
95.56724852220151 1 0 0.2486898871648553 0.968583161128631
95.5986644487374 1 0 0.2181432413965554 0.9759167619387445
95.63008037527331 1 0 0.187381314585722 0.9822872507286892
95.66149630180919 1 0 0.1564344650402407 0.9876883405951362
95.69291222834509 1 0 0.1253332335643125 0.9921147013144768
95.72432815488099 1 0 0.09410831331852104 0.9955619646030793
95.75574408141689 1 0 0.06279051952931852 0.9980267284282712
95.78716000795279 1 0 0.03141075907813184 0.9995065603657315
95.81857593448869 1 0 1.958815897999177e-15 1
95.84999186102459 1 0 -0.03141075907812794 0.9995065603657316
95.88140778756049 1 0 -0.06279051952931461 0.9980267284282714
95.91282371409639 1 0 -0.09410831331851714 0.9955619646030798
95.94423964063228 1 0 -0.1253332335642945 0.9921147013144791
95.97565556716819 1 0 -0.1564344650402368 0.9876883405951368
96.00707149370407 1 0 -0.1873813145857182 0.9822872507286899
96.03848742023997 1 0 -0.2181432413965377 0.9759167619387485
96.06990334677587 1 0 -0.2486898871648515 0.968583161128632
96.10131927331177 1 0 -0.2789911060392276 0.9602936856769436
96.13273519984767 1 0 -0.3090169943749472 0.9510565162951536
96.16415112638357 1 0 -0.3387379202452927 0.940880768954225
96.19556705291946 1 0 -0.3681245526846675 0.9297764858882556
96.22698297945537 1 0 -0.3971478906347848 0.9177546256839793
96.25839890599126 1 0 -0.4257792915650654 0.9048270524660229
96.28981483252716 1 0 -0.4539904997395411 0.8910065241883708
96.32123075906306 1 0 -0.481753674101711 0.8763066800438659
96.35264668559896 1 0 -0.5090414157503685 0.8607420270039453
96.38406261213484 1 0 -0.5358267949789832 0.8443279255020236
96.41547853867075 1 0 -0.5620833778521306 0.8270805742745618
96.44689446520664 1 0 -0.5877852522924629 0.8090169943749549
96.47831039174255 1 0 -0.6129070536529789 0.7901550123756884
96.50972631827844 1 0 -0.6374239897486824 0.7705132427757952
96.54114224481434 1 0 -0.6613118653236459 0.7501110696304647
96.57255817135025 1 0 -0.6845471059286945 0.7289686274214061
96.60397409788614 1 0 -0.7071067811865442 0.7071067811865508
96.63539002442204 1 0 -0.7289686274214094 0.6845471059286908
96.66680595095794 1 0 -0.7501110696304586 0.6613118653236529
96.69822187749384 1 0 -0.7705132427757894 0.6374239897486896
96.72963780402972 1 0 -0.7901550123756828 0.6129070536529864
96.76105373056564 1 0 -0.8090169943749494 0.5877852522924705
96.79246965710152 1 0 -0.8270805742745566 0.5620833778521382
96.82388558363743 1 0 -0.8443279255020186 0.5358267949789911
96.85530151017332 1 0 -0.8607420270039405 0.5090414157503765
96.88671743670922 1 0 -0.8763066800438615 0.4817536741017192
96.91813336324512 1 0 -0.8910065241883666 0.4539904997395494
96.94954928978102 1 0 -0.904827052466019 0.4257792915650738
96.9809652163169 1 0 -0.9177546256839756 0.3971478906347933
97.01238114285282 1 0 -0.9297764858882521 0.3681245526846761
97.0437970693887 1 0 -0.9408807689542219 0.3387379202453014
97.0752129959246 1 0 -0.9510565162951508 0.3090169943749561
97.1066289224605 1 0 -0.960293685676941 0.2789911060392364
97.1380448489964 1 0 -0.9685831611286296 0.2486898871648605
97.1694607755323 1 0 -0.9759167619387464 0.2181432413965468
97.2008767020682 1 0 -0.9822872507286882 0.1873813145857273
97.2322926286041 1 0 -0.9876883405951375 0.156434465040232
97.26370855514 1 0 -0.9921147013144779 0.1253332335643038
97.2951244816759 1 0 -0.9955619646030802 0.09410831331851227
97.32654040821178 1 0 -0.9980267284282709 0.06279051952932391
97.3579563347477 1 0 -0.9995065603657317 0.03141075907812303
97.38937226128358 1 0 -1 7.349118756157295e-15
97.42078818781948 1 0 -0.9995065603657317 -0.03141075907812255
97.45220411435538 1 0 -0.9980267284282718 -0.06279051952930922
97.48362004089128 1 0 -0.9955619646030802 -0.09410831331851177
97.51503596742718 1 0 -0.992114701314478 -0.1253332335643033
97.54645189396308 1 0 -0.9876883405951377 -0.1564344650402315
97.57786782049897 1 0 -0.9822872507286909 -0.1873813145857129
97.60928374703488 1 0 -0.9759167619387465 -0.2181432413965463
97.64069967357077 1 0 -0.9685831611286333 -0.2486898871648463
97.67211560010666 1 0 -0.9602936856769451 -0.2789911060392224
97.70353152664256 1 0 -0.9510565162951553 -0.3090169943749421
97.73494745317846 1 0 -0.9408807689542268 -0.3387379202452876
97.76636337971435 1 0 -0.9297764858882575 -0.3681245526846625
97.79777930625026 1 0 -0.9177546256839815 -0.3971478906347799
97.82919523278615 1 0 -0.9048270524660252 -0.4257792915650606
97.86061115932206 1 0 -0.8910065241883668 -0.453990499739549
97.89202708585796 1 0 -0.8763066800438616 -0.4817536741017188
97.92344301239385 1 0 -0.860742027003948 -0.5090414157503639
97.95485893892976 1 0 -0.8443279255020112 -0.5358267949790028
97.98627486546565 1 0 -0.8270805742745648 -0.5620833778521261
98.01769079200155 1 0 -0.8090169943749497 -0.58778525229247
98.04910671853744 1 0 -0.7901550123756917 -0.6129070536529747
98.08052264507334 1 0 -0.7705132427757896 -0.6374239897486893
98.11193857160923 1 0 -0.7501110696304683 -0.6613118653236419
98.14335449814514 1 0 -0.7289686274214098 -0.6845471059286906
98.17477042468103 1 0 -0.7071067811865546 -0.7071067811865405
98.20618635121694 1 0 -0.6845471059286845 -0.7289686274214154
98.23760227775283 1 0 -0.661311865323657 -0.750111069630455
98.26901820428873 1 0 -0.6374239897486937 -0.7705132427757859
98.30043413082463 1 0 -0.6129070536529794 -0.7901550123756881
98.33185005736053 1 0 -0.5877852522924748 -0.8090169943749462
98.36326598389641 1 0 -0.5620833778521428 -0.8270805742745536
98.39468191043233 1 0 -0.5358267949789957 -0.8443279255020156
98.42609783696821 1 0 -0.5090414157503812 -0.8607420270039378
98.45751376350412 1 0 -0.4817536741017115 -0.8763066800438657
98.48892969004001 1 0 -0.4539904997395541 -0.8910065241883641
98.52034561657591 1 0 -0.4257792915650787 -0.9048270524660167
98.55176154311181 1 0 -0.3971478906347853 -0.9177546256839791
98.58317746964771 1 0 -0.3681245526846812 -0.9297764858882501
98.61459339618361 1 0 -0.3387379202452931 -0.9408807689542248
98.64600932271951 1 0 -0.3090169943749477 -0.9510565162951535
98.67742524925541 1 0 -0.278991106039228 -0.9602936856769434
98.70884117579129 1 0 -0.2486898871648657 -0.9685831611286283
98.74025710232721 1 0 -0.2181432413965382 -0.9759167619387484
98.77167302886309 1 0 -0.1873813145857326 -0.9822872507286872
98.80308895539901 1 0 -0.1564344650402233 -0.9876883405951389
98.83450488193489 1 0 -0.1253332335643091 -0.9921147013144772
98.86592080847079 1 0 -0.09410831331851763 -0.9955619646030797
98.89733673500669 1 0 -0.06279051952931509 -0.9980267284282714
98.92875266154259 1 0 -0.03141075907812842 -0.9995065603657316
98.96016858807847 1 0 -1.273942161431541e-14 -1
98.99158451461439 1 0 0.03141075907813136 -0.9995065603657315
99.02300044115027 1 0 0.06279051952930385 -0.9980267284282721
99.05441636768617 1 0 0.0941083133185064 -0.9955619646030808
99.08583229422207 1 0 0.125333233564298 -0.9921147013144787
99.11724822075797 1 0 0.1564344650402262 -0.9876883405951384
99.14866414729387 1 0 0.1873813145857215 -0.9822872507286893
99.18008007382977 1 0 0.218143241396541 -0.9759167619387478
99.21149600036566 1 0 0.2486898871648411 -0.9685831611286346
99.24291192690157 1 0 0.2789911060392308 -0.9602936856769426
99.27432785343747 1 0 0.3090169943749505 -0.9510565162951525
99.30574377997335 1 0 0.3387379202452826 -0.9408807689542287
99.33715970650927 1 0 0.368124552684684 -0.929776485888249
99.36857563304515 1 0 0.397147890634775 -0.9177546256839836
99.39999155958105 1 0 0.4257792915650686 -0.9048270524660215
99.43140748611695 1 0 0.4539904997395441 -0.8910065241883692
99.46282341265285 1 0 0.481753674101714 -0.8763066800438643
99.49423933918875 1 0 0.5090414157503714 -0.8607420270039435
99.52565526572465 1 0 0.5358267949789981 -0.8443279255020141
99.55707119226054 1 0 0.5620833778521216 -0.8270805742745679
99.58848711879645 1 0 0.5877852522924771 -0.8090169943749445
99.61990304533234 1 0 0.6129070536529705 -0.7901550123756951
99.65131897186824 1 0 0.6374239897486851 -0.7705132427757931
99.68273489840414 1 0 0.6613118653236485 -0.7501110696304625
99.71415082494003 1 0 0.6845471059286866 -0.7289686274214134
99.74556675147592 1 0 0.7071067811865366 -0.7071067811865585
99.77698267801183 1 0 0.7289686274214119 -0.6845471059286884
99.80839860454772 1 0 0.7501110696304515 -0.661311865323661
99.83981453108363 1 0 0.7705132427757916 -0.637423989748687
99.87123045761952 1 0 0.7901550123756849 -0.6129070536529836
99.90264638415542 1 0 0.809016994374943 -0.5877852522924791
99.93406231069133 1 0 0.8270805742745665 -0.5620833778521237
99.96547823722722 1 0 0.8443279255020129 -0.5358267949790002
99.99689416376312 1 0 0.8607420270039423 -0.5090414157503735
100.028310090299 1 0 0.8763066800438631 -0.4817536741017162
100.0597260168349 1 0 0.8910065241883681 -0.4539904997395463
100.0911419433708 1 0 0.9048270524660144 -0.4257792915650836
100.1225578699067 1 0 0.9177546256839826 -0.3971478906347772
100.1539737964426 1 0 0.9297764858882481 -0.3681245526846862
100.1853897229785 1 0 0.9408807689542278 -0.3387379202452849
100.2168056495144 1 0 0.9510565162951518 -0.3090169943749528
100.2482215760503 1 0 0.960293685676942 -0.2789911060392332
100.2796375025862 1 0 0.9685831611286305 -0.2486898871648572
100.3110534291221 1 0 0.9759167619387472 -0.2181432413965434
100.342469355658 1 0 0.9822872507286862 -0.1873813145857379
100.3738852821939 1 0 0.9876883405951381 -0.1564344650402286
100.4053012087298 1 0 0.9921147013144765 -0.1253332335643145
100.4367171352657 1 0 0.9955619646030792 -0.09410831331852298
100.4681330618016 1 0 0.9980267284282711 -0.06279051952932047
100.4995489883375 1 0 0.9995065603657314 -0.03141075907813381
100.5309649148734 1 0 1 -3.91886975727153e-15
100.5623808414093 1 0 0.9995065603657316 0.03141075907812597
100.5937967679452 1 0 0.9980267284282724 0.06279051952929848
100.6252126944811 1 0 0.9955619646030799 0.0941083133185152
100.656628621017 1 0 0.9921147013144775 0.1253332335643067
100.6880445475529 1 0 0.9876883405951393 0.1564344650402208
100.7194604740888 1 0 0.9822872507286876 0.1873813145857302
100.7508764006247 1 0 0.9759167619387489 0.2181432413965358
100.7822923271606 1 0 0.9685831611286324 0.2486898871648496
100.8137082536965 1 0 0.9602936856769442 0.2789911060392256
100.8451241802324 1 0 0.9510565162951542 0.3090169943749453
100.8765401067683 1 0 0.9408807689542257 0.3387379202452908
100.9079560333042 1 0 0.929776485888251 0.3681245526846789
100.93937195984 1 0 0.9177546256839857 0.39714789063477
100.970787886376 1 0 0.9048270524660177 0.4257792915650764
101.0022038129118 1 0 0.8910065241883717 0.4539904997395393
101.0336197394477 1 0 0.8763066800438668 0.4817536741017094
101.0650356659836 1 0 0.8607420270039463 0.5090414157503669
101.0964515925195 1 0 0.844327925502017 0.5358267949789937
101.1278675190554 1 0 0.8270805742745709 0.5620833778521173
101.1592834455913 1 0 0.8090169943749477 0.5877852522924728
101.1906993721272 1 0 0.7901550123756983 0.6129070536529663
101.2221152986631 1 0 0.7705132427757874 0.6374239897486919
101.253531225199 1 0 0.750111069630466 0.6613118653236446
101.2849471517349 1 0 0.7289686274214171 0.6845471059286827
101.3163630782708 1 0 0.7071067811865421 0.7071067811865529
101.3477790048067 1 0 0.6845471059286924 0.7289686274214081
101.3791949313426 1 0 0.6613118653236545 0.7501110696304573
101.4106108578785 1 0 0.6374239897486912 0.770513242775788
101.4420267844144 1 0 0.6129070536529767 0.7901550123756902
101.4734427109503 1 0 0.5877852522924836 0.8090169943749399
101.5048586374862 1 0 0.5620833778521281 0.8270805742745635
101.5362745640221 1 0 0.5358267949790048 0.8443279255020099
101.567690490558 1 0 0.509041415750366 0.8607420270039468
101.5991064170939 1 0 0.4817536741017209 0.8763066800438605
101.6305223436298 1 0 0.4539904997395511 0.8910065241883657
101.6619382701657 1 0 0.4257792915650756 0.9048270524660181
101.6933541967016 1 0 0.3971478906347822 0.9177546256839805
101.7247701232375 1 0 0.3681245526846912 0.9297764858882461
101.7561860497734 1 0 0.3387379202452899 0.940880768954226
101.7876019763093 1 0 0.3090169943749579 0.9510565162951502
101.8190179028452 1 0 0.2789911060392247 0.9602936856769444
101.8504338293811 1 0 0.2486898871648624 0.9685831611286292
101.881849755917 1 0 0.2181432413965487 0.975916761938746
101.9132656824529 1 0 0.1873813145857292 0.9822872507286878
101.9446816089888 1 0 0.1564344650402339 0.9876883405951372
101.9760975355247 1 0 0.1253332335643198 0.9921147013144759
102.0075134620606 1 0 0.09410831331851421 0.99556196460308
102.0389293885965 1 0 0.06279051952931168 0.9980267284282717
102.0703453151324 1 0 0.0314107590781392 0.9995065603657313
102.1017612416683 1 0 -4.901682099772354e-15 1
102.1331771682042 1 0 -0.03141075907812058 0.9995065603657318
102.1645930947401 1 0 -0.06279051952932145 0.998026728428271
102.196009021276 1 0 -0.09410831331850981 0.9955619646030804
102.2274249478119 1 0 -0.1253332335643014 0.9921147013144782
102.2588408743478 1 0 -0.1564344650402296 0.9876883405951379
102.2902568008837 1 0 -0.1873813145857249 0.9822872507286886
102.3216727274196 1 0 -0.2181432413965305 0.9759167619387501
102.3530886539555 1 0 -0.2486898871648581 0.9685831611286303
102.3845045804914 1 0 -0.2789911060392204 0.9602936856769456
102.4159205070273 1 0 -0.3090169943749402 0.9510565162951559
102.4473364335632 1 0 -0.3387379202452858 0.9408807689542275
102.4787523600991 1 0 -0.3681245526846739 0.929776485888253
102.510168286635 1 0 -0.3971478906347781 0.9177546256839823
102.5415842131709 1 0 -0.4257792915650716 0.90482705246602
102.5730001397067 1 0 -0.4539904997395345 0.8910065241883741
102.6044160662426 1 0 -0.481753674101717 0.8763066800438626
102.6358319927785 1 0 -0.5090414157503622 0.8607420270039491
102.6672479193144 1 0 -0.535826794978989 0.8443279255020198
102.6986638458503 1 0 -0.5620833778521362 0.8270805742745579
102.7300797723862 1 0 -0.5877852522924685 0.8090169943749508
102.7614956989221 1 0 -0.6129070536529732 0.790155012375693
102.792911625458 1 0 -0.6374239897486877 0.7705132427757909
102.8243275519939 1 0 -0.6613118653236512 0.7501110696304601
102.8557434785298 1 0 -0.6845471059286891 0.7289686274214111
102.8871594050657 1 0 -0.7071067811865491 0.7071067811865459
102.9185753316016 1 0 -0.7289686274214044 0.6845471059286963
102.9499912581375 1 0 -0.7501110696304631 0.6613118653236478
102.9814071846734 1 0 -0.7705132427757847 0.6374239897486952
103.0128231112093 1 0 -0.790155012375687 0.6129070536529809
103.0442390377452 1 0 -0.8090169943749451 0.5877852522924764
103.0756549642811 1 0 -0.8270805742745605 0.5620833778521326
103.107070890817 1 0 -0.8443279255020071 0.5358267949790093
103.1384868173529 1 0 -0.8607420270039441 0.5090414157503707
103.1699027438888 1 0 -0.8763066800438579 0.4817536741017256
103.2013186704247 1 0 -0.8910065241883697 0.4539904997395433
103.2327345969606 1 0 -0.9048270524660158 0.4257792915650805
103.2641505234965 1 0 -0.9177546256839784 0.3971478906347871
103.2955664500324 1 0 -0.9297764858882493 0.368124552684683
103.3269823765683 1 0 -0.9408807689542241 0.338737920245295
103.3583983031042 1 0 -0.9510565162951529 0.3090169943749496
103.3898142296401 1 0 -0.9602936856769428 0.2789911060392299
103.421230156176 1 0 -0.9685831611286313 0.2486898871648539
103.4526460827119 1 0 -0.9759167619387449 0.2181432413965539
103.4840620092478 1 0 -0.9822872507286895 0.1873813145857206
103.5154779357837 1 0 -0.9876883405951364 0.1564344650402393
103.5468938623196 1 0 -0.9921147013144788 0.125333233564297
103.5783097888555 1 0 -0.9955619646030796 0.09410831331851957
103.6097257153914 1 0 -0.9980267284282713 0.06279051952931705
103.6411416419273 1 0 -0.9995065603657315 0.03141075907813037
103.6725575684632 1 0 -1 4.886207583857646e-16
103.7039734949991 1 0 -0.9995065603657319 -0.0314107590781152
103.735389421535 1 0 -0.9980267284282713 -0.06279051952931608
103.7668053480709 1 0 -0.995561964603081 -0.09410831331850446
103.7982212746068 1 0 -0.9921147013144789 -0.125333233564296
103.8296372011427 1 0 -0.9876883405951388 -0.1564344650402242
103.8610531276786 1 0 -0.9822872507286896 -0.1873813145857196
103.8924690542145 1 0 -0.9759167619387482 -0.2181432413965391
103.9238849807504 1 0 -0.9685831611286316 -0.2486898871648529
103.9553009072862 1 0 -0.9602936856769472 -0.2789911060392153
103.9867168338222 1 0 -0.9510565162951532 -0.3090169943749486
104.018132760358 1 0 -0.9408807689542293 -0.3387379202452807
104.0495486868939 1 0 -0.929776485888255 -0.3681245526846689
104.0809646134299 1 0 -0.9177546256839787 -0.3971478906347862
104.1123805399657 1 0 -0.9048270524660224 -0.4257792915650667
104.1437964665016 1 0 -0.8910065241883701 -0.4539904997395424
104.1752123930375 1 0 -0.8763066800438651 -0.4817536741017124
104.2066283195734 1 0 -0.8607420270039445 -0.5090414157503699
104.2380442461093 1 0 -0.8443279255020152 -0.5358267949789965
104.2694601726452 1 0 -0.8270805742745609 -0.5620833778521318
104.3008760991811 1 0 -0.809016994374954 -0.5877852522924641
104.332292025717 1 0 -0.7901550123756875 -0.6129070536529801
104.3637079522529 1 0 -0.7705132427757942 -0.6374239897486836
104.3951238787888 1 0 -0.7501110696304637 -0.6613118653236472
104.4265398053247 1 0 -0.7289686274214148 -0.6845471059286852
104.4579557318606 1 0 -0.7071067811865498 -0.7071067811865452
104.4893716583965 1 0 -0.6845471059287002 -0.7289686274214007
104.5207875849324 1 0 -0.6613118653236518 -0.7501110696304596
104.5522035114683 1 0 -0.6374239897486994 -0.7705132427757811
104.5836194380042 1 0 -0.6129070536529739 -0.7901550123756923
104.6150353645401 1 0 -0.5877852522924807 -0.8090169943749419
104.646451291076 1 0 -0.562083377852137 -0.8270805742745574
104.6778672176119 1 0 -0.5358267949790019 -0.8443279255020117
104.7092831441478 1 0 -0.5090414157503753 -0.8607420270039413
104.7406990706837 1 0 -0.4817536741017179 -0.8763066800438621
104.7721149972196 1 0 -0.4539904997395481 -0.8910065241883672
104.8035309237555 1 0 -0.4257792915650725 -0.9048270524660196
104.8349468502914 1 0 -0.397147890634779 -0.9177546256839818
104.8663627768273 1 0 -0.3681245526846748 -0.9297764858882527
104.8977787033632 1 0 -0.3387379202453001 -0.9408807689542223
104.9291946298991 1 0 -0.3090169943749412 -0.9510565162951556
104.960610556435 1 0 -0.278991106039235 -0.9602936856769414
104.9920264829709 1 0 -0.2486898871648591 -0.96858316112863
105.0234424095068 1 0 -0.2181432413965453 -0.9759167619387468
105.0548583360427 1 0 -0.1873813145857259 -0.9822872507286885
105.0862742625786 1 0 -0.1564344650402446 -0.9876883405951355
105.1176901891145 1 0 -0.1253332335643023 -0.9921147013144781
105.1491061156504 1 0 -0.09410831331852494 -0.995561964603079
105.1805220421863 1 0 -0.06279051952930825 -0.9980267284282719
105.2119379687222 1 0 -0.03141075907813577 -0.9995065603657313
105.2433538952581 1 0 -5.878923616543883e-15 -1
105.274769821794 1 0 0.03141075907812402 -0.9995065603657317
105.3061857483299 1 0 0.0627905195293107 -0.9980267284282718
105.3376016748658 1 0 0.09410831331849909 -0.9955619646030814
105.3690176014017 1 0 0.1253332335643048 -0.9921147013144778
105.4004335279376 1 0 0.1564344650402189 -0.9876883405951397
105.4318494544735 1 0 0.1873813145857143 -0.9822872507286906
105.4632653810094 1 0 0.2181432413965477 -0.9759167619387462
105.4946813075452 1 0 0.2486898871648477 -0.968583161128633
105.5260972340812 1 0 0.2789911060392374 -0.9602936856769407
105.557513160617 1 0 0.3090169943749435 -0.9510565162951549
105.5889290871529 1 0 0.338737920245289 -0.9408807689542263
105.6203450136888 1 0 0.3681245526846771 -0.9297764858882518
105.6517609402247 1 0 0.3971478906347812 -0.9177546256839809
105.6831768667606 1 0 0.4257792915650618 -0.9048270524660246
105.7145927932965 1 0 0.4539904997395502 -0.8910065241883661
105.7460087198324 1 0 0.4817536741017076 -0.8763066800438678
105.7774246463683 1 0 0.5090414157503651 -0.8607420270039473
105.8088405729042 1 0 0.5358267949789919 -0.8443279255020181
105.8402564994401 1 0 0.5620833778521274 -0.8270805742745641
105.871672425976 1 0 0.5877852522924712 -0.8090169943749488
105.9030883525119 1 0 0.6129070536529759 -0.7901550123756909
105.9345042790478 1 0 0.6374239897486794 -0.7705132427757978
105.9659202055837 1 0 0.6613118653236537 -0.7501110696304579
105.9973361321196 1 0 0.6845471059286813 -0.7289686274214184
106.0287520586555 1 0 0.7071067811865415 -0.7071067811865536
106.0601679851914 1 0 0.7289686274214068 -0.6845471059286938
106.0915839117273 1 0 0.7501110696304559 -0.6613118653236559
106.1229998382632 1 0 0.7705132427757868 -0.6374239897486926
106.1544157647991 1 0 0.790155012375689 -0.6129070536529783
106.185831691335 1 0 0.809016994374947 -0.5877852522924737
106.2172476178709 1 0 0.8270805742745624 -0.5620833778521298
106.2486635444068 1 0 0.8443279255020164 -0.5358267949789944
106.2800794709427 1 0 0.8607420270039385 -0.50904141575038
106.3114953974786 1 0 0.8763066800438664 -0.4817536741017102
106.3429113240145 1 0 0.8910065241883648 -0.4539904997395529
106.3743272505504 1 0 0.9048270524660174 -0.4257792915650774
106.4057431770863 1 0 0.9177546256839797 -0.397147890634784
106.4371591036222 1 0 0.9297764858882507 -0.3681245526846798
106.4685750301581 1 0 0.9408807689542206 -0.3387379202453051
106.499990956694 1 0 0.951056516295154 -0.3090169943749463
106.5314068832299 1 0 0.9602936856769398 -0.2789911060392402
106.5628228097658 1 0 0.9685831611286322 -0.2486898871648505
106.5942387363017 1 0 0.9759167619387455 -0.2181432413965506
106.6256546628376 1 0 0.9822872507286874 -0.1873813145857312
106.6570705893735 1 0 0.9876883405951369 -0.1564344650402359
106.6884865159094 1 0 0.9921147013144774 -0.1253332335643077
106.7199024424453 1 0 0.9955619646030786 -0.09410831331853031
106.7513183689812 1 0 0.9980267284282716 -0.06279051952931362
106.7827342955171 1 0 0.9995065603657316 -0.03141075907812695
106.814150222053 1 0 1 -1.1269226474702e-14
106.8455661485889 1 0 0.9995065603657314 0.03141075907813283
106.8769820751248 1 0 0.9980267284282721 0.06279051952930532
106.9083980016607 1 0 0.9955619646030793 0.09410831331852201
106.9398139281966 1 0 0.9921147013144784 0.1253332335642994
106.9712298547325 1 0 0.9876883405951382 0.1564344650402276
107.0026457812684 1 0 0.9822872507286889 0.187381314585723
107.0340617078043 1 0 0.9759167619387474 0.2181432413965425
107.0654776343401 1 0 0.9685831611286343 0.2486898871648425
107.0968935608761 1 0 0.9602936856769422 0.2789911060392322
107.1283094874119 1 0 0.9510565162951565 0.3090169943749384
107.1597254139478 1 0 0.9408807689542281 0.3387379202452839
107.1911413404837 1 0 0.9297764858882537 0.3681245526846721
107.2225572670196 1 0 0.917754625683983 0.3971478906347763
107.2539731935555 1 0 0.9048270524660209 0.4257792915650698
107.2853891200914 1 0 0.8910065241883686 0.4539904997395454
107.3168050466273 1 0 0.8763066800438705 0.4817536741017028
107.3482209731632 1 0 0.8607420270039429 0.5090414157503726
107.3796368996991 1 0 0.844327925502021 0.5358267949789873
107.411052826235 1 0 0.827080574274567 0.5620833778521228
107.4424687527709 1 0 0.809016994374952 0.5877852522924668
107.4738846793068 1 0 0.7901550123756942 0.6129070536529716
107.5053006058427 1 0 0.7705132427757831 0.6374239897486971
107.5367165323786 1 0 0.7501110696304615 0.6613118653236496
107.5681324589145 1 0 0.7289686274214124 0.6845471059286876
107.5995483854504 1 0 0.7071067811865474 0.7071067811865477
107.6309643119863 1 0 0.6845471059286873 0.7289686274214128
107.6623802385222 1 0 0.6613118653236599 0.7501110696304524
107.6937961650581 1 0 0.6374239897486859 0.7705132427757925
107.725212091594 1 0 0.6129070536529825 0.7901550123756858
107.7566280181299 1 0 0.5877852522924779 0.8090169943749439
107.7880439446658 1 0 0.5620833778521342 0.8270805742745594
107.8194598712017 1 0 0.535826794978999 0.8443279255020136
107.8508757977376 1 0 0.5090414157503845 0.8607420270039358
107.8822917242735 1 0 0.4817536741017149 0.8763066800438638
107.9137076508094 1 0 0.4539904997395577 0.8910065241883623
107.9451235773453 1 0 0.4257792915650694 0.904827052466021
107.9765395038812 1 0 0.3971478906347889 0.9177546256839776
108.0079554304171 1 0 0.3681245526846849 0.9297764858882487
108.039371356953 1 0 0.3387379202452969 0.9408807689542235
108.0707872834889 1 0 0.3090169943749514 0.9510565162951523
108.1022032100248 1 0 0.2789911060392454 0.9602936856769384
108.1336191365607 1 0 0.2486898871648558 0.9685831611286309
108.1650350630966 1 0 0.218143241396542 0.9759167619387475
108.1964509896325 1 0 0.1873813145857225 0.9822872507286891
108.2278669161684 1 0 0.1564344650402271 0.9876883405951383
108.2592828427043 1 0 0.125333233564313 0.9921147013144768
108.2906987692402 1 0 0.09410831331850737 0.9955619646030807
108.3221146957761 1 0 0.06279051952931901 0.9980267284282712
108.353530622312 1 0 0.03141075907813234 0.9995065603657314
108.3849465488479 1 0 2.448674617658118e-15 1
108.4163624753838 1 0 -0.03141075907812745 0.9995065603657316
108.4477784019196 1 0 -0.06279051952929994 0.9980267284282724
108.4791943284556 1 0 -0.09410831331851666 0.9955619646030798
108.5106102549914 1 0 -0.1253332335642941 0.9921147013144791
108.5420261815274 1 0 -0.1564344650402363 0.9876883405951369
108.5734421080632 1 0 -0.1873813145857177 0.9822872507286901
108.6048580345991 1 0 -0.2181432413965372 0.9759167619387485
108.636273961135 1 0 -0.248689887164851 0.9685831611286321
108.6676898876709 1 0 -0.2789911060392271 0.9602936856769437
108.6991058142068 1 0 -0.3090169943749332 0.9510565162951582
108.7305217407427 1 0 -0.3387379202452923 0.9408807689542251
108.7619376672786 1 0 -0.3681245526846671 0.9297764858882557
108.7933535938145 1 0 -0.3971478906347714 0.9177546256839851
108.8247695203504 1 0 -0.4257792915650649 0.9048270524660231
108.8561854468863 1 0 -0.4539904997395406 0.891006524188371
108.8876013734222 1 0 -0.4817536741017231 0.8763066800438593
108.9190172999581 1 0 -0.5090414157503681 0.8607420270039455
108.950433226494 1 0 -0.5358267949789949 0.8443279255020162
108.9818491530299 1 0 -0.5620833778521301 0.8270805742745622
109.0132650795658 1 0 -0.587785252292474 0.8090169943749468
109.0446810061017 1 0 -0.6129070536529674 0.7901550123756974
109.0760969326376 1 0 -0.637423989748693 0.7705132427757865
109.1075128591735 1 0 -0.6613118653236456 0.750111069630465
109.1389287857094 1 0 -0.6845471059286837 0.7289686274214162
109.1703447122453 1 0 -0.7071067811865439 0.7071067811865512
109.2017606387812 1 0 -0.728968627421409 0.6845471059286913
109.2331765653171 1 0 -0.7501110696304583 0.6613118653236534
109.264592491853 1 0 -0.770513242775789 0.63742398974869
109.2960084183889 1 0 -0.7901550123756824 0.6129070536529868
109.3274243449248 1 0 -0.8090169943749491 0.5877852522924709
109.3588402714607 1 0 -0.8270805742745563 0.5620833778521387
109.3902561979966 1 0 -0.8443279255020106 0.5358267949790035
109.4216721245325 1 0 -0.8607420270039403 0.509041415750377
109.4530880510684 1 0 -0.8763066800438611 0.4817536741017197
109.4845039776043 1 0 -0.8910065241883599 0.4539904997395625
109.5159199041402 1 0 -0.9048270524660188 0.4257792915650743
109.5473358306761 1 0 -0.917754625683981 0.3971478906347808
109.578751757212 1 0 -0.9297764858882519 0.3681245526846766
109.6101676837479 1 0 -0.9408807689542265 0.3387379202452885
109.6415836102838 1 0 -0.9510565162951506 0.3090169943749566
109.6729995368197 1 0 -0.9602936856769448 0.2789911060392233
109.7044154633556 1 0 -0.9685831611286295 0.248689887164861
109.7358313898915 1 0 -0.9759167619387463 0.2181432413965472
109.7672473164274 1 0 -0.9822872507286881 0.1873813145857278
109.7986632429633 1 0 -0.9876883405951374 0.1564344650402325
109.8300791694992 1 0 -0.9921147013144761 0.1253332335643184
109.8614950960351 1 0 -0.9955619646030801 0.09410831331851274
109.892911022571 1 0 -0.9980267284282709 0.06279051952932439
109.9243269491069 1 0 -0.9995065603657317 0.03141075907812352
109.9557428756428 1 0 -1 7.838977475816237e-15
109.9871588021787 1 0 -0.9995065603657317 -0.03141075907812205
110.0185747287146 1 0 -0.9980267284282719 -0.06279051952930874
110.0499906552505 1 0 -0.9955619646030803 -0.09410831331851129
110.0814065817863 1 0 -0.9921147013144798 -0.1253332335642887
110.1128225083223 1 0 -0.9876883405951377 -0.156434465040231
110.1442384348581 1 0 -0.9822872507286911 -0.1873813145857124
110.175654361394 1 0 -0.9759167619387498 -0.218143241396532
110.20707028793 1 0 -0.9685831611286299 -0.2486898871648596
110.2384862144658 1 0 -0.9602936856769452 -0.2789911060392219
110.2699021410018 1 0 -0.9510565162951511 -0.3090169943749552
110.3013180675376 1 0 -0.940880768954227 -0.3387379202452872
110.3327339940735 1 0 -0.9297764858882525 -0.3681245526846753
110.3641499206094 1 0 -0.9177546256839817 -0.3971478906347795
110.3955658471453 1 0 -0.9048270524660194 -0.4257792915650729
110.4269817736812 1 0 -0.8910065241883734 -0.4539904997395359
110.4583977002171 1 0 -0.8763066800438619 -0.4817536741017183
110.489813626753 1 0 -0.8607420270039483 -0.5090414157503634
110.5212295532889 1 0 -0.8443279255020191 -0.5358267949789902
110.5526454798248 1 0 -0.8270805742745652 -0.5620833778521257
110.5840614063607 1 0 -0.80901699437495 -0.5877852522924696
110.6154773328966 1 0 -0.7901550123756921 -0.6129070536529744
110.6468932594325 1 0 -0.7705132427757899 -0.6374239897486889
110.6783091859684 1 0 -0.7501110696304687 -0.6613118653236415
110.7097251125043 1 0 -0.7289686274214101 -0.6845471059286902
110.7411410390402 1 0 -0.707106781186555 -0.70710678118654
110.7725569655761 1 0 -0.6845471059286952 -0.7289686274214054
110.803972892112 1 0 -0.6613118653236574 -0.7501110696304547
110.8353888186479 1 0 -0.6374239897486941 -0.7705132427757856
110.8668047451838 1 0 -0.612907053652991 -0.7901550123756791
110.8982206717197 1 0 -0.5877852522924751 -0.8090169943749459
110.9296365982556 1 0 -0.5620833778521314 -0.8270805742745613
110.9610525247915 1 0 -0.5358267949789961 -0.8443279255020154
110.9924684513274 1 0 -0.5090414157503693 -0.8607420270039448
111.0238843778633 1 0 -0.4817536741017244 -0.8763066800438586
111.0553003043992 1 0 -0.4539904997395419 -0.8910065241883703
111.0867162309351 1 0 -0.4257792915650791 -0.9048270524660165
111.118132157471 1 0 -0.3971478906347857 -0.9177546256839789
111.1495480840069 1 0 -0.3681245526846816 -0.9297764858882499
111.1809640105428 1 0 -0.3387379202452936 -0.9408807689542247
111.2123799370787 1 0 -0.3090169943749482 -0.9510565162951533
111.2437958636146 1 0 -0.2789911060392284 -0.9602936856769433
111.2752117901505 1 0 -0.2486898871648662 -0.9685831611286282
111.3066277166864 1 0 -0.2181432413965387 -0.9759167619387483
111.3380436432223 1 0 -0.1873813145857331 -0.9822872507286871
111.3694595697582 1 0 -0.1564344650402378 -0.9876883405951367
111.4008754962941 1 0 -0.1253332335643096 -0.9921147013144771
111.43229142283 1 0 -0.09410831331851811 -0.9955619646030797
111.4637073493658 1 0 -0.06279051952932976 -0.9980267284282706
111.4951232759018 1 0 -0.03141075907812891 -0.9995065603657315
111.5265392024376 1 0 -1.322928033397436e-14 -1
111.5579551289736 1 0 0.03141075907813087 -0.9995065603657315
111.5893710555095 1 0 0.06279051952931755 -0.9980267284282713
111.6207869820453 1 0 0.09410831331850593 -0.9955619646030808
111.6522029085813 1 0 0.1253332335643116 -0.9921147013144769
111.6836188351171 1 0 0.1564344650402257 -0.9876883405951385
111.715034761653 1 0 0.187381314585721 -0.9822872507286894
111.7464506881889 1 0 0.2181432413965405 -0.9759167619387479
111.7778666147248 1 0 0.2486898871648544 -0.9685831611286312
111.8092825412607 1 0 0.2789911060392167 -0.9602936856769467
111.8406984677966 1 0 0.3090169943749501 -0.9510565162951528
111.8721143943325 1 0 0.3387379202452821 -0.9408807689542288
111.9035303208684 1 0 0.3681245526846835 -0.9297764858882492
111.9349462474043 1 0 0.3971478906347745 -0.9177546256839838
111.9663621739402 1 0 0.4257792915650681 -0.9048270524660217
111.9977781004761 1 0 0.4539904997395437 -0.8910065241883695
112.029194027012 1 0 0.4817536741017137 -0.8763066800438645
112.0606099535479 1 0 0.5090414157503589 -0.860742027003951
112.0920258800838 1 0 0.5358267949789978 -0.8443279255020144
112.1234418066197 1 0 0.5620833778521213 -0.8270805742745682
112.1548577331556 1 0 0.5877852522924653 -0.8090169943749531
112.1862736596915 1 0 0.6129070536529702 -0.7901550123756953
112.2176895862274 1 0 0.6374239897486847 -0.7705132427757934
112.2491055127633 1 0 0.6613118653236482 -0.7501110696304628
112.2805214392992 1 0 0.6845471059286863 -0.7289686274214138
112.3119373658351 1 0 0.7071067811865464 -0.7071067811865488
112.343353292371 1 0 0.7289686274214114 -0.6845471059286888
112.3747692189069 1 0 0.7501110696304605 -0.6613118653236508
112.4061851454428 1 0 0.7705132427757821 -0.6374239897486983
112.4376010719787 1 0 0.7901550123756932 -0.6129070536529728
112.4690169985146 1 0 0.8090169943749428 -0.5877852522924796
112.5004329250505 1 0 0.8270805742745583 -0.5620833778521359
112.5318488515864 1 0 0.8443279255020125 -0.5358267949790007
112.5632647781223 1 0 0.860742027003942 -0.5090414157503741
112.5946807046582 1 0 0.8763066800438628 -0.4817536741017167
112.6260966311941 1 0 0.8910065241883679 -0.4539904997395467
112.65751255773 1 0 0.9048270524660141 -0.425779291565084
112.6889284842659 1 0 0.9177546256839825 -0.3971478906347776
112.7203444108018 1 0 0.9297764858882479 -0.3681245526846866
112.7517603373377 1 0 0.9408807689542228 -0.3387379202452987
112.7831762638736 1 0 0.9510565162951516 -0.3090169943749533
112.8145921904095 1 0 0.9602936856769418 -0.2789911060392336
112.8460081169454 1 0 0.9685831611286269 -0.2486898871648714
112.8774240434813 1 0 0.9759167619387471 -0.2181432413965439
112.9088399700172 1 0 0.9822872507286861 -0.1873813145857384
112.9402558965531 1 0 0.987688340595138 -0.1564344650402291
112.971671823089 1 0 0.9921147013144782 -0.1253332335643009
113.0030877496249 1 0 0.9955619646030791 -0.09410831331852348
113.0345036761608 1 0 0.998026728428272 -0.06279051952930678
113.0659196026967 1 0 0.9995065603657314 -0.03141075907813429
113.0973355292326 1 0 1 -4.408728476930472e-15
113.1287514557685 1 0 0.9995065603657316 0.03141075907812549
113.1601673823044 1 0 0.9980267284282717 0.06279051952931217
113.1915833088402 1 0 0.9955619646030813 0.09410831331850054
113.2229992353762 1 0 0.9921147013144775 0.1253332335643062
113.254415161912 1 0 0.9876883405951394 0.1564344650402204
113.2858310884479 1 0 0.9822872507286877 0.1873813145857297
113.3172470149838 1 0 0.975916761938749 0.2181432413965353
113.3486629415197 1 0 0.9685831611286325 0.2486898871648492
113.3800788680556 1 0 0.9602936856769443 0.2789911060392252
113.4114947945915 1 0 0.9510565162951544 0.309016994374945
113.4429107211274 1 0 0.9408807689542307 0.338737920245277
113.4743266476633 1 0 0.9297764858882512 0.3681245526846785
113.5057425741992 1 0 0.9177546256839859 0.3971478906347696
113.5371585007351 1 0 0.904827052466024 0.4257792915650632
113.568574427271 1 0 0.8910065241883719 0.4539904997395389
113.5999903538069 1 0 0.8763066800438671 0.4817536741017089
113.6314062803428 1 0 0.8607420270039393 0.5090414157503786
113.6628222068787 1 0 0.8443279255020173 0.5358267949789931
113.6942381334146 1 0 0.8270805742745633 0.5620833778521285
113.7256540599505 1 0 0.809016994374948 0.5877852522924724
113.7570699864864 1 0 0.79015501237569 0.612907053652977
113.7884859130223 1 0 0.7705132427757968 0.6374239897486805
113.8199018395582 1 0 0.750111069630457 0.6613118653236548
113.8513177660941 1 0 0.7289686274214175 0.6845471059286823
113.88273369263 1 0 0.7071067811865425 0.7071067811865526
113.9141496191659 1 0 0.6845471059286927 0.7289686274214078
113.9455655457018 1 0 0.6613118653236548 0.750111069630457
113.9769814722377 1 0 0.6374239897486915 0.7705132427757878
114.0083973987736 1 0 0.612907053652977 0.79015501237569
114.0398133253095 1 0 0.5877852522924839 0.8090169943749396
114.0712292518454 1 0 0.5620833778521285 0.8270805742745633
114.1026451783813 1 0 0.5358267949790052 0.8443279255020096
114.1340611049172 1 0 0.5090414157503786 0.8607420270039393
114.1654770314531 1 0 0.4817536741017213 0.8763066800438603
114.196892957989 1 0 0.4539904997395516 0.8910065241883655
114.2283088845249 1 0 0.4257792915650889 0.9048270524660119
114.2597248110608 1 0 0.3971478906347826 0.9177546256839803
114.2911407375967 1 0 0.3681245526846917 0.9297764858882459
114.3225566641326 1 0 0.3387379202452904 0.9408807689542258
114.3539725906685 1 0 0.309016994374945 0.9510565162951544
114.3853885172044 1 0 0.2789911060392388 0.9602936856769403
114.4168044437403 1 0 0.2486898871648492 0.9685831611286325
114.4482203702762 1 0 0.2181432413965492 0.9759167619387459
114.4796362968121 1 0 0.1873813145857297 0.9822872507286877
114.511052223348 1 0 0.1564344650402344 0.9876883405951372
114.5424681498839 1 0 0.1253332335643062 0.9921147013144775
114.5738840764198 1 0 0.0941083133185147 0.99556196460308
114.6053000029557 1 0 0.06279051952931217 0.9980267284282717
114.6367159294915 1 0 0.03141075907813969 0.9995065603657312
114.6681318560275 1 0 -4.411823380113413e-15 1
114.6995477825633 1 0 -0.0314107590781201 0.9995065603657318
114.7309637090992 1 0 -0.06279051952930678 0.998026728428272
114.7623796356351 1 0 -0.09410831331850933 0.9955619646030804
114.793795562171 1 0 -0.1253332335643009 0.9921147013144782
114.8252114887069 1 0 -0.156434465040215 0.9876883405951402
114.8566274152428 1 0 -0.1873813145857244 0.9822872507286887
114.8880433417787 1 0 -0.21814324139653 0.9759167619387502
114.9194592683146 1 0 -0.2486898871648577 0.9685831611286304
114.9508751948505 1 0 -0.2789911060392199 0.9602936856769457
114.9822911213864 1 0 -0.3090169943749397 0.9510565162951561
115.0137070479223 1 0 -0.3387379202452987 0.9408807689542228
115.0451229744582 1 0 -0.3681245526846734 0.9297764858882532
115.0765389009941 1 0 -0.3971478906347776 0.9177546256839825
115.10795482753 1 0 -0.4257792915650712 0.9048270524660202
115.1393707540659 1 0 -0.4539904997395467 0.8910065241883679
115.1707866806018 1 0 -0.4817536741017042 0.8763066800438697
115.2022026071377 1 0 -0.5090414157503741 0.860742027003942
115.2336185336736 1 0 -0.5358267949789887 0.8443279255020202
115.2650344602095 1 0 -0.5620833778521359 0.8270805742745583
115.2964503867454 1 0 -0.587785252292468 0.8090169943749511
115.3278663132813 1 0 -0.6129070536529728 0.7901550123756932
115.3592822398172 1 0 -0.6374239897486874 0.7705132427757911
115.3906981663531 1 0 -0.6613118653236508 0.7501110696304605
115.422114092889 1 0 -0.6845471059286784 0.7289686274214211
115.4535300194249 1 0 -0.7071067811865488 0.7071067811865464
115.4849459459608 1 0 -0.7289686274214041 0.6845471059286966
115.5163618724967 1 0 -0.7501110696304534 0.6613118653236588
115.5477777990326 1 0 -0.7705132427757844 0.6374239897486956
115.5791937255685 1 0 -0.7901550123756866 0.6129070536529814
115.6106096521044 1 0 -0.8090169943749448 0.5877852522924768
115.6420255786403 1 0 -0.8270805742745602 0.562083377852133
115.6734415051762 1 0 -0.8443279255020067 0.5358267949790098
115.7048574317121 1 0 -0.8607420270039438 0.5090414157503711
115.736273358248 1 0 -0.8763066800438645 0.4817536741017137
115.7676892847839 1 0 -0.891006524188363 0.4539904997395564
115.7991052113198 1 0 -0.9048270524660217 0.4257792915650681
115.8305211378557 1 0 -0.9177546256839781 0.3971478906347876
115.8619370643916 1 0 -0.9297764858882492 0.3681245526846835
115.8933529909275 1 0 -0.940880768954224 0.3387379202452955
115.9247689174634 1 0 -0.9510565162951528 0.3090169943749501
115.9561848439993 1 0 -0.9602936856769427 0.2789911060392304
115.9876007705352 1 0 -0.9685831611286312 0.2486898871648544
116.0190166970711 1 0 -0.9759167619387448 0.2181432413965544
116.050432623607 1 0 -0.9822872507286894 0.187381314585721
116.0818485501429 1 0 -0.9876883405951363 0.1564344650402397
116.1132644766788 1 0 -0.9921147013144769 0.1253332335643116
116.1446804032147 1 0 -0.9955619646030794 0.09410831331852007
116.1760963297505 1 0 -0.9980267284282713 0.06279051952931755
116.2075122562864 1 0 -0.999506560365731 0.03141075907814507
116.2389281828223 1 0 -1 9.784794780447059e-16
116.2703441093582 1 0 -0.9995065603657319 -0.03141075907811471
116.3017600358941 1 0 -0.9980267284282714 -0.06279051952931558
116.33317596243 1 0 -0.995561964603081 -0.09410831331850396
116.3645918889659 1 0 -0.992114701314479 -0.1253332335642955
116.3960078155018 1 0 -0.9876883405951367 -0.1564344650402378
116.4274237420377 1 0 -0.9822872507286897 -0.1873813145857191
116.4588396685736 1 0 -0.9759167619387483 -0.2181432413965387
116.4902555951095 1 0 -0.9685831611286317 -0.2486898871648524
116.5216715216454 1 0 -0.9602936856769433 -0.2789911060392284
116.5530874481813 1 0 -0.9510565162951578 -0.3090169943749346
116.5845033747172 1 0 -0.9408807689542247 -0.3387379202452936
116.6159193012531 1 0 -0.9297764858882551 -0.3681245526846684
116.647335227789 1 0 -0.9177546256839789 -0.3971478906347857
116.6787511543249 1 0 -0.9048270524660226 -0.4257792915650663
116.7101670808608 1 0 -0.8910065241883703 -0.4539904997395419
116.7415830073967 1 0 -0.8763066800438655 -0.4817536741017119
116.7729989339326 1 0 -0.8607420270039448 -0.5090414157503693
116.8044148604685 1 0 -0.8443279255020231 -0.5358267949789841
116.8358307870044 1 0 -0.8270805742745613 -0.5620833778521314
116.8672467135403 1 0 -0.8090169943749543 -0.5877852522924637
116.8986626400762 1 0 -0.7901550123756965 -0.6129070536529685
116.9300785666121 1 0 -0.7705132427757947 -0.6374239897486832
116.961494493148 1 0 -0.7501110696304641 -0.6613118653236467
116.9929104196839 1 0 -0.7289686274214151 -0.6845471059286848
117.0243263462198 1 0 -0.7071067811865501 -0.7071067811865449
117.0557422727557 1 0 -0.6845471059286902 -0.7289686274214101
117.0871581992916 1 0 -0.6613118653236522 -0.7501110696304593
117.1185741258275 1 0 -0.6374239897486889 -0.7705132427757899
117.1499900523634 1 0 -0.6129070536529856 -0.7901550123756833
117.1814059788993 1 0 -0.5877852522924696 -0.80901699437495
117.2128219054352 1 0 -0.5620833778521375 -0.8270805742745572
117.2442378319711 1 0 -0.5358267949789902 -0.8443279255020191
117.275653758507 1 0 -0.5090414157503756 -0.8607420270039411
117.3070696850429 1 0 -0.4817536741017183 -0.8763066800438619
117.3384856115788 1 0 -0.4539904997395485 -0.891006524188367
117.3699015381147 1 0 -0.4257792915650729 -0.9048270524660194
117.4013174646506 1 0 -0.3971478906347925 -0.917754625683976
117.4327333911865 1 0 -0.3681245526846753 -0.9297764858882525
117.4641493177224 1 0 -0.3387379202453005 -0.9408807689542221
117.4955652442583 1 0 -0.3090169943749552 -0.9510565162951511
117.5269811707942 1 0 -0.2789911060392355 -0.9602936856769413
117.5583970973301 1 0 -0.2486898871648596 -0.9685831611286299
117.589813023866 1 0 -0.2181432413965458 -0.9759167619387467
117.6212289504019 1 0 -0.1873813145857263 -0.9822872507286884
117.6526448769377 1 0 -0.156434465040245 -0.9876883405951354
117.6840608034737 1 0 -0.1253332335643028 -0.992114701314478
117.7154767300095 1 0 -0.09410831331852543 -0.995561964603079
117.7468926565454 1 0 -0.06279051952932292 -0.998026728428271
117.7783085830814 1 0 -0.03141075907812205 -0.9995065603657317
117.8097245096172 1 0 -6.368782336202825e-15 -1
117.8411404361531 1 0 0.03141075907812352 -0.9995065603657317
117.872556362689 1 0 0.06279051952931021 -0.9980267284282718
117.9039722892249 1 0 0.09410831331851274 -0.9955619646030801
117.9353882157608 1 0 0.1253332335643043 -0.9921147013144779
117.9668041422967 1 0 0.1564344650402325 -0.9876883405951374
117.9982200688326 1 0 0.1873813145857138 -0.9822872507286907
118.0296359953685 1 0 0.2181432413965473 -0.9759167619387463
118.0610519219044 1 0 0.2486898871648472 -0.9685831611286331
118.0924678484403 1 0 0.2789911060392233 -0.9602936856769448
118.1238837749762 1 0 0.309016994374943 -0.951056516295155
118.1552997015121 1 0 0.3387379202452885 -0.9408807689542265
118.186715628048 1 0 0.3681245526846634 -0.9297764858882571
118.2181315545839 1 0 0.3971478906347808 -0.917754625683981
118.2495474811198 1 0 0.4257792915650614 -0.9048270524660248
118.2809634076557 1 0 0.4539904997395498 -0.8910065241883663
118.3123793341916 1 0 0.4817536741017072 -0.876306680043868
118.3437952607275 1 0 0.5090414157503648 -0.8607420270039475
118.3752111872634 1 0 0.5358267949789915 -0.8443279255020183
118.4066271137993 1 0 0.5620833778521269 -0.8270805742745643
118.4380430403352 1 0 0.5877852522924709 -0.8090169943749491
118.4694589668711 1 0 0.6129070536529756 -0.7901550123756911
118.500874893407 1 0 0.63742398974869 -0.770513242775789
118.5322908199429 1 0 0.6613118653236427 -0.7501110696304676
118.5637067464788 1 0 0.6845471059286913 -0.728968627421409
118.5951226730147 1 0 0.7071067811865411 -0.7071067811865539
118.6265385995506 1 0 0.7289686274214162 -0.6845471059286837
118.6579545260865 1 0 0.7501110696304557 -0.6613118653236563
118.6893704526224 1 0 0.7705132427757865 -0.637423989748693
118.7207863791583 1 0 0.7901550123756887 -0.6129070536529786
118.7522023056942 1 0 0.8090169943749468 -0.587785252292474
118.7836182322301 1 0 0.8270805742745541 -0.5620833778521419
118.815034158766 1 0 0.8443279255020162 -0.5358267949789949
118.8464500853019 1 0 0.8607420270039383 -0.5090414157503803
118.8778660118378 1 0 0.8763066800438593 -0.4817536741017231
118.9092819383737 1 0 0.8910065241883646 -0.4539904997395533
118.9406978649096 1 0 0.9048270524660171 -0.4257792915650778
118.9721137914455 1 0 0.9177546256839795 -0.3971478906347844
119.0035297179814 1 0 0.9297764858882505 -0.3681245526846803
119.0349456445173 1 0 0.9408807689542203 -0.3387379202453056
119.0663615710532 1 0 0.9510565162951538 -0.3090169943749468
119.0977774975891 1 0 0.9602936856769437 -0.2789911060392271
119.1291934241249 1 0 0.9685831611286285 -0.2486898871648648
119.1606093506609 1 0 0.9759167619387485 -0.2181432413965372
119.1920252771967 1 0 0.9822872507286874 -0.1873813145857317
119.2234412037326 1 0 0.9876883405951369 -0.1564344650402363
119.2548571302685 1 0 0.9921147013144773 -0.1253332335643082
119.2862730568044 1 0 0.9955619646030798 -0.09410831331851664
119.3176889833403 1 0 0.9980267284282716 -0.06279051952931411
119.3491049098762 1 0 0.9995065603657316 -0.03141075907812745
119.3805208364121 1 0 1 -1.175908519436094e-14
119.411936762948 1 0 0.9995065603657314 0.03141075907813234
119.4433526894839 1 0 0.9980267284282721 0.06279051952930484
119.4747686160198 1 0 0.9955619646030807 0.09410831331850739
119.5061845425557 1 0 0.9921147013144785 0.1253332335642989
119.5376004690916 1 0 0.9876883405951383 0.1564344650402271
119.5690163956275 1 0 0.9822872507286917 0.1873813145857085
119.6004323221634 1 0 0.9759167619387475 0.218143241396542
119.6318482486993 1 0 0.9685831611286344 0.248689887164842
119.6632641752352 1 0 0.9602936856769423 0.2789911060392318
119.6946801017711 1 0 0.9510565162951566 0.3090169943749379
119.726096028307 1 0 0.9408807689542283 0.3387379202452835
119.7575119548429 1 0 0.9297764858882539 0.3681245526846716
119.7889278813788 1 0 0.9177546256839832 0.3971478906347758
119.8203438079147 1 0 0.904827052466021 0.4257792915650694
119.8517597344506 1 0 0.8910065241883688 0.453990499739545
119.8831756609865 1 0 0.8763066800438638 0.4817536741017149
119.9145915875224 1 0 0.8607420270039503 0.5090414157503601
119.9460075140583 1 0 0.8443279255020136 0.535826794978999
119.9774234405942 1 0 0.8270805742745674 0.5620833778521225
120.0088393671301 1 0 0.8090169943749439 0.5877852522924779
120.040255293666 1 0 0.7901550123756944 0.6129070536529713
120.0716712202019 1 0 0.7705132427757925 0.6374239897486859
120.1030871467378 1 0 0.7501110696304618 0.6613118653236493
120.1345030732737 1 0 0.7289686274214128 0.6845471059286873
120.1659189998096 1 0 0.7071067811865577 0.7071067811865372
120.1973349263455 1 0 0.6845471059286876 0.7289686274214124
120.2287508528814 1 0 0.6613118653236603 0.7501110696304522
120.2601667794173 1 0 0.6374239897486862 0.7705132427757921
120.2915827059532 1 0 0.6129070536529828 0.7901550123756854
120.3229986324891 1 0 0.5877852522924784 0.8090169943749437
120.354414559025 1 0 0.5620833778521346 0.8270805742745592
120.3858304855609 1 0 0.5358267949789993 0.8443279255020134
120.4172464120968 1 0 0.509041415750385 0.8607420270039355
120.4486623386327 1 0 0.4817536741017153 0.8763066800438636
120.4800782651686 1 0 0.4539904997395454 0.8910065241883686
120.5114941917045 1 0 0.4257792915650827 0.9048270524660148
120.5429101182404 1 0 0.3971478906347763 0.917754625683983
120.5743260447763 1 0 0.3681245526846853 0.9297764858882485
120.6057419713122 1 0 0.3387379202452839 0.9408807689542281
120.6371578978481 1 0 0.3090169943749519 0.9510565162951521
120.668573824384 1 0 0.2789911060392322 0.9602936856769422
120.6999897509199 1 0 0.2486898871648562 0.9685831611286307
120.7314056774558 1 0 0.2181432413965425 0.9759167619387474
120.7628216039916 1 0 0.1873813145857369 0.9822872507286863
120.7942375305276 1 0 0.1564344650402276 0.9876883405951382
120.8256534570634 1 0 0.1253332335643135 0.9921147013144767
120.8570693835993 1 0 0.09410831331852201 0.9955619646030793
120.8884853101352 1 0 0.06279051952931951 0.9980267284282712
120.9199012366711 1 0 0.03141075907813282 0.9995065603657314
120.951317163207 1 0 2.938533337317059e-15 1
120.9827330897429 1 0 -0.03141075907812696 0.9995065603657316
121.0141490162788 1 0 -0.06279051952929944 0.9980267284282724
121.0455649428147 1 0 -0.09410831331851616 0.9955619646030799
121.0769808693506 1 0 -0.1253332335642936 0.9921147013144792
121.1083967958865 1 0 -0.1564344650402218 0.9876883405951392
121.1398127224224 1 0 -0.1873813145857172 0.9822872507286901
121.1712286489583 1 0 -0.2181432413965367 0.9759167619387487
121.2026445754942 1 0 -0.2486898871648505 0.9685831611286322
121.2340605020301 1 0 -0.2789911060392266 0.9602936856769438
121.265476428566 1 0 -0.3090169943749463 0.951056516295154
121.2968923551019 1 0 -0.3387379202452918 0.9408807689542253
121.3283082816378 1 0 -0.3681245526846798 0.9297764858882507
121.3597242081737 1 0 -0.3971478906347709 0.9177546256839854
121.3911401347096 1 0 -0.4257792915650774 0.9048270524660174
121.4225560612455 1 0 -0.4539904997395402 0.8910065241883712
121.4539719877814 1 0 -0.4817536741017102 0.8763066800438664
121.4853879143173 1 0 -0.5090414157503678 0.8607420270039458
121.5168038408532 1 0 -0.5358267949789944 0.8443279255020164
121.5482197673891 1 0 -0.562083377852118 0.8270805742745704
121.579635693925 1 0 -0.5877852522924737 0.809016994374947
121.6110516204609 1 0 -0.612907053652967 0.7901550123756977
121.6424675469968 1 0 -0.6374239897486926 0.7705132427757868
121.6738834735327 1 0 -0.6613118653236453 0.7501110696304654
121.7052994000686 1 0 -0.6845471059286835 0.7289686274214164
121.7367153266045 1 0 -0.7071067811865436 0.7071067811865516
121.7681312531404 1 0 -0.7289686274214088 0.6845471059286916
121.7995471796763 1 0 -0.7501110696304486 0.6613118653236644
121.8309631062122 1 0 -0.7705132427757887 0.6374239897486903
121.8623790327481 1 0 -0.7901550123756909 0.6129070536529759
121.893794959284 1 0 -0.8090169943749405 0.5877852522924827
121.9252108858199 1 0 -0.8270805742745641 0.5620833778521274
121.9566268123558 1 0 -0.8443279255020104 0.535826794979004
121.9880427388917 1 0 -0.8607420270039473 0.5090414157503651
122.0194586654276 1 0 -0.8763066800438609 0.48175367410172
122.0508745919635 1 0 -0.8910065241883661 0.4539904997395502
122.0822905184994 1 0 -0.9048270524660186 0.4257792915650747
122.1137064450353 1 0 -0.9177546256839809 0.3971478906347812
122.1451223715711 1 0 -0.9297764858882465 0.3681245526846903
122.1765382981071 1 0 -0.9408807689542263 0.338737920245289
122.2079542246429 1 0 -0.9510565162951504 0.309016994374957
122.2393701511788 1 0 -0.9602936856769407 0.2789911060392374
122.2707860777147 1 0 -0.9685831611286294 0.2486898871648615
122.3022020042506 1 0 -0.9759167619387462 0.2181432413965477
122.3336179307865 1 0 -0.9822872507286879 0.1873813145857283
122.3650338573224 1 0 -0.9876883405951374 0.156434465040233
122.3964497838583 1 0 -0.992114701314476 0.1253332335643189
122.4278657103942 1 0 -0.9955619646030801 0.09410831331851323
122.4592816369301 1 0 -0.9980267284282709 0.06279051952932488
122.490697563466 1 0 -0.9995065603657313 0.03141075907813821
122.5221134900019 1 0 -1 -5.882018519726826e-15
122.5535294165378 1 0 -0.9995065603657318 -0.03141075907812157
122.5849453430737 1 0 -0.9980267284282719 -0.06279051952930825
122.6163612696096 1 0 -0.9955619646030803 -0.0941083133185108
122.6477771961455 1 0 -0.9921147013144781 -0.1253332335643023
122.6791931226814 1 0 -0.9876883405951378 -0.1564344650402305
122.7106090492173 1 0 -0.9822872507286885 -0.1873813145857259
122.7420249757532 1 0 -0.9759167619387499 -0.2181432413965315
122.7734409022891 1 0 -0.96858316112863 -0.2486898871648591
122.804856828825 1 0 -0.9602936856769454 -0.2789911060392214
122.8362727553609 1 0 -0.9510565162951556 -0.3090169943749412
122.8676886818968 1 0 -0.9408807689542271 -0.3387379202452867
122.8991046084327 1 0 -0.9297764858882527 -0.3681245526846748
122.9305205349686 1 0 -0.9177546256839875 -0.397147890634766
122.9619364615045 1 0 -0.9048270524660196 -0.4257792915650725
122.9933523880404 1 0 -0.8910065241883737 -0.4539904997395354
123.0247683145763 1 0 -0.8763066800438621 -0.4817536741017179
123.0561842411122 1 0 -0.8607420270039485 -0.5090414157503631
123.0876001676481 1 0 -0.8443279255020193 -0.5358267949789899
123.119016094184 1 0 -0.8270805742745654 -0.5620833778521253
123.1504320207199 1 0 -0.8090169943749502 -0.5877852522924693
123.1818479472558 1 0 -0.7901550123757011 -0.6129070536529627
123.2132638737917 1 0 -0.7705132427757903 -0.6374239897486885
123.2446798003276 1 0 -0.7501110696304596 -0.6613118653236518
123.2760957268635 1 0 -0.7289686274214201 -0.6845471059286795
123.3075116533994 1 0 -0.7071067811865454 -0.7071067811865497
123.3389275799353 1 0 -0.6845471059286956 -0.728968627421405
123.3703435064712 1 0 -0.6613118653236472 -0.7501110696304637
123.4017594330071 1 0 -0.6374239897486945 -0.7705132427757853
123.433175359543 1 0 -0.6129070536529801 -0.7901550123756875
123.4645912860789 1 0 -0.5877852522924756 -0.8090169943749456
123.4960072126148 1 0 -0.5620833778521318 -0.8270805742745609
123.5274231391507 1 0 -0.5358267949790085 -0.8443279255020075
123.5588390656866 1 0 -0.5090414157503699 -0.8607420270039445
123.5902549922225 1 0 -0.4817536741017248 -0.8763066800438584
123.6216709187584 1 0 -0.4539904997395424 -0.8910065241883701
123.6530868452943 1 0 -0.4257792915650796 -0.9048270524660162
123.6845027718302 1 0 -0.3971478906347862 -0.9177546256839787
123.7159186983661 1 0 -0.3681245526846821 -0.9297764858882498
123.747334624902 1 0 -0.3387379202452941 -0.9408807689542245
123.7787505514378 1 0 -0.3090169943749622 -0.9510565162951488
123.8101664779738 1 0 -0.2789911060392289 -0.9602936856769432
123.8415824045096 1 0 -0.2486898871648667 -0.9685831611286281
123.8729983310455 1 0 -0.218143241396553 -0.9759167619387451
123.9044142575815 1 0 -0.1873813145857196 -0.9822872507286896
123.9358301841173 1 0 -0.1564344650402383 -0.9876883405951365
123.9672461106532 1 0 -0.125333233564296 -0.9921147013144789
123.9986620371891 1 0 -0.09410831331851861 -0.9955619646030796
124.030077963725 1 0 -0.06279051952931608 -0.9980267284282713
124.0614938902609 1 0 -0.0314107590781294 -0.9995065603657315
124.0929098167968 1 0 4.917156615687063e-16 -1
124.1243257433327 1 0 0.03141075907811618 -0.9995065603657319
124.1557416698686 1 0 0.06279051952931705 -0.9980267284282713
124.1871575964045 1 0 0.09410831331850543 -0.9955619646030809
124.2185735229404 1 0 0.125333233564297 -0.9921147013144788
124.2499894494763 1 0 0.1564344650402252 -0.9876883405951387
124.2814053760122 1 0 0.1873813145857206 -0.9822872507286895
124.3128213025481 1 0 0.2181432413965401 -0.975916761938748
124.344237229084 1 0 0.2486898871648539 -0.9685831611286313
124.3756531556199 1 0 0.2789911060392162 -0.9602936856769468
124.4070690821558 1 0 0.3090169943749496 -0.9510565162951529
124.4384850086917 1 0 0.3387379202452817 -0.940880768954229
124.4699009352276 1 0 0.3681245526846698 -0.9297764858882547
124.5013168617635 1 0 0.3971478906347741 -0.917754625683984
124.5327327882994 1 0 0.4257792915650676 -0.9048270524660219
124.5641487148353 1 0 0.4539904997395306 -0.8910065241883761
124.5955646413712 1 0 0.4817536741017132 -0.8763066800438648
124.6269805679071 1 0 0.5090414157503707 -0.8607420270039441
124.658396494443 1 0 0.5358267949789973 -0.8443279255020146
124.6898124209789 1 0 0.5620833778521326 -0.8270805742745605
124.7212283475148 1 0 0.5877852522924648 -0.8090169943749534
124.7526442740507 1 0 0.6129070536529809 -0.790155012375687
124.7840602005866 1 0 0.6374239897486843 -0.7705132427757937
124.8154761271225 1 0 0.6613118653236478 -0.7501110696304631
124.8468920536584 1 0 0.6845471059286858 -0.7289686274214141
124.8783079801943 1 0 0.707106781186546 -0.7071067811865491
124.9097239067302 1 0 0.7289686274214013 -0.6845471059286995
124.9411398332661 1 0 0.7501110696304601 -0.6613118653236512
124.972555759802 1 0 0.7705132427757818 -0.6374239897486986
125.0039716863379 1 0 0.790155012375693 -0.6129070536529732
125.0353876128738 1 0 0.8090169943749425 -0.5877852522924799
125.0668035394097 1 0 0.8270805742745579 -0.5620833778521362
125.0982194659456 1 0 0.8443279255020123 -0.535826794979001
125.1296353924815 1 0 0.8607420270039418 -0.5090414157503744
125.1610513190173 1 0 0.8763066800438558 -0.4817536741017295
125.1924672455533 1 0 0.8910065241883677 -0.4539904997395472
125.2238831720891 1 0 0.904827052466014 -0.4257792915650844
125.255299098625 1 0 0.9177546256839766 -0.3971478906347911
125.286715025161 1 0 0.929776485888253 -0.3681245526846739
125.3181309516968 1 0 0.9408807689542227 -0.3387379202452991
125.3495468782328 1 0 0.9510565162951559 -0.3090169943749402
125.3809628047686 1 0 0.9602936856769416 -0.2789911060392341
125.4123787313045 1 0 0.9685831611286303 -0.2486898871648581
125.4437946578404 1 0 0.975916761938747 -0.2181432413965444
125.4752105843763 1 0 0.9822872507286886 -0.1873813145857249
125.5066265109122 1 0 0.9876883405951357 -0.1564344650402436
125.5380424374481 1 0 0.9921147013144782 -0.1253332335643013
125.569458363984 1 0 0.9955619646030791 -0.09410831331852397
125.6008742905199 1 0 0.998026728428271 -0.06279051952932145
125.6322902170558 1 0 0.9995065603657314 -0.03141075907813479
125.6637061435917 1 0 1 -4.898587196589413e-15
